Analysis & Synthesis report for rc4
Tue Aug 25 01:20:22 2026
Quartus Prime Version 16.1.2 Build 203 01/18/2017 SJ Lite Edition


---------------------
; Table of Contents ;
---------------------
  1. Legal Notice
  2. Analysis & Synthesis Summary
  3. Analysis & Synthesis Settings
  4. Analysis & Synthesis Default Parameter Settings
  5. Parallel Compilation
  6. Analysis & Synthesis Source Files Read
  7. Analysis & Synthesis Resource Usage Summary
  8. Analysis & Synthesis Resource Utilization by Entity
  9. Analysis & Synthesis RAM Summary
 10. Analysis & Synthesis IP Cores Summary
 11. Registers Removed During Synthesis
 12. General Register Statistics
 13. Inverted Register Statistics
 14. Multiplexer Restructuring Statistics (Restructuring Performed)
 15. Source assignments for s_memory:U0|altsyncram:altsyncram_component|altsyncram_m5b4:auto_generated|altsyncram_kq83:altsyncram1
 16. Source assignments for ROM:U4|altsyncram:altsyncram_component|altsyncram_ijg4:auto_generated|altsyncram_e2h3:altsyncram1
 17. Source assignments for RAM_Decrypt:U5|altsyncram:altsyncram_component|altsyncram_obb4:auto_generated|altsyncram_um83:altsyncram1
 18. Source assignments for s_memory:U02|altsyncram:altsyncram_component|altsyncram_m5b4:auto_generated|altsyncram_kq83:altsyncram1
 19. Source assignments for ROM:U42|altsyncram:altsyncram_component|altsyncram_ijg4:auto_generated|altsyncram_e2h3:altsyncram1
 20. Source assignments for RAM_Decrypt:U52|altsyncram:altsyncram_component|altsyncram_obb4:auto_generated|altsyncram_um83:altsyncram1
 21. Source assignments for s_memory:U03|altsyncram:altsyncram_component|altsyncram_m5b4:auto_generated|altsyncram_kq83:altsyncram1
 22. Source assignments for ROM:U43|altsyncram:altsyncram_component|altsyncram_ijg4:auto_generated|altsyncram_e2h3:altsyncram1
 23. Source assignments for RAM_Decrypt:U53|altsyncram:altsyncram_component|altsyncram_obb4:auto_generated|altsyncram_um83:altsyncram1
 24. Source assignments for s_memory:U04|altsyncram:altsyncram_component|altsyncram_m5b4:auto_generated|altsyncram_kq83:altsyncram1
 25. Source assignments for ROM:U44|altsyncram:altsyncram_component|altsyncram_ijg4:auto_generated|altsyncram_e2h3:altsyncram1
 26. Source assignments for RAM_Decrypt:U54|altsyncram:altsyncram_component|altsyncram_obb4:auto_generated|altsyncram_um83:altsyncram1
 27. Parameter Settings for User Entity Instance: s_memory:U0|altsyncram:altsyncram_component
 28. Parameter Settings for User Entity Instance: ROM:U4|altsyncram:altsyncram_component
 29. Parameter Settings for User Entity Instance: RAM_Decrypt:U5|altsyncram:altsyncram_component
 30. Parameter Settings for User Entity Instance: s_memory:U02|altsyncram:altsyncram_component
 31. Parameter Settings for User Entity Instance: ROM:U42|altsyncram:altsyncram_component
 32. Parameter Settings for User Entity Instance: RAM_Decrypt:U52|altsyncram:altsyncram_component
 33. Parameter Settings for User Entity Instance: s_memory:U03|altsyncram:altsyncram_component
 34. Parameter Settings for User Entity Instance: ROM:U43|altsyncram:altsyncram_component
 35. Parameter Settings for User Entity Instance: RAM_Decrypt:U53|altsyncram:altsyncram_component
 36. Parameter Settings for User Entity Instance: s_memory:U04|altsyncram:altsyncram_component
 37. Parameter Settings for User Entity Instance: ROM:U44|altsyncram:altsyncram_component
 38. Parameter Settings for User Entity Instance: RAM_Decrypt:U54|altsyncram:altsyncram_component
 39. Parameter Settings for Inferred Entity Instance: shuffle_mem:U2|lpm_divide:Mod0
 40. Parameter Settings for Inferred Entity Instance: shuffle_mem:U22|lpm_divide:Mod0
 41. Parameter Settings for Inferred Entity Instance: shuffle_mem:U23|lpm_divide:Mod0
 42. Parameter Settings for Inferred Entity Instance: shuffle_mem:U24|lpm_divide:Mod0
 43. altsyncram Parameter Settings by Entity Instance
 44. Port Connectivity Checks: "increment_key:U74"
 45. Port Connectivity Checks: "RAM_Decrypt:U54"
 46. Port Connectivity Checks: "shuffle_mem:U24"
 47. Port Connectivity Checks: "init_s_mem:U14"
 48. Port Connectivity Checks: "increment_key:U73"
 49. Port Connectivity Checks: "RAM_Decrypt:U53"
 50. Port Connectivity Checks: "shuffle_mem:U23"
 51. Port Connectivity Checks: "init_s_mem:U13"
 52. Port Connectivity Checks: "increment_key:U72"
 53. Port Connectivity Checks: "RAM_Decrypt:U52"
 54. Port Connectivity Checks: "shuffle_mem:U22"
 55. Port Connectivity Checks: "init_s_mem:U12"
 56. Port Connectivity Checks: "increment_key:U7"
 57. Port Connectivity Checks: "RAM_Decrypt:U5"
 58. Port Connectivity Checks: "shuffle_mem:U2"
 59. Port Connectivity Checks: "init_s_mem:U1"
 60. In-System Memory Content Editor Settings
 61. Post-Synthesis Netlist Statistics for Top Partition
 62. Elapsed Time Per Partition
 63. Analysis & Synthesis Messages



----------------
; Legal Notice ;
----------------
Copyright (C) 2017  Intel Corporation. All rights reserved.
Your use of Intel Corporation's design tools, logic functions 
and other software and tools, and its AMPP partner logic 
functions, and any output files from any of the foregoing 
(including device programming or simulation files), and any 
associated documentation or information are expressly subject 
to the terms and conditions of the Intel Program License 
Subscription Agreement, the Intel Quartus Prime License Agreement,
the Intel MegaCore Function License Agreement, or other 
applicable license agreement, including, without limitation, 
that your use is for the sole purpose of programming logic 
devices manufactured by Intel and sold by Intel or its 
authorized distributors.  Please refer to the applicable 
agreement for further details.



+-------------------------------------------------------------------------------+
; Analysis & Synthesis Summary                                                  ;
+---------------------------------+---------------------------------------------+
; Analysis & Synthesis Status     ; Successful - Tue Aug 25 01:20:22 2026       ;
; Quartus Prime Version           ; 16.1.2 Build 203 01/18/2017 SJ Lite Edition ;
; Revision Name                   ; rc4                                         ;
; Top-level Entity Name           ; ksa                                         ;
; Family                          ; Cyclone V                                   ;
; Logic utilization (in ALMs)     ; N/A                                         ;
; Total registers                 ; 1690                                        ;
; Total pins                      ; 67                                          ;
; Total virtual pins              ; 0                                           ;
; Total block memory bits         ; 10,240                                      ;
; Total DSP Blocks                ; 0                                           ;
; Total HSSI RX PCSs              ; 0                                           ;
; Total HSSI PMA RX Deserializers ; 0                                           ;
; Total HSSI TX PCSs              ; 0                                           ;
; Total HSSI PMA TX Serializers   ; 0                                           ;
; Total PLLs                      ; 0                                           ;
; Total DLLs                      ; 0                                           ;
+---------------------------------+---------------------------------------------+


+---------------------------------------------------------------------------------------------------------------------------+
; Analysis & Synthesis Settings                                                                                             ;
+---------------------------------------------------------------------------------+--------------------+--------------------+
; Option                                                                          ; Setting            ; Default Value      ;
+---------------------------------------------------------------------------------+--------------------+--------------------+
; Device                                                                          ; 5CSEMA5F31C6       ;                    ;
; Top-level entity name                                                           ; ksa                ; rc4                ;
; Family name                                                                     ; Cyclone V          ; Cyclone V          ;
; Verilog Show LMF Mapping Messages                                               ; Off                ;                    ;
; Verilog Version                                                                 ; SystemVerilog_2005 ; Verilog_2001       ;
; Extract Verilog State Machines                                                  ; Off                ; On                 ;
; Extract VHDL State Machines                                                     ; Off                ; On                 ;
; Iteration limit for non-constant Verilog loops                                  ; 5000               ; 250                ;
; Auto ROM Replacement                                                            ; Off                ; On                 ;
; Auto RAM Replacement                                                            ; Off                ; On                 ;
; Synchronization Register Chain Length                                           ; 2                  ; 3                  ;
; PowerPlay Power Optimization During Synthesis                                   ; Off                ; Normal compilation ;
; Use smart compilation                                                           ; Off                ; Off                ;
; Enable parallel Assembler and TimeQuest Timing Analyzer during compilation      ; On                 ; On                 ;
; Enable compact report table                                                     ; Off                ; Off                ;
; Restructure Multiplexers                                                        ; Auto               ; Auto               ;
; MLAB Add Timing Constraints For Mixed-Port Feed-Through Mode Setting Don't Care ; Off                ; Off                ;
; Create Debugging Nodes for IP Cores                                             ; Off                ; Off                ;
; Preserve fewer node names                                                       ; On                 ; On                 ;
; OpenCore Plus hardware evaluation                                               ; Enable             ; Enable             ;
; VHDL Version                                                                    ; VHDL_1993          ; VHDL_1993          ;
; State Machine Processing                                                        ; Auto               ; Auto               ;
; Safe State Machine                                                              ; Off                ; Off                ;
; Ignore Verilog initial constructs                                               ; Off                ; Off                ;
; Iteration limit for constant Verilog loops                                      ; 5000               ; 5000               ;
; Add Pass-Through Logic to Inferred RAMs                                         ; On                 ; On                 ;
; Infer RAMs from Raw Logic                                                       ; On                 ; On                 ;
; Parallel Synthesis                                                              ; On                 ; On                 ;
; DSP Block Balancing                                                             ; Auto               ; Auto               ;
; NOT Gate Push-Back                                                              ; On                 ; On                 ;
; Power-Up Don't Care                                                             ; On                 ; On                 ;
; Remove Redundant Logic Cells                                                    ; Off                ; Off                ;
; Remove Duplicate Registers                                                      ; On                 ; On                 ;
; Ignore CARRY Buffers                                                            ; Off                ; Off                ;
; Ignore CASCADE Buffers                                                          ; Off                ; Off                ;
; Ignore GLOBAL Buffers                                                           ; Off                ; Off                ;
; Ignore ROW GLOBAL Buffers                                                       ; Off                ; Off                ;
; Ignore LCELL Buffers                                                            ; Off                ; Off                ;
; Ignore SOFT Buffers                                                             ; On                 ; On                 ;
; Limit AHDL Integers to 32 Bits                                                  ; Off                ; Off                ;
; Optimization Technique                                                          ; Balanced           ; Balanced           ;
; Carry Chain Length                                                              ; 70                 ; 70                 ;
; Auto Carry Chains                                                               ; On                 ; On                 ;
; Auto Open-Drain Pins                                                            ; On                 ; On                 ;
; Perform WYSIWYG Primitive Resynthesis                                           ; Off                ; Off                ;
; Auto DSP Block Replacement                                                      ; On                 ; On                 ;
; Auto Shift Register Replacement                                                 ; Auto               ; Auto               ;
; Allow Shift Register Merging across Hierarchies                                 ; Auto               ; Auto               ;
; Auto Clock Enable Replacement                                                   ; On                 ; On                 ;
; Strict RAM Replacement                                                          ; Off                ; Off                ;
; Allow Synchronous Control Signals                                               ; On                 ; On                 ;
; Force Use of Synchronous Clear Signals                                          ; Off                ; Off                ;
; Auto Resource Sharing                                                           ; Off                ; Off                ;
; Allow Any RAM Size For Recognition                                              ; Off                ; Off                ;
; Allow Any ROM Size For Recognition                                              ; Off                ; Off                ;
; Allow Any Shift Register Size For Recognition                                   ; Off                ; Off                ;
; Use LogicLock Constraints during Resource Balancing                             ; On                 ; On                 ;
; Ignore translate_off and synthesis_off directives                               ; Off                ; Off                ;
; Timing-Driven Synthesis                                                         ; On                 ; On                 ;
; Report Parameter Settings                                                       ; On                 ; On                 ;
; Report Source Assignments                                                       ; On                 ; On                 ;
; Report Connectivity Checks                                                      ; On                 ; On                 ;
; Ignore Maximum Fan-Out Assignments                                              ; Off                ; Off                ;
; HDL message level                                                               ; Level2             ; Level2             ;
; Suppress Register Optimization Related Messages                                 ; Off                ; Off                ;
; Number of Removed Registers Reported in Synthesis Report                        ; 5000               ; 5000               ;
; Number of Swept Nodes Reported in Synthesis Report                              ; 5000               ; 5000               ;
; Number of Inverted Registers Reported in Synthesis Report                       ; 100                ; 100                ;
; Clock MUX Protection                                                            ; On                 ; On                 ;
; Auto Gated Clock Conversion                                                     ; Off                ; Off                ;
; Block Design Naming                                                             ; Auto               ; Auto               ;
; SDC constraint protection                                                       ; Off                ; Off                ;
; Synthesis Effort                                                                ; Auto               ; Auto               ;
; Shift Register Replacement - Allow Asynchronous Clear Signal                    ; On                 ; On                 ;
; Pre-Mapping Resynthesis Optimization                                            ; Off                ; Off                ;
; Analysis & Synthesis Message Level                                              ; Medium             ; Medium             ;
; Disable Register Merging Across Hierarchies                                     ; Auto               ; Auto               ;
; Resource Aware Inference For Block RAM                                          ; On                 ; On                 ;
; Automatic Parallel Synthesis                                                    ; On                 ; On                 ;
; Partial Reconfiguration Bitstream ID                                            ; Off                ; Off                ;
+---------------------------------------------------------------------------------+--------------------+--------------------+


+-------------------------------------------------+
; Analysis & Synthesis Default Parameter Settings ;
+------+------------------------------------------+
; Name ; Setting                                  ;
+------+------------------------------------------+
;      ; RESTRUCTURE                              ;
+------+------------------------------------------+


+------------------------------------------+
; Parallel Compilation                     ;
+----------------------------+-------------+
; Processors                 ; Number      ;
+----------------------------+-------------+
; Number detected on machine ; 12          ;
; Maximum allowed            ; 12          ;
;                            ;             ;
; Average used               ; 1.00        ;
; Maximum used               ; 12          ;
;                            ;             ;
; Usage by Processor         ; % Time Used ;
;     Processor 1            ; 100.0%      ;
;     Processor 2            ;   0.0%      ;
;     Processor 3            ;   0.0%      ;
;     Processor 4            ;   0.0%      ;
;     Processor 5            ;   0.0%      ;
;     Processor 6            ;   0.0%      ;
;     Processor 7            ;   0.0%      ;
;     Processor 8            ;   0.0%      ;
;     Processors 9-12        ;   0.0%      ;
+----------------------------+-------------+


+---------------------------------------------------------------------------------------------------------------------------------------------------------------------------------------------------------------------------------------------------------------------------------------------------+
; Analysis & Synthesis Source Files Read                                                                                                                                                                                                                                                            ;
+--------------------------------------------------------------------+-----------------+----------------------------------------------+-----------------------------------------------------------------------------------------------------------------------------------------------+-------------+
; File Name with User-Entered Path                                   ; Used in Netlist ; File Type                                    ; File Name with Absolute Path                                                                                                                  ; Library     ;
+--------------------------------------------------------------------+-----------------+----------------------------------------------+-----------------------------------------------------------------------------------------------------------------------------------------------+-------------+
; RTL/increment_key.sv                                               ; yes             ; User SystemVerilog HDL File                  ; C:/Users/2005B/OneDrive/Desktop/Courses/CPEN 311/Labs/Lab4/template_de1soc/RTL/increment_key.sv                                               ;             ;
; RTL/decrypter.sv                                                   ; yes             ; User SystemVerilog HDL File                  ; C:/Users/2005B/OneDrive/Desktop/Courses/CPEN 311/Labs/Lab4/template_de1soc/RTL/decrypter.sv                                                   ;             ;
; RTL/shuffle_mem.sv                                                 ; yes             ; User SystemVerilog HDL File                  ; C:/Users/2005B/OneDrive/Desktop/Courses/CPEN 311/Labs/Lab4/template_de1soc/RTL/shuffle_mem.sv                                                 ;             ;
; RTL/init_s_mem.sv                                                  ; yes             ; User SystemVerilog HDL File                  ; C:/Users/2005B/OneDrive/Desktop/Courses/CPEN 311/Labs/Lab4/template_de1soc/RTL/init_s_mem.sv                                                  ;             ;
; RTL/data_selector.sv                                               ; yes             ; User SystemVerilog HDL File                  ; C:/Users/2005B/OneDrive/Desktop/Courses/CPEN 311/Labs/Lab4/template_de1soc/RTL/data_selector.sv                                               ;             ;
; ksa.sv                                                             ; yes             ; User SystemVerilog HDL File                  ; C:/Users/2005B/OneDrive/Desktop/Courses/CPEN 311/Labs/Lab4/template_de1soc/ksa.sv                                                             ;             ;
; s_memory.vhd                                                       ; yes             ; User Wizard-Generated File                   ; C:/Users/2005B/OneDrive/Desktop/Courses/CPEN 311/Labs/Lab4/template_de1soc/s_memory.vhd                                                       ;             ;
; ROM.vhd                                                            ; yes             ; User Wizard-Generated File                   ; C:/Users/2005B/OneDrive/Desktop/Courses/CPEN 311/Labs/Lab4/template_de1soc/ROM.vhd                                                            ;             ;
; RAM_Decrypt.vhd                                                    ; yes             ; User Wizard-Generated File                   ; C:/Users/2005B/OneDrive/Desktop/Courses/CPEN 311/Labs/Lab4/template_de1soc/RAM_Decrypt.vhd                                                    ;             ;
; altsyncram.tdf                                                     ; yes             ; Megafunction                                 ; c:/intelfpga_lite/16.1/quartus/libraries/megafunctions/altsyncram.tdf                                                                         ;             ;
; stratix_ram_block.inc                                              ; yes             ; Megafunction                                 ; c:/intelfpga_lite/16.1/quartus/libraries/megafunctions/stratix_ram_block.inc                                                                  ;             ;
; lpm_mux.inc                                                        ; yes             ; Megafunction                                 ; c:/intelfpga_lite/16.1/quartus/libraries/megafunctions/lpm_mux.inc                                                                            ;             ;
; lpm_decode.inc                                                     ; yes             ; Megafunction                                 ; c:/intelfpga_lite/16.1/quartus/libraries/megafunctions/lpm_decode.inc                                                                         ;             ;
; aglobal161.inc                                                     ; yes             ; Megafunction                                 ; c:/intelfpga_lite/16.1/quartus/libraries/megafunctions/aglobal161.inc                                                                         ;             ;
; a_rdenreg.inc                                                      ; yes             ; Megafunction                                 ; c:/intelfpga_lite/16.1/quartus/libraries/megafunctions/a_rdenreg.inc                                                                          ;             ;
; altrom.inc                                                         ; yes             ; Megafunction                                 ; c:/intelfpga_lite/16.1/quartus/libraries/megafunctions/altrom.inc                                                                             ;             ;
; altram.inc                                                         ; yes             ; Megafunction                                 ; c:/intelfpga_lite/16.1/quartus/libraries/megafunctions/altram.inc                                                                             ;             ;
; altdpram.inc                                                       ; yes             ; Megafunction                                 ; c:/intelfpga_lite/16.1/quartus/libraries/megafunctions/altdpram.inc                                                                           ;             ;
; db/altsyncram_m5b4.tdf                                             ; yes             ; Auto-Generated Megafunction                  ; C:/Users/2005B/OneDrive/Desktop/Courses/CPEN 311/Labs/Lab4/template_de1soc/db/altsyncram_m5b4.tdf                                             ;             ;
; db/altsyncram_kq83.tdf                                             ; yes             ; Auto-Generated Megafunction                  ; C:/Users/2005B/OneDrive/Desktop/Courses/CPEN 311/Labs/Lab4/template_de1soc/db/altsyncram_kq83.tdf                                             ;             ;
; sld_mod_ram_rom.vhd                                                ; yes             ; Encrypted Megafunction                       ; c:/intelfpga_lite/16.1/quartus/libraries/megafunctions/sld_mod_ram_rom.vhd                                                                    ;             ;
; sld_jtag_endpoint_adapter.vhd                                      ; yes             ; Encrypted Megafunction                       ; c:/intelfpga_lite/16.1/quartus/libraries/megafunctions/sld_jtag_endpoint_adapter.vhd                                                          ;             ;
; sld_jtag_endpoint_adapter_impl.sv                                  ; yes             ; Encrypted Megafunction                       ; c:/intelfpga_lite/16.1/quartus/libraries/megafunctions/sld_jtag_endpoint_adapter_impl.sv                                                      ;             ;
; sld_rom_sr.vhd                                                     ; yes             ; Encrypted Megafunction                       ; c:/intelfpga_lite/16.1/quartus/libraries/megafunctions/sld_rom_sr.vhd                                                                         ;             ;
; db/altsyncram_ijg4.tdf                                             ; yes             ; Auto-Generated Megafunction                  ; C:/Users/2005B/OneDrive/Desktop/Courses/CPEN 311/Labs/Lab4/template_de1soc/db/altsyncram_ijg4.tdf                                             ;             ;
; db/altsyncram_e2h3.tdf                                             ; yes             ; Auto-Generated Megafunction                  ; C:/Users/2005B/OneDrive/Desktop/Courses/CPEN 311/Labs/Lab4/template_de1soc/db/altsyncram_e2h3.tdf                                             ;             ;
; ../secret_messages/msg_8_for_task3/message.mif                     ; yes             ; Auto-Found Memory Initialization File        ; C:/Users/2005B/OneDrive/Desktop/Courses/CPEN 311/Labs/Lab4/template_de1soc/secret_messages/msg_8_for_task3/message.mif                        ;             ;
; db/altsyncram_obb4.tdf                                             ; yes             ; Auto-Generated Megafunction                  ; C:/Users/2005B/OneDrive/Desktop/Courses/CPEN 311/Labs/Lab4/template_de1soc/db/altsyncram_obb4.tdf                                             ;             ;
; db/altsyncram_um83.tdf                                             ; yes             ; Auto-Generated Megafunction                  ; C:/Users/2005B/OneDrive/Desktop/Courses/CPEN 311/Labs/Lab4/template_de1soc/db/altsyncram_um83.tdf                                             ;             ;
; sevensegmentdisplaydecoder.sv                                      ; yes             ; Auto-Found SystemVerilog HDL File            ; C:/Users/2005B/OneDrive/Desktop/Courses/CPEN 311/Labs/Lab4/template_de1soc/sevensegmentdisplaydecoder.sv                                      ;             ;
; sld_hub.vhd                                                        ; yes             ; Encrypted Megafunction                       ; c:/intelfpga_lite/16.1/quartus/libraries/megafunctions/sld_hub.vhd                                                                            ; altera_sld  ;
; db/ip/sld73f98f60/alt_sld_fab.v                                    ; yes             ; Encrypted Auto-Found Verilog HDL File        ; C:/Users/2005B/OneDrive/Desktop/Courses/CPEN 311/Labs/Lab4/template_de1soc/db/ip/sld73f98f60/alt_sld_fab.v                                    ; alt_sld_fab ;
; db/ip/sld73f98f60/submodules/alt_sld_fab_alt_sld_fab.v             ; yes             ; Encrypted Auto-Found Verilog HDL File        ; C:/Users/2005B/OneDrive/Desktop/Courses/CPEN 311/Labs/Lab4/template_de1soc/db/ip/sld73f98f60/submodules/alt_sld_fab_alt_sld_fab.v             ; alt_sld_fab ;
; db/ip/sld73f98f60/submodules/alt_sld_fab_alt_sld_fab_ident.sv      ; yes             ; Auto-Found SystemVerilog HDL File            ; C:/Users/2005B/OneDrive/Desktop/Courses/CPEN 311/Labs/Lab4/template_de1soc/db/ip/sld73f98f60/submodules/alt_sld_fab_alt_sld_fab_ident.sv      ; alt_sld_fab ;
; db/ip/sld73f98f60/submodules/alt_sld_fab_alt_sld_fab_presplit.sv   ; yes             ; Encrypted Auto-Found SystemVerilog HDL File  ; C:/Users/2005B/OneDrive/Desktop/Courses/CPEN 311/Labs/Lab4/template_de1soc/db/ip/sld73f98f60/submodules/alt_sld_fab_alt_sld_fab_presplit.sv   ; alt_sld_fab ;
; db/ip/sld73f98f60/submodules/alt_sld_fab_alt_sld_fab_sldfabric.vhd ; yes             ; Encrypted Auto-Found VHDL File               ; C:/Users/2005B/OneDrive/Desktop/Courses/CPEN 311/Labs/Lab4/template_de1soc/db/ip/sld73f98f60/submodules/alt_sld_fab_alt_sld_fab_sldfabric.vhd ; alt_sld_fab ;
; db/ip/sld73f98f60/submodules/alt_sld_fab_alt_sld_fab_splitter.sv   ; yes             ; Encrypted Auto-Found SystemVerilog HDL File  ; C:/Users/2005B/OneDrive/Desktop/Courses/CPEN 311/Labs/Lab4/template_de1soc/db/ip/sld73f98f60/submodules/alt_sld_fab_alt_sld_fab_splitter.sv   ; alt_sld_fab ;
; sld_jtag_hub.vhd                                                   ; yes             ; Encrypted Megafunction                       ; c:/intelfpga_lite/16.1/quartus/libraries/megafunctions/sld_jtag_hub.vhd                                                                       ;             ;
; lpm_divide.tdf                                                     ; yes             ; Megafunction                                 ; c:/intelfpga_lite/16.1/quartus/libraries/megafunctions/lpm_divide.tdf                                                                         ;             ;
; abs_divider.inc                                                    ; yes             ; Megafunction                                 ; c:/intelfpga_lite/16.1/quartus/libraries/megafunctions/abs_divider.inc                                                                        ;             ;
; sign_div_unsign.inc                                                ; yes             ; Megafunction                                 ; c:/intelfpga_lite/16.1/quartus/libraries/megafunctions/sign_div_unsign.inc                                                                    ;             ;
; db/lpm_divide_62m.tdf                                              ; yes             ; Auto-Generated Megafunction                  ; C:/Users/2005B/OneDrive/Desktop/Courses/CPEN 311/Labs/Lab4/template_de1soc/db/lpm_divide_62m.tdf                                              ;             ;
; db/sign_div_unsign_9kh.tdf                                         ; yes             ; Auto-Generated Megafunction                  ; C:/Users/2005B/OneDrive/Desktop/Courses/CPEN 311/Labs/Lab4/template_de1soc/db/sign_div_unsign_9kh.tdf                                         ;             ;
; db/alt_u_div_ose.tdf                                               ; yes             ; Auto-Generated Megafunction                  ; C:/Users/2005B/OneDrive/Desktop/Courses/CPEN 311/Labs/Lab4/template_de1soc/db/alt_u_div_ose.tdf                                               ;             ;
+--------------------------------------------------------------------+-----------------+----------------------------------------------+-----------------------------------------------------------------------------------------------------------------------------------------------+-------------+


+--------------------------------------------------------------+
; Analysis & Synthesis Resource Usage Summary                  ;
+---------------------------------------------+----------------+
; Resource                                    ; Usage          ;
+---------------------------------------------+----------------+
; Estimate of Logic utilization (ALMs needed) ; 1318           ;
;                                             ;                ;
; Combinational ALUT usage for logic          ; 1799           ;
;     -- 7 input functions                    ; 28             ;
;     -- 6 input functions                    ; 368            ;
;     -- 5 input functions                    ; 401            ;
;     -- 4 input functions                    ; 272            ;
;     -- <=3 input functions                  ; 730            ;
;                                             ;                ;
; Dedicated logic registers                   ; 1690           ;
;                                             ;                ;
; I/O pins                                    ; 67             ;
; Total MLAB memory bits                      ; 0              ;
; Total block memory bits                     ; 10240          ;
;                                             ;                ;
; Total DSP Blocks                            ; 0              ;
;                                             ;                ;
; Maximum fan-out node                        ; CLOCK_50~input ;
; Maximum fan-out                             ; 1092           ;
; Total fan-out                               ; 15968          ;
; Average fan-out                             ; 4.28           ;
+---------------------------------------------+----------------+


+-------------------------------------------------------------------------------------------------------------------------------------------------------------------------------------------------------------------------------------------------------------------------------------------------------------------------------------------------------------------------------------------------------------------------------------------------------------------------------------------------------------------------------------------------------------------------------------------------------------------------------------------------------+
; Analysis & Synthesis Resource Utilization by Entity                                                                                                                                                                                                                                                                                                                                                                                                                                                                                                                                                                                                   ;
+-----------------------------------------------------------------------------------------------------------------------------------------+---------------------+---------------------------+-------------------+------------+------+--------------+-------------------------------------------------------------------------------------------------------------------------------------------------------------------------------------------------------------------------------------------------------------------------------------------------------------------------------------------------+-----------------------------------+--------------+
; Compilation Hierarchy Node                                                                                                              ; Combinational ALUTs ; Dedicated Logic Registers ; Block Memory Bits ; DSP Blocks ; Pins ; Virtual Pins ; Full Hierarchy Name                                                                                                                                                                                                                                                                                                                             ; Entity Name                       ; Library Name ;
+-----------------------------------------------------------------------------------------------------------------------------------------+---------------------+---------------------------+-------------------+------------+------+--------------+-------------------------------------------------------------------------------------------------------------------------------------------------------------------------------------------------------------------------------------------------------------------------------------------------------------------------------------------------+-----------------------------------+--------------+
; |ksa                                                                                                                                    ; 1799 (28)           ; 1690 (0)                  ; 10240             ; 0          ; 67   ; 0            ; |ksa                                                                                                                                                                                                                                                                                                                                            ; ksa                               ; work         ;
;    |RAM_Decrypt:U52|                                                                                                                    ; 37 (0)              ; 32 (0)                    ; 256               ; 0          ; 0    ; 0            ; |ksa|RAM_Decrypt:U52                                                                                                                                                                                                                                                                                                                            ; RAM_Decrypt                       ; work         ;
;       |altsyncram:altsyncram_component|                                                                                                 ; 37 (0)              ; 32 (0)                    ; 256               ; 0          ; 0    ; 0            ; |ksa|RAM_Decrypt:U52|altsyncram:altsyncram_component                                                                                                                                                                                                                                                                                            ; altsyncram                        ; work         ;
;          |altsyncram_obb4:auto_generated|                                                                                               ; 37 (0)              ; 32 (0)                    ; 256               ; 0          ; 0    ; 0            ; |ksa|RAM_Decrypt:U52|altsyncram:altsyncram_component|altsyncram_obb4:auto_generated                                                                                                                                                                                                                                                             ; altsyncram_obb4                   ; work         ;
;             |altsyncram_um83:altsyncram1|                                                                                               ; 0 (0)               ; 0 (0)                     ; 256               ; 0          ; 0    ; 0            ; |ksa|RAM_Decrypt:U52|altsyncram:altsyncram_component|altsyncram_obb4:auto_generated|altsyncram_um83:altsyncram1                                                                                                                                                                                                                                 ; altsyncram_um83                   ; work         ;
;             |sld_mod_ram_rom:mgl_prim2|                                                                                                 ; 37 (20)             ; 32 (23)                   ; 0                 ; 0          ; 0    ; 0            ; |ksa|RAM_Decrypt:U52|altsyncram:altsyncram_component|altsyncram_obb4:auto_generated|sld_mod_ram_rom:mgl_prim2                                                                                                                                                                                                                                   ; sld_mod_ram_rom                   ; work         ;
;                |sld_rom_sr:\ram_rom_logic_gen:name_gen:info_rom_sr|                                                                     ; 17 (17)             ; 9 (9)                     ; 0                 ; 0          ; 0    ; 0            ; |ksa|RAM_Decrypt:U52|altsyncram:altsyncram_component|altsyncram_obb4:auto_generated|sld_mod_ram_rom:mgl_prim2|sld_rom_sr:\ram_rom_logic_gen:name_gen:info_rom_sr                                                                                                                                                                                ; sld_rom_sr                        ; work         ;
;    |RAM_Decrypt:U53|                                                                                                                    ; 37 (0)              ; 32 (0)                    ; 256               ; 0          ; 0    ; 0            ; |ksa|RAM_Decrypt:U53                                                                                                                                                                                                                                                                                                                            ; RAM_Decrypt                       ; work         ;
;       |altsyncram:altsyncram_component|                                                                                                 ; 37 (0)              ; 32 (0)                    ; 256               ; 0          ; 0    ; 0            ; |ksa|RAM_Decrypt:U53|altsyncram:altsyncram_component                                                                                                                                                                                                                                                                                            ; altsyncram                        ; work         ;
;          |altsyncram_obb4:auto_generated|                                                                                               ; 37 (0)              ; 32 (0)                    ; 256               ; 0          ; 0    ; 0            ; |ksa|RAM_Decrypt:U53|altsyncram:altsyncram_component|altsyncram_obb4:auto_generated                                                                                                                                                                                                                                                             ; altsyncram_obb4                   ; work         ;
;             |altsyncram_um83:altsyncram1|                                                                                               ; 0 (0)               ; 0 (0)                     ; 256               ; 0          ; 0    ; 0            ; |ksa|RAM_Decrypt:U53|altsyncram:altsyncram_component|altsyncram_obb4:auto_generated|altsyncram_um83:altsyncram1                                                                                                                                                                                                                                 ; altsyncram_um83                   ; work         ;
;             |sld_mod_ram_rom:mgl_prim2|                                                                                                 ; 37 (20)             ; 32 (23)                   ; 0                 ; 0          ; 0    ; 0            ; |ksa|RAM_Decrypt:U53|altsyncram:altsyncram_component|altsyncram_obb4:auto_generated|sld_mod_ram_rom:mgl_prim2                                                                                                                                                                                                                                   ; sld_mod_ram_rom                   ; work         ;
;                |sld_rom_sr:\ram_rom_logic_gen:name_gen:info_rom_sr|                                                                     ; 17 (17)             ; 9 (9)                     ; 0                 ; 0          ; 0    ; 0            ; |ksa|RAM_Decrypt:U53|altsyncram:altsyncram_component|altsyncram_obb4:auto_generated|sld_mod_ram_rom:mgl_prim2|sld_rom_sr:\ram_rom_logic_gen:name_gen:info_rom_sr                                                                                                                                                                                ; sld_rom_sr                        ; work         ;
;    |RAM_Decrypt:U54|                                                                                                                    ; 37 (0)              ; 32 (0)                    ; 256               ; 0          ; 0    ; 0            ; |ksa|RAM_Decrypt:U54                                                                                                                                                                                                                                                                                                                            ; RAM_Decrypt                       ; work         ;
;       |altsyncram:altsyncram_component|                                                                                                 ; 37 (0)              ; 32 (0)                    ; 256               ; 0          ; 0    ; 0            ; |ksa|RAM_Decrypt:U54|altsyncram:altsyncram_component                                                                                                                                                                                                                                                                                            ; altsyncram                        ; work         ;
;          |altsyncram_obb4:auto_generated|                                                                                               ; 37 (0)              ; 32 (0)                    ; 256               ; 0          ; 0    ; 0            ; |ksa|RAM_Decrypt:U54|altsyncram:altsyncram_component|altsyncram_obb4:auto_generated                                                                                                                                                                                                                                                             ; altsyncram_obb4                   ; work         ;
;             |altsyncram_um83:altsyncram1|                                                                                               ; 0 (0)               ; 0 (0)                     ; 256               ; 0          ; 0    ; 0            ; |ksa|RAM_Decrypt:U54|altsyncram:altsyncram_component|altsyncram_obb4:auto_generated|altsyncram_um83:altsyncram1                                                                                                                                                                                                                                 ; altsyncram_um83                   ; work         ;
;             |sld_mod_ram_rom:mgl_prim2|                                                                                                 ; 37 (20)             ; 32 (23)                   ; 0                 ; 0          ; 0    ; 0            ; |ksa|RAM_Decrypt:U54|altsyncram:altsyncram_component|altsyncram_obb4:auto_generated|sld_mod_ram_rom:mgl_prim2                                                                                                                                                                                                                                   ; sld_mod_ram_rom                   ; work         ;
;                |sld_rom_sr:\ram_rom_logic_gen:name_gen:info_rom_sr|                                                                     ; 17 (17)             ; 9 (9)                     ; 0                 ; 0          ; 0    ; 0            ; |ksa|RAM_Decrypt:U54|altsyncram:altsyncram_component|altsyncram_obb4:auto_generated|sld_mod_ram_rom:mgl_prim2|sld_rom_sr:\ram_rom_logic_gen:name_gen:info_rom_sr                                                                                                                                                                                ; sld_rom_sr                        ; work         ;
;    |RAM_Decrypt:U5|                                                                                                                     ; 37 (0)              ; 32 (0)                    ; 256               ; 0          ; 0    ; 0            ; |ksa|RAM_Decrypt:U5                                                                                                                                                                                                                                                                                                                             ; RAM_Decrypt                       ; work         ;
;       |altsyncram:altsyncram_component|                                                                                                 ; 37 (0)              ; 32 (0)                    ; 256               ; 0          ; 0    ; 0            ; |ksa|RAM_Decrypt:U5|altsyncram:altsyncram_component                                                                                                                                                                                                                                                                                             ; altsyncram                        ; work         ;
;          |altsyncram_obb4:auto_generated|                                                                                               ; 37 (0)              ; 32 (0)                    ; 256               ; 0          ; 0    ; 0            ; |ksa|RAM_Decrypt:U5|altsyncram:altsyncram_component|altsyncram_obb4:auto_generated                                                                                                                                                                                                                                                              ; altsyncram_obb4                   ; work         ;
;             |altsyncram_um83:altsyncram1|                                                                                               ; 0 (0)               ; 0 (0)                     ; 256               ; 0          ; 0    ; 0            ; |ksa|RAM_Decrypt:U5|altsyncram:altsyncram_component|altsyncram_obb4:auto_generated|altsyncram_um83:altsyncram1                                                                                                                                                                                                                                  ; altsyncram_um83                   ; work         ;
;             |sld_mod_ram_rom:mgl_prim2|                                                                                                 ; 37 (20)             ; 32 (23)                   ; 0                 ; 0          ; 0    ; 0            ; |ksa|RAM_Decrypt:U5|altsyncram:altsyncram_component|altsyncram_obb4:auto_generated|sld_mod_ram_rom:mgl_prim2                                                                                                                                                                                                                                    ; sld_mod_ram_rom                   ; work         ;
;                |sld_rom_sr:\ram_rom_logic_gen:name_gen:info_rom_sr|                                                                     ; 17 (17)             ; 9 (9)                     ; 0                 ; 0          ; 0    ; 0            ; |ksa|RAM_Decrypt:U5|altsyncram:altsyncram_component|altsyncram_obb4:auto_generated|sld_mod_ram_rom:mgl_prim2|sld_rom_sr:\ram_rom_logic_gen:name_gen:info_rom_sr                                                                                                                                                                                 ; sld_rom_sr                        ; work         ;
;    |ROM:U42|                                                                                                                            ; 37 (0)              ; 32 (0)                    ; 256               ; 0          ; 0    ; 0            ; |ksa|ROM:U42                                                                                                                                                                                                                                                                                                                                    ; ROM                               ; work         ;
;       |altsyncram:altsyncram_component|                                                                                                 ; 37 (0)              ; 32 (0)                    ; 256               ; 0          ; 0    ; 0            ; |ksa|ROM:U42|altsyncram:altsyncram_component                                                                                                                                                                                                                                                                                                    ; altsyncram                        ; work         ;
;          |altsyncram_ijg4:auto_generated|                                                                                               ; 37 (0)              ; 32 (0)                    ; 256               ; 0          ; 0    ; 0            ; |ksa|ROM:U42|altsyncram:altsyncram_component|altsyncram_ijg4:auto_generated                                                                                                                                                                                                                                                                     ; altsyncram_ijg4                   ; work         ;
;             |altsyncram_e2h3:altsyncram1|                                                                                               ; 0 (0)               ; 0 (0)                     ; 256               ; 0          ; 0    ; 0            ; |ksa|ROM:U42|altsyncram:altsyncram_component|altsyncram_ijg4:auto_generated|altsyncram_e2h3:altsyncram1                                                                                                                                                                                                                                         ; altsyncram_e2h3                   ; work         ;
;             |sld_mod_ram_rom:mgl_prim2|                                                                                                 ; 37 (20)             ; 32 (23)                   ; 0                 ; 0          ; 0    ; 0            ; |ksa|ROM:U42|altsyncram:altsyncram_component|altsyncram_ijg4:auto_generated|sld_mod_ram_rom:mgl_prim2                                                                                                                                                                                                                                           ; sld_mod_ram_rom                   ; work         ;
;                |sld_rom_sr:\ram_rom_logic_gen:name_gen:info_rom_sr|                                                                     ; 17 (17)             ; 9 (9)                     ; 0                 ; 0          ; 0    ; 0            ; |ksa|ROM:U42|altsyncram:altsyncram_component|altsyncram_ijg4:auto_generated|sld_mod_ram_rom:mgl_prim2|sld_rom_sr:\ram_rom_logic_gen:name_gen:info_rom_sr                                                                                                                                                                                        ; sld_rom_sr                        ; work         ;
;    |ROM:U43|                                                                                                                            ; 37 (0)              ; 32 (0)                    ; 256               ; 0          ; 0    ; 0            ; |ksa|ROM:U43                                                                                                                                                                                                                                                                                                                                    ; ROM                               ; work         ;
;       |altsyncram:altsyncram_component|                                                                                                 ; 37 (0)              ; 32 (0)                    ; 256               ; 0          ; 0    ; 0            ; |ksa|ROM:U43|altsyncram:altsyncram_component                                                                                                                                                                                                                                                                                                    ; altsyncram                        ; work         ;
;          |altsyncram_ijg4:auto_generated|                                                                                               ; 37 (0)              ; 32 (0)                    ; 256               ; 0          ; 0    ; 0            ; |ksa|ROM:U43|altsyncram:altsyncram_component|altsyncram_ijg4:auto_generated                                                                                                                                                                                                                                                                     ; altsyncram_ijg4                   ; work         ;
;             |altsyncram_e2h3:altsyncram1|                                                                                               ; 0 (0)               ; 0 (0)                     ; 256               ; 0          ; 0    ; 0            ; |ksa|ROM:U43|altsyncram:altsyncram_component|altsyncram_ijg4:auto_generated|altsyncram_e2h3:altsyncram1                                                                                                                                                                                                                                         ; altsyncram_e2h3                   ; work         ;
;             |sld_mod_ram_rom:mgl_prim2|                                                                                                 ; 37 (20)             ; 32 (23)                   ; 0                 ; 0          ; 0    ; 0            ; |ksa|ROM:U43|altsyncram:altsyncram_component|altsyncram_ijg4:auto_generated|sld_mod_ram_rom:mgl_prim2                                                                                                                                                                                                                                           ; sld_mod_ram_rom                   ; work         ;
;                |sld_rom_sr:\ram_rom_logic_gen:name_gen:info_rom_sr|                                                                     ; 17 (17)             ; 9 (9)                     ; 0                 ; 0          ; 0    ; 0            ; |ksa|ROM:U43|altsyncram:altsyncram_component|altsyncram_ijg4:auto_generated|sld_mod_ram_rom:mgl_prim2|sld_rom_sr:\ram_rom_logic_gen:name_gen:info_rom_sr                                                                                                                                                                                        ; sld_rom_sr                        ; work         ;
;    |ROM:U44|                                                                                                                            ; 37 (0)              ; 32 (0)                    ; 256               ; 0          ; 0    ; 0            ; |ksa|ROM:U44                                                                                                                                                                                                                                                                                                                                    ; ROM                               ; work         ;
;       |altsyncram:altsyncram_component|                                                                                                 ; 37 (0)              ; 32 (0)                    ; 256               ; 0          ; 0    ; 0            ; |ksa|ROM:U44|altsyncram:altsyncram_component                                                                                                                                                                                                                                                                                                    ; altsyncram                        ; work         ;
;          |altsyncram_ijg4:auto_generated|                                                                                               ; 37 (0)              ; 32 (0)                    ; 256               ; 0          ; 0    ; 0            ; |ksa|ROM:U44|altsyncram:altsyncram_component|altsyncram_ijg4:auto_generated                                                                                                                                                                                                                                                                     ; altsyncram_ijg4                   ; work         ;
;             |altsyncram_e2h3:altsyncram1|                                                                                               ; 0 (0)               ; 0 (0)                     ; 256               ; 0          ; 0    ; 0            ; |ksa|ROM:U44|altsyncram:altsyncram_component|altsyncram_ijg4:auto_generated|altsyncram_e2h3:altsyncram1                                                                                                                                                                                                                                         ; altsyncram_e2h3                   ; work         ;
;             |sld_mod_ram_rom:mgl_prim2|                                                                                                 ; 37 (20)             ; 32 (23)                   ; 0                 ; 0          ; 0    ; 0            ; |ksa|ROM:U44|altsyncram:altsyncram_component|altsyncram_ijg4:auto_generated|sld_mod_ram_rom:mgl_prim2                                                                                                                                                                                                                                           ; sld_mod_ram_rom                   ; work         ;
;                |sld_rom_sr:\ram_rom_logic_gen:name_gen:info_rom_sr|                                                                     ; 17 (17)             ; 9 (9)                     ; 0                 ; 0          ; 0    ; 0            ; |ksa|ROM:U44|altsyncram:altsyncram_component|altsyncram_ijg4:auto_generated|sld_mod_ram_rom:mgl_prim2|sld_rom_sr:\ram_rom_logic_gen:name_gen:info_rom_sr                                                                                                                                                                                        ; sld_rom_sr                        ; work         ;
;    |ROM:U4|                                                                                                                             ; 37 (0)              ; 32 (0)                    ; 256               ; 0          ; 0    ; 0            ; |ksa|ROM:U4                                                                                                                                                                                                                                                                                                                                     ; ROM                               ; work         ;
;       |altsyncram:altsyncram_component|                                                                                                 ; 37 (0)              ; 32 (0)                    ; 256               ; 0          ; 0    ; 0            ; |ksa|ROM:U4|altsyncram:altsyncram_component                                                                                                                                                                                                                                                                                                     ; altsyncram                        ; work         ;
;          |altsyncram_ijg4:auto_generated|                                                                                               ; 37 (0)              ; 32 (0)                    ; 256               ; 0          ; 0    ; 0            ; |ksa|ROM:U4|altsyncram:altsyncram_component|altsyncram_ijg4:auto_generated                                                                                                                                                                                                                                                                      ; altsyncram_ijg4                   ; work         ;
;             |altsyncram_e2h3:altsyncram1|                                                                                               ; 0 (0)               ; 0 (0)                     ; 256               ; 0          ; 0    ; 0            ; |ksa|ROM:U4|altsyncram:altsyncram_component|altsyncram_ijg4:auto_generated|altsyncram_e2h3:altsyncram1                                                                                                                                                                                                                                          ; altsyncram_e2h3                   ; work         ;
;             |sld_mod_ram_rom:mgl_prim2|                                                                                                 ; 37 (20)             ; 32 (23)                   ; 0                 ; 0          ; 0    ; 0            ; |ksa|ROM:U4|altsyncram:altsyncram_component|altsyncram_ijg4:auto_generated|sld_mod_ram_rom:mgl_prim2                                                                                                                                                                                                                                            ; sld_mod_ram_rom                   ; work         ;
;                |sld_rom_sr:\ram_rom_logic_gen:name_gen:info_rom_sr|                                                                     ; 17 (17)             ; 9 (9)                     ; 0                 ; 0          ; 0    ; 0            ; |ksa|ROM:U4|altsyncram:altsyncram_component|altsyncram_ijg4:auto_generated|sld_mod_ram_rom:mgl_prim2|sld_rom_sr:\ram_rom_logic_gen:name_gen:info_rom_sr                                                                                                                                                                                         ; sld_rom_sr                        ; work         ;
;    |SevenSegmentDisplayDecoder:ssHEX0|                                                                                                  ; 7 (7)               ; 0 (0)                     ; 0                 ; 0          ; 0    ; 0            ; |ksa|SevenSegmentDisplayDecoder:ssHEX0                                                                                                                                                                                                                                                                                                          ; SevenSegmentDisplayDecoder        ; work         ;
;    |SevenSegmentDisplayDecoder:ssHEX1|                                                                                                  ; 7 (7)               ; 0 (0)                     ; 0                 ; 0          ; 0    ; 0            ; |ksa|SevenSegmentDisplayDecoder:ssHEX1                                                                                                                                                                                                                                                                                                          ; SevenSegmentDisplayDecoder        ; work         ;
;    |SevenSegmentDisplayDecoder:ssHEX2|                                                                                                  ; 7 (7)               ; 0 (0)                     ; 0                 ; 0          ; 0    ; 0            ; |ksa|SevenSegmentDisplayDecoder:ssHEX2                                                                                                                                                                                                                                                                                                          ; SevenSegmentDisplayDecoder        ; work         ;
;    |SevenSegmentDisplayDecoder:ssHEX3|                                                                                                  ; 7 (7)               ; 0 (0)                     ; 0                 ; 0          ; 0    ; 0            ; |ksa|SevenSegmentDisplayDecoder:ssHEX3                                                                                                                                                                                                                                                                                                          ; SevenSegmentDisplayDecoder        ; work         ;
;    |SevenSegmentDisplayDecoder:ssHEX4|                                                                                                  ; 7 (7)               ; 0 (0)                     ; 0                 ; 0          ; 0    ; 0            ; |ksa|SevenSegmentDisplayDecoder:ssHEX4                                                                                                                                                                                                                                                                                                          ; SevenSegmentDisplayDecoder        ; work         ;
;    |SevenSegmentDisplayDecoder:ssHEX5|                                                                                                  ; 3 (3)               ; 0 (0)                     ; 0                 ; 0          ; 0    ; 0            ; |ksa|SevenSegmentDisplayDecoder:ssHEX5                                                                                                                                                                                                                                                                                                          ; SevenSegmentDisplayDecoder        ; work         ;
;    |data_selector:U32|                                                                                                                  ; 17 (17)             ; 0 (0)                     ; 0                 ; 0          ; 0    ; 0            ; |ksa|data_selector:U32                                                                                                                                                                                                                                                                                                                          ; data_selector                     ; work         ;
;    |data_selector:U33|                                                                                                                  ; 17 (17)             ; 0 (0)                     ; 0                 ; 0          ; 0    ; 0            ; |ksa|data_selector:U33                                                                                                                                                                                                                                                                                                                          ; data_selector                     ; work         ;
;    |data_selector:U34|                                                                                                                  ; 17 (17)             ; 0 (0)                     ; 0                 ; 0          ; 0    ; 0            ; |ksa|data_selector:U34                                                                                                                                                                                                                                                                                                                          ; data_selector                     ; work         ;
;    |data_selector:U3|                                                                                                                   ; 17 (17)             ; 0 (0)                     ; 0                 ; 0          ; 0    ; 0            ; |ksa|data_selector:U3                                                                                                                                                                                                                                                                                                                           ; data_selector                     ; work         ;
;    |decrypter:U62|                                                                                                                      ; 106 (106)           ; 128 (128)                 ; 0                 ; 0          ; 0    ; 0            ; |ksa|decrypter:U62                                                                                                                                                                                                                                                                                                                              ; decrypter                         ; work         ;
;    |decrypter:U63|                                                                                                                      ; 106 (106)           ; 128 (128)                 ; 0                 ; 0          ; 0    ; 0            ; |ksa|decrypter:U63                                                                                                                                                                                                                                                                                                                              ; decrypter                         ; work         ;
;    |decrypter:U64|                                                                                                                      ; 106 (106)           ; 128 (128)                 ; 0                 ; 0          ; 0    ; 0            ; |ksa|decrypter:U64                                                                                                                                                                                                                                                                                                                              ; decrypter                         ; work         ;
;    |decrypter:U6|                                                                                                                       ; 106 (106)           ; 128 (128)                 ; 0                 ; 0          ; 0    ; 0            ; |ksa|decrypter:U6                                                                                                                                                                                                                                                                                                                               ; decrypter                         ; work         ;
;    |increment_key:U72|                                                                                                                  ; 30 (30)             ; 23 (23)                   ; 0                 ; 0          ; 0    ; 0            ; |ksa|increment_key:U72                                                                                                                                                                                                                                                                                                                          ; increment_key                     ; work         ;
;    |increment_key:U73|                                                                                                                  ; 30 (30)             ; 23 (23)                   ; 0                 ; 0          ; 0    ; 0            ; |ksa|increment_key:U73                                                                                                                                                                                                                                                                                                                          ; increment_key                     ; work         ;
;    |increment_key:U74|                                                                                                                  ; 28 (28)             ; 23 (23)                   ; 0                 ; 0          ; 0    ; 0            ; |ksa|increment_key:U74                                                                                                                                                                                                                                                                                                                          ; increment_key                     ; work         ;
;    |increment_key:U7|                                                                                                                   ; 28 (28)             ; 23 (23)                   ; 0                 ; 0          ; 0    ; 0            ; |ksa|increment_key:U7                                                                                                                                                                                                                                                                                                                           ; increment_key                     ; work         ;
;    |init_s_mem:U12|                                                                                                                     ; 17 (17)             ; 20 (20)                   ; 0                 ; 0          ; 0    ; 0            ; |ksa|init_s_mem:U12                                                                                                                                                                                                                                                                                                                             ; init_s_mem                        ; work         ;
;    |init_s_mem:U13|                                                                                                                     ; 17 (17)             ; 20 (20)                   ; 0                 ; 0          ; 0    ; 0            ; |ksa|init_s_mem:U13                                                                                                                                                                                                                                                                                                                             ; init_s_mem                        ; work         ;
;    |init_s_mem:U14|                                                                                                                     ; 17 (17)             ; 20 (20)                   ; 0                 ; 0          ; 0    ; 0            ; |ksa|init_s_mem:U14                                                                                                                                                                                                                                                                                                                             ; init_s_mem                        ; work         ;
;    |init_s_mem:U1|                                                                                                                      ; 17 (17)             ; 20 (20)                   ; 0                 ; 0          ; 0    ; 0            ; |ksa|init_s_mem:U1                                                                                                                                                                                                                                                                                                                              ; init_s_mem                        ; work         ;
;    |s_memory:U02|                                                                                                                       ; 41 (0)              ; 37 (0)                    ; 2048              ; 0          ; 0    ; 0            ; |ksa|s_memory:U02                                                                                                                                                                                                                                                                                                                               ; s_memory                          ; work         ;
;       |altsyncram:altsyncram_component|                                                                                                 ; 41 (0)              ; 37 (0)                    ; 2048              ; 0          ; 0    ; 0            ; |ksa|s_memory:U02|altsyncram:altsyncram_component                                                                                                                                                                                                                                                                                               ; altsyncram                        ; work         ;
;          |altsyncram_m5b4:auto_generated|                                                                                               ; 41 (0)              ; 37 (0)                    ; 2048              ; 0          ; 0    ; 0            ; |ksa|s_memory:U02|altsyncram:altsyncram_component|altsyncram_m5b4:auto_generated                                                                                                                                                                                                                                                                ; altsyncram_m5b4                   ; work         ;
;             |altsyncram_kq83:altsyncram1|                                                                                               ; 0 (0)               ; 0 (0)                     ; 2048              ; 0          ; 0    ; 0            ; |ksa|s_memory:U02|altsyncram:altsyncram_component|altsyncram_m5b4:auto_generated|altsyncram_kq83:altsyncram1                                                                                                                                                                                                                                    ; altsyncram_kq83                   ; work         ;
;             |sld_mod_ram_rom:mgl_prim2|                                                                                                 ; 41 (23)             ; 37 (28)                   ; 0                 ; 0          ; 0    ; 0            ; |ksa|s_memory:U02|altsyncram:altsyncram_component|altsyncram_m5b4:auto_generated|sld_mod_ram_rom:mgl_prim2                                                                                                                                                                                                                                      ; sld_mod_ram_rom                   ; work         ;
;                |sld_rom_sr:\ram_rom_logic_gen:name_gen:info_rom_sr|                                                                     ; 18 (18)             ; 9 (9)                     ; 0                 ; 0          ; 0    ; 0            ; |ksa|s_memory:U02|altsyncram:altsyncram_component|altsyncram_m5b4:auto_generated|sld_mod_ram_rom:mgl_prim2|sld_rom_sr:\ram_rom_logic_gen:name_gen:info_rom_sr                                                                                                                                                                                   ; sld_rom_sr                        ; work         ;
;    |s_memory:U03|                                                                                                                       ; 41 (0)              ; 37 (0)                    ; 2048              ; 0          ; 0    ; 0            ; |ksa|s_memory:U03                                                                                                                                                                                                                                                                                                                               ; s_memory                          ; work         ;
;       |altsyncram:altsyncram_component|                                                                                                 ; 41 (0)              ; 37 (0)                    ; 2048              ; 0          ; 0    ; 0            ; |ksa|s_memory:U03|altsyncram:altsyncram_component                                                                                                                                                                                                                                                                                               ; altsyncram                        ; work         ;
;          |altsyncram_m5b4:auto_generated|                                                                                               ; 41 (0)              ; 37 (0)                    ; 2048              ; 0          ; 0    ; 0            ; |ksa|s_memory:U03|altsyncram:altsyncram_component|altsyncram_m5b4:auto_generated                                                                                                                                                                                                                                                                ; altsyncram_m5b4                   ; work         ;
;             |altsyncram_kq83:altsyncram1|                                                                                               ; 0 (0)               ; 0 (0)                     ; 2048              ; 0          ; 0    ; 0            ; |ksa|s_memory:U03|altsyncram:altsyncram_component|altsyncram_m5b4:auto_generated|altsyncram_kq83:altsyncram1                                                                                                                                                                                                                                    ; altsyncram_kq83                   ; work         ;
;             |sld_mod_ram_rom:mgl_prim2|                                                                                                 ; 41 (23)             ; 37 (28)                   ; 0                 ; 0          ; 0    ; 0            ; |ksa|s_memory:U03|altsyncram:altsyncram_component|altsyncram_m5b4:auto_generated|sld_mod_ram_rom:mgl_prim2                                                                                                                                                                                                                                      ; sld_mod_ram_rom                   ; work         ;
;                |sld_rom_sr:\ram_rom_logic_gen:name_gen:info_rom_sr|                                                                     ; 18 (18)             ; 9 (9)                     ; 0                 ; 0          ; 0    ; 0            ; |ksa|s_memory:U03|altsyncram:altsyncram_component|altsyncram_m5b4:auto_generated|sld_mod_ram_rom:mgl_prim2|sld_rom_sr:\ram_rom_logic_gen:name_gen:info_rom_sr                                                                                                                                                                                   ; sld_rom_sr                        ; work         ;
;    |s_memory:U04|                                                                                                                       ; 41 (0)              ; 37 (0)                    ; 2048              ; 0          ; 0    ; 0            ; |ksa|s_memory:U04                                                                                                                                                                                                                                                                                                                               ; s_memory                          ; work         ;
;       |altsyncram:altsyncram_component|                                                                                                 ; 41 (0)              ; 37 (0)                    ; 2048              ; 0          ; 0    ; 0            ; |ksa|s_memory:U04|altsyncram:altsyncram_component                                                                                                                                                                                                                                                                                               ; altsyncram                        ; work         ;
;          |altsyncram_m5b4:auto_generated|                                                                                               ; 41 (0)              ; 37 (0)                    ; 2048              ; 0          ; 0    ; 0            ; |ksa|s_memory:U04|altsyncram:altsyncram_component|altsyncram_m5b4:auto_generated                                                                                                                                                                                                                                                                ; altsyncram_m5b4                   ; work         ;
;             |altsyncram_kq83:altsyncram1|                                                                                               ; 0 (0)               ; 0 (0)                     ; 2048              ; 0          ; 0    ; 0            ; |ksa|s_memory:U04|altsyncram:altsyncram_component|altsyncram_m5b4:auto_generated|altsyncram_kq83:altsyncram1                                                                                                                                                                                                                                    ; altsyncram_kq83                   ; work         ;
;             |sld_mod_ram_rom:mgl_prim2|                                                                                                 ; 41 (23)             ; 37 (28)                   ; 0                 ; 0          ; 0    ; 0            ; |ksa|s_memory:U04|altsyncram:altsyncram_component|altsyncram_m5b4:auto_generated|sld_mod_ram_rom:mgl_prim2                                                                                                                                                                                                                                      ; sld_mod_ram_rom                   ; work         ;
;                |sld_rom_sr:\ram_rom_logic_gen:name_gen:info_rom_sr|                                                                     ; 18 (18)             ; 9 (9)                     ; 0                 ; 0          ; 0    ; 0            ; |ksa|s_memory:U04|altsyncram:altsyncram_component|altsyncram_m5b4:auto_generated|sld_mod_ram_rom:mgl_prim2|sld_rom_sr:\ram_rom_logic_gen:name_gen:info_rom_sr                                                                                                                                                                                   ; sld_rom_sr                        ; work         ;
;    |s_memory:U0|                                                                                                                        ; 41 (0)              ; 37 (0)                    ; 2048              ; 0          ; 0    ; 0            ; |ksa|s_memory:U0                                                                                                                                                                                                                                                                                                                                ; s_memory                          ; work         ;
;       |altsyncram:altsyncram_component|                                                                                                 ; 41 (0)              ; 37 (0)                    ; 2048              ; 0          ; 0    ; 0            ; |ksa|s_memory:U0|altsyncram:altsyncram_component                                                                                                                                                                                                                                                                                                ; altsyncram                        ; work         ;
;          |altsyncram_m5b4:auto_generated|                                                                                               ; 41 (0)              ; 37 (0)                    ; 2048              ; 0          ; 0    ; 0            ; |ksa|s_memory:U0|altsyncram:altsyncram_component|altsyncram_m5b4:auto_generated                                                                                                                                                                                                                                                                 ; altsyncram_m5b4                   ; work         ;
;             |altsyncram_kq83:altsyncram1|                                                                                               ; 0 (0)               ; 0 (0)                     ; 2048              ; 0          ; 0    ; 0            ; |ksa|s_memory:U0|altsyncram:altsyncram_component|altsyncram_m5b4:auto_generated|altsyncram_kq83:altsyncram1                                                                                                                                                                                                                                     ; altsyncram_kq83                   ; work         ;
;             |sld_mod_ram_rom:mgl_prim2|                                                                                                 ; 41 (23)             ; 37 (28)                   ; 0                 ; 0          ; 0    ; 0            ; |ksa|s_memory:U0|altsyncram:altsyncram_component|altsyncram_m5b4:auto_generated|sld_mod_ram_rom:mgl_prim2                                                                                                                                                                                                                                       ; sld_mod_ram_rom                   ; work         ;
;                |sld_rom_sr:\ram_rom_logic_gen:name_gen:info_rom_sr|                                                                     ; 18 (18)             ; 9 (9)                     ; 0                 ; 0          ; 0    ; 0            ; |ksa|s_memory:U0|altsyncram:altsyncram_component|altsyncram_m5b4:auto_generated|sld_mod_ram_rom:mgl_prim2|sld_rom_sr:\ram_rom_logic_gen:name_gen:info_rom_sr                                                                                                                                                                                    ; sld_rom_sr                        ; work         ;
;    |shuffle_mem:U22|                                                                                                                    ; 91 (52)             ; 78 (78)                   ; 0                 ; 0          ; 0    ; 0            ; |ksa|shuffle_mem:U22                                                                                                                                                                                                                                                                                                                            ; shuffle_mem                       ; work         ;
;       |lpm_divide:Mod0|                                                                                                                 ; 39 (0)              ; 0 (0)                     ; 0                 ; 0          ; 0    ; 0            ; |ksa|shuffle_mem:U22|lpm_divide:Mod0                                                                                                                                                                                                                                                                                                            ; lpm_divide                        ; work         ;
;          |lpm_divide_62m:auto_generated|                                                                                                ; 39 (0)              ; 0 (0)                     ; 0                 ; 0          ; 0    ; 0            ; |ksa|shuffle_mem:U22|lpm_divide:Mod0|lpm_divide_62m:auto_generated                                                                                                                                                                                                                                                                              ; lpm_divide_62m                    ; work         ;
;             |sign_div_unsign_9kh:divider|                                                                                               ; 39 (0)              ; 0 (0)                     ; 0                 ; 0          ; 0    ; 0            ; |ksa|shuffle_mem:U22|lpm_divide:Mod0|lpm_divide_62m:auto_generated|sign_div_unsign_9kh:divider                                                                                                                                                                                                                                                  ; sign_div_unsign_9kh               ; work         ;
;                |alt_u_div_ose:divider|                                                                                                  ; 39 (39)             ; 0 (0)                     ; 0                 ; 0          ; 0    ; 0            ; |ksa|shuffle_mem:U22|lpm_divide:Mod0|lpm_divide_62m:auto_generated|sign_div_unsign_9kh:divider|alt_u_div_ose:divider                                                                                                                                                                                                                            ; alt_u_div_ose                     ; work         ;
;    |shuffle_mem:U23|                                                                                                                    ; 91 (52)             ; 78 (78)                   ; 0                 ; 0          ; 0    ; 0            ; |ksa|shuffle_mem:U23                                                                                                                                                                                                                                                                                                                            ; shuffle_mem                       ; work         ;
;       |lpm_divide:Mod0|                                                                                                                 ; 39 (0)              ; 0 (0)                     ; 0                 ; 0          ; 0    ; 0            ; |ksa|shuffle_mem:U23|lpm_divide:Mod0                                                                                                                                                                                                                                                                                                            ; lpm_divide                        ; work         ;
;          |lpm_divide_62m:auto_generated|                                                                                                ; 39 (0)              ; 0 (0)                     ; 0                 ; 0          ; 0    ; 0            ; |ksa|shuffle_mem:U23|lpm_divide:Mod0|lpm_divide_62m:auto_generated                                                                                                                                                                                                                                                                              ; lpm_divide_62m                    ; work         ;
;             |sign_div_unsign_9kh:divider|                                                                                               ; 39 (0)              ; 0 (0)                     ; 0                 ; 0          ; 0    ; 0            ; |ksa|shuffle_mem:U23|lpm_divide:Mod0|lpm_divide_62m:auto_generated|sign_div_unsign_9kh:divider                                                                                                                                                                                                                                                  ; sign_div_unsign_9kh               ; work         ;
;                |alt_u_div_ose:divider|                                                                                                  ; 39 (39)             ; 0 (0)                     ; 0                 ; 0          ; 0    ; 0            ; |ksa|shuffle_mem:U23|lpm_divide:Mod0|lpm_divide_62m:auto_generated|sign_div_unsign_9kh:divider|alt_u_div_ose:divider                                                                                                                                                                                                                            ; alt_u_div_ose                     ; work         ;
;    |shuffle_mem:U24|                                                                                                                    ; 91 (52)             ; 78 (78)                   ; 0                 ; 0          ; 0    ; 0            ; |ksa|shuffle_mem:U24                                                                                                                                                                                                                                                                                                                            ; shuffle_mem                       ; work         ;
;       |lpm_divide:Mod0|                                                                                                                 ; 39 (0)              ; 0 (0)                     ; 0                 ; 0          ; 0    ; 0            ; |ksa|shuffle_mem:U24|lpm_divide:Mod0                                                                                                                                                                                                                                                                                                            ; lpm_divide                        ; work         ;
;          |lpm_divide_62m:auto_generated|                                                                                                ; 39 (0)              ; 0 (0)                     ; 0                 ; 0          ; 0    ; 0            ; |ksa|shuffle_mem:U24|lpm_divide:Mod0|lpm_divide_62m:auto_generated                                                                                                                                                                                                                                                                              ; lpm_divide_62m                    ; work         ;
;             |sign_div_unsign_9kh:divider|                                                                                               ; 39 (0)              ; 0 (0)                     ; 0                 ; 0          ; 0    ; 0            ; |ksa|shuffle_mem:U24|lpm_divide:Mod0|lpm_divide_62m:auto_generated|sign_div_unsign_9kh:divider                                                                                                                                                                                                                                                  ; sign_div_unsign_9kh               ; work         ;
;                |alt_u_div_ose:divider|                                                                                                  ; 39 (39)             ; 0 (0)                     ; 0                 ; 0          ; 0    ; 0            ; |ksa|shuffle_mem:U24|lpm_divide:Mod0|lpm_divide_62m:auto_generated|sign_div_unsign_9kh:divider|alt_u_div_ose:divider                                                                                                                                                                                                                            ; alt_u_div_ose                     ; work         ;
;    |shuffle_mem:U2|                                                                                                                     ; 91 (52)             ; 78 (78)                   ; 0                 ; 0          ; 0    ; 0            ; |ksa|shuffle_mem:U2                                                                                                                                                                                                                                                                                                                             ; shuffle_mem                       ; work         ;
;       |lpm_divide:Mod0|                                                                                                                 ; 39 (0)              ; 0 (0)                     ; 0                 ; 0          ; 0    ; 0            ; |ksa|shuffle_mem:U2|lpm_divide:Mod0                                                                                                                                                                                                                                                                                                             ; lpm_divide                        ; work         ;
;          |lpm_divide_62m:auto_generated|                                                                                                ; 39 (0)              ; 0 (0)                     ; 0                 ; 0          ; 0    ; 0            ; |ksa|shuffle_mem:U2|lpm_divide:Mod0|lpm_divide_62m:auto_generated                                                                                                                                                                                                                                                                               ; lpm_divide_62m                    ; work         ;
;             |sign_div_unsign_9kh:divider|                                                                                               ; 39 (0)              ; 0 (0)                     ; 0                 ; 0          ; 0    ; 0            ; |ksa|shuffle_mem:U2|lpm_divide:Mod0|lpm_divide_62m:auto_generated|sign_div_unsign_9kh:divider                                                                                                                                                                                                                                                   ; sign_div_unsign_9kh               ; work         ;
;                |alt_u_div_ose:divider|                                                                                                  ; 39 (39)             ; 0 (0)                     ; 0                 ; 0          ; 0    ; 0            ; |ksa|shuffle_mem:U2|lpm_divide:Mod0|lpm_divide_62m:auto_generated|sign_div_unsign_9kh:divider|alt_u_div_ose:divider                                                                                                                                                                                                                             ; alt_u_div_ose                     ; work         ;
;    |sld_hub:auto_hub|                                                                                                                   ; 233 (1)             ; 290 (0)                   ; 0                 ; 0          ; 0    ; 0            ; |ksa|sld_hub:auto_hub                                                                                                                                                                                                                                                                                                                           ; sld_hub                           ; altera_sld   ;
;       |alt_sld_fab_with_jtag_input:\instrumentation_fabric_with_node_gen:fabric_gen_new_way:with_jtag_input_gen:instrumentation_fabric| ; 232 (0)             ; 290 (0)                   ; 0                 ; 0          ; 0    ; 0            ; |ksa|sld_hub:auto_hub|alt_sld_fab_with_jtag_input:\instrumentation_fabric_with_node_gen:fabric_gen_new_way:with_jtag_input_gen:instrumentation_fabric                                                                                                                                                                                           ; alt_sld_fab_with_jtag_input       ; altera_sld   ;
;          |alt_sld_fab:instrumentation_fabric|                                                                                           ; 232 (0)             ; 290 (0)                   ; 0                 ; 0          ; 0    ; 0            ; |ksa|sld_hub:auto_hub|alt_sld_fab_with_jtag_input:\instrumentation_fabric_with_node_gen:fabric_gen_new_way:with_jtag_input_gen:instrumentation_fabric|alt_sld_fab:instrumentation_fabric                                                                                                                                                        ; alt_sld_fab                       ; alt_sld_fab  ;
;             |alt_sld_fab_alt_sld_fab:alt_sld_fab|                                                                                       ; 232 (1)             ; 290 (16)                  ; 0                 ; 0          ; 0    ; 0            ; |ksa|sld_hub:auto_hub|alt_sld_fab_with_jtag_input:\instrumentation_fabric_with_node_gen:fabric_gen_new_way:with_jtag_input_gen:instrumentation_fabric|alt_sld_fab:instrumentation_fabric|alt_sld_fab_alt_sld_fab:alt_sld_fab                                                                                                                    ; alt_sld_fab_alt_sld_fab           ; alt_sld_fab  ;
;                |alt_sld_fab_alt_sld_fab_sldfabric:sldfabric|                                                                            ; 231 (0)             ; 274 (0)                   ; 0                 ; 0          ; 0    ; 0            ; |ksa|sld_hub:auto_hub|alt_sld_fab_with_jtag_input:\instrumentation_fabric_with_node_gen:fabric_gen_new_way:with_jtag_input_gen:instrumentation_fabric|alt_sld_fab:instrumentation_fabric|alt_sld_fab_alt_sld_fab:alt_sld_fab|alt_sld_fab_alt_sld_fab_sldfabric:sldfabric                                                                        ; alt_sld_fab_alt_sld_fab_sldfabric ; alt_sld_fab  ;
;                   |sld_jtag_hub:\jtag_hub_gen:real_sld_jtag_hub|                                                                        ; 231 (188)           ; 274 (244)                 ; 0                 ; 0          ; 0    ; 0            ; |ksa|sld_hub:auto_hub|alt_sld_fab_with_jtag_input:\instrumentation_fabric_with_node_gen:fabric_gen_new_way:with_jtag_input_gen:instrumentation_fabric|alt_sld_fab:instrumentation_fabric|alt_sld_fab_alt_sld_fab:alt_sld_fab|alt_sld_fab_alt_sld_fab_sldfabric:sldfabric|sld_jtag_hub:\jtag_hub_gen:real_sld_jtag_hub                           ; sld_jtag_hub                      ; work         ;
;                      |sld_rom_sr:hub_info_reg|                                                                                          ; 24 (24)             ; 11 (11)                   ; 0                 ; 0          ; 0    ; 0            ; |ksa|sld_hub:auto_hub|alt_sld_fab_with_jtag_input:\instrumentation_fabric_with_node_gen:fabric_gen_new_way:with_jtag_input_gen:instrumentation_fabric|alt_sld_fab:instrumentation_fabric|alt_sld_fab_alt_sld_fab:alt_sld_fab|alt_sld_fab_alt_sld_fab_sldfabric:sldfabric|sld_jtag_hub:\jtag_hub_gen:real_sld_jtag_hub|sld_rom_sr:hub_info_reg   ; sld_rom_sr                        ; work         ;
;                      |sld_shadow_jsm:shadow_jsm|                                                                                        ; 19 (19)             ; 19 (19)                   ; 0                 ; 0          ; 0    ; 0            ; |ksa|sld_hub:auto_hub|alt_sld_fab_with_jtag_input:\instrumentation_fabric_with_node_gen:fabric_gen_new_way:with_jtag_input_gen:instrumentation_fabric|alt_sld_fab:instrumentation_fabric|alt_sld_fab_alt_sld_fab:alt_sld_fab|alt_sld_fab_alt_sld_fab_sldfabric:sldfabric|sld_jtag_hub:\jtag_hub_gen:real_sld_jtag_hub|sld_shadow_jsm:shadow_jsm ; sld_shadow_jsm                    ; altera_sld   ;
+-----------------------------------------------------------------------------------------------------------------------------------------+---------------------+---------------------------+-------------------+------------+------+--------------+-------------------------------------------------------------------------------------------------------------------------------------------------------------------------------------------------------------------------------------------------------------------------------------------------------------------------------------------------+-----------------------------------+--------------+
Note: For table entries with two numbers listed, the numbers in parentheses indicate the number of resources of the given type used by the specific entity alone. The numbers listed outside of parentheses indicate the total resources of the given type used by the specific entity and all of its sub-entities in the hierarchy.


+-------------------------------------------------------------------------------------------------------------------------------------------------------------------------------------------------------------------------------------------------------------------------+
; Analysis & Synthesis RAM Summary                                                                                                                                                                                                                                        ;
+-----------------------------------------------------------------------------------------------------------------------+------------+----------------+--------------+--------------+--------------+--------------+------+------------------------------------------------+
; Name                                                                                                                  ; Type       ; Mode           ; Port A Depth ; Port A Width ; Port B Depth ; Port B Width ; Size ; MIF                                            ;
+-----------------------------------------------------------------------------------------------------------------------+------------+----------------+--------------+--------------+--------------+--------------+------+------------------------------------------------+
; RAM_Decrypt:U52|altsyncram:altsyncram_component|altsyncram_obb4:auto_generated|altsyncram_um83:altsyncram1|ALTSYNCRAM ; M10K block ; True Dual Port ; 32           ; 8            ; 32           ; 8            ; 256  ; None                                           ;
; RAM_Decrypt:U53|altsyncram:altsyncram_component|altsyncram_obb4:auto_generated|altsyncram_um83:altsyncram1|ALTSYNCRAM ; M10K block ; True Dual Port ; 32           ; 8            ; 32           ; 8            ; 256  ; None                                           ;
; RAM_Decrypt:U54|altsyncram:altsyncram_component|altsyncram_obb4:auto_generated|altsyncram_um83:altsyncram1|ALTSYNCRAM ; M10K block ; True Dual Port ; 32           ; 8            ; 32           ; 8            ; 256  ; None                                           ;
; RAM_Decrypt:U5|altsyncram:altsyncram_component|altsyncram_obb4:auto_generated|altsyncram_um83:altsyncram1|ALTSYNCRAM  ; M10K block ; True Dual Port ; 32           ; 8            ; 32           ; 8            ; 256  ; None                                           ;
; ROM:U42|altsyncram:altsyncram_component|altsyncram_ijg4:auto_generated|altsyncram_e2h3:altsyncram1|ALTSYNCRAM         ; M10K block ; True Dual Port ; 32           ; 8            ; 32           ; 8            ; 256  ; ../secret_messages/msg_8_for_task3/message.mif ;
; ROM:U43|altsyncram:altsyncram_component|altsyncram_ijg4:auto_generated|altsyncram_e2h3:altsyncram1|ALTSYNCRAM         ; M10K block ; True Dual Port ; 32           ; 8            ; 32           ; 8            ; 256  ; ../secret_messages/msg_8_for_task3/message.mif ;
; ROM:U44|altsyncram:altsyncram_component|altsyncram_ijg4:auto_generated|altsyncram_e2h3:altsyncram1|ALTSYNCRAM         ; M10K block ; True Dual Port ; 32           ; 8            ; 32           ; 8            ; 256  ; ../secret_messages/msg_8_for_task3/message.mif ;
; ROM:U4|altsyncram:altsyncram_component|altsyncram_ijg4:auto_generated|altsyncram_e2h3:altsyncram1|ALTSYNCRAM          ; M10K block ; True Dual Port ; 32           ; 8            ; 32           ; 8            ; 256  ; ../secret_messages/msg_8_for_task3/message.mif ;
; s_memory:U02|altsyncram:altsyncram_component|altsyncram_m5b4:auto_generated|altsyncram_kq83:altsyncram1|ALTSYNCRAM    ; M10K block ; True Dual Port ; 256          ; 8            ; 256          ; 8            ; 2048 ; None                                           ;
; s_memory:U03|altsyncram:altsyncram_component|altsyncram_m5b4:auto_generated|altsyncram_kq83:altsyncram1|ALTSYNCRAM    ; M10K block ; True Dual Port ; 256          ; 8            ; 256          ; 8            ; 2048 ; None                                           ;
; s_memory:U04|altsyncram:altsyncram_component|altsyncram_m5b4:auto_generated|altsyncram_kq83:altsyncram1|ALTSYNCRAM    ; M10K block ; True Dual Port ; 256          ; 8            ; 256          ; 8            ; 2048 ; None                                           ;
; s_memory:U0|altsyncram:altsyncram_component|altsyncram_m5b4:auto_generated|altsyncram_kq83:altsyncram1|ALTSYNCRAM     ; M10K block ; True Dual Port ; 256          ; 8            ; 256          ; 8            ; 2048 ; None                                           ;
+-----------------------------------------------------------------------------------------------------------------------+------------+----------------+--------------+--------------+--------------+--------------+------+------------------------------------------------+


+------------------------------------------------------------------------------------------------------------------------------------------------------------------------------------------------------------------------------------------------------------------------------------------------------------------------------------------------------------+
; Analysis & Synthesis IP Cores Summary                                                                                                                                                                                                                                                                                                                      ;
+--------+--------------+---------+--------------+--------------+--------------------------------------------------------------------------------------------------------------------------------------------------------------------------------------------------------------------------------------------------------------------------+-----------------+
; Vendor ; IP Core Name ; Version ; Release Date ; License Type ; Entity Instance                                                                                                                                                                                                                                                          ; IP Include File ;
+--------+--------------+---------+--------------+--------------+--------------------------------------------------------------------------------------------------------------------------------------------------------------------------------------------------------------------------------------------------------------------------+-----------------+
; Altera ; RAM: 1-PORT  ; 16.1    ; N/A          ; N/A          ; |ksa|s_memory:U0                                                                                                                                                                                                                                                         ; s_memory.vhd    ;
; Altera ; RAM: 1-PORT  ; 16.1    ; N/A          ; N/A          ; |ksa|s_memory:U02                                                                                                                                                                                                                                                        ; s_memory.vhd    ;
; Altera ; RAM: 1-PORT  ; 16.1    ; N/A          ; N/A          ; |ksa|s_memory:U03                                                                                                                                                                                                                                                        ; s_memory.vhd    ;
; Altera ; ROM: 1-PORT  ; 16.1    ; N/A          ; N/A          ; |ksa|ROM:U4                                                                                                                                                                                                                                                              ; ROM.vhd         ;
; Altera ; RAM: 1-PORT  ; 16.1    ; N/A          ; N/A          ; |ksa|s_memory:U04                                                                                                                                                                                                                                                        ; s_memory.vhd    ;
; Altera ; RAM: 1-PORT  ; 16.1    ; N/A          ; N/A          ; |ksa|RAM_Decrypt:U5                                                                                                                                                                                                                                                      ; RAM_Decrypt.vhd ;
; Altera ; ROM: 1-PORT  ; 16.1    ; N/A          ; N/A          ; |ksa|ROM:U42                                                                                                                                                                                                                                                             ; ROM.vhd         ;
; Altera ; ROM: 1-PORT  ; 16.1    ; N/A          ; N/A          ; |ksa|ROM:U43                                                                                                                                                                                                                                                             ; ROM.vhd         ;
; Altera ; ROM: 1-PORT  ; 16.1    ; N/A          ; N/A          ; |ksa|ROM:U44                                                                                                                                                                                                                                                             ; ROM.vhd         ;
; Altera ; RAM: 1-PORT  ; 16.1    ; N/A          ; N/A          ; |ksa|RAM_Decrypt:U52                                                                                                                                                                                                                                                     ; RAM_Decrypt.vhd ;
; Altera ; RAM: 1-PORT  ; 16.1    ; N/A          ; N/A          ; |ksa|RAM_Decrypt:U53                                                                                                                                                                                                                                                     ; RAM_Decrypt.vhd ;
; Altera ; RAM: 1-PORT  ; 16.1    ; N/A          ; N/A          ; |ksa|RAM_Decrypt:U54                                                                                                                                                                                                                                                     ; RAM_Decrypt.vhd ;
; Altera ; Signal Tap   ; N/A     ; N/A          ; Licensed     ; |ksa|sld_hub:auto_hub|alt_sld_fab_with_jtag_input:\instrumentation_fabric_with_node_gen:fabric_gen_new_way:with_jtag_input_gen:instrumentation_fabric|alt_sld_fab:instrumentation_fabric                                                                                 ;                 ;
; Altera ; Signal Tap   ; N/A     ; N/A          ; Licensed     ; |ksa|sld_hub:auto_hub|alt_sld_fab_with_jtag_input:\instrumentation_fabric_with_node_gen:fabric_gen_new_way:with_jtag_input_gen:instrumentation_fabric|alt_sld_fab:instrumentation_fabric|alt_sld_fab_alt_sld_fab:alt_sld_fab                                             ;                 ;
; Altera ; Signal Tap   ; N/A     ; N/A          ; Licensed     ; |ksa|sld_hub:auto_hub|alt_sld_fab_with_jtag_input:\instrumentation_fabric_with_node_gen:fabric_gen_new_way:with_jtag_input_gen:instrumentation_fabric|alt_sld_fab:instrumentation_fabric|alt_sld_fab_alt_sld_fab:alt_sld_fab|alt_sld_fab_alt_sld_fab_presplit:presplit   ;                 ;
; Altera ; Signal Tap   ; N/A     ; N/A          ; Licensed     ; |ksa|sld_hub:auto_hub|alt_sld_fab_with_jtag_input:\instrumentation_fabric_with_node_gen:fabric_gen_new_way:with_jtag_input_gen:instrumentation_fabric|alt_sld_fab:instrumentation_fabric|alt_sld_fab_alt_sld_fab:alt_sld_fab|alt_sld_fab_alt_sld_fab_sldfabric:sldfabric ;                 ;
; Altera ; Signal Tap   ; N/A     ; N/A          ; Licensed     ; |ksa|sld_hub:auto_hub|alt_sld_fab_with_jtag_input:\instrumentation_fabric_with_node_gen:fabric_gen_new_way:with_jtag_input_gen:instrumentation_fabric|alt_sld_fab:instrumentation_fabric|alt_sld_fab_alt_sld_fab:alt_sld_fab|alt_sld_fab_alt_sld_fab_splitter:splitter   ;                 ;
+--------+--------------+---------+--------------+--------------+--------------------------------------------------------------------------------------------------------------------------------------------------------------------------------------------------------------------------------------------------------------------------+-----------------+


+----------------------------------------------------------------------------------------------------------------------------------------------------------------------------------+
; Registers Removed During Synthesis                                                                                                                                               ;
+-----------------------------------------------------------------------------------------------------------------------------------------+----------------------------------------+
; Register name                                                                                                                           ; Reason for Removal                     ;
+-----------------------------------------------------------------------------------------------------------------------------------------+----------------------------------------+
; init_s_mem:U1|data[0]                                                                                                                   ; Merged with init_s_mem:U1|addr[0]      ;
; init_s_mem:U1|data[1]                                                                                                                   ; Merged with init_s_mem:U1|addr[1]      ;
; init_s_mem:U1|data[2]                                                                                                                   ; Merged with init_s_mem:U1|addr[2]      ;
; init_s_mem:U1|data[3]                                                                                                                   ; Merged with init_s_mem:U1|addr[3]      ;
; init_s_mem:U1|data[4]                                                                                                                   ; Merged with init_s_mem:U1|addr[4]      ;
; init_s_mem:U1|data[5]                                                                                                                   ; Merged with init_s_mem:U1|addr[5]      ;
; init_s_mem:U1|data[6]                                                                                                                   ; Merged with init_s_mem:U1|addr[6]      ;
; init_s_mem:U1|data[7]                                                                                                                   ; Merged with init_s_mem:U1|addr[7]      ;
; init_s_mem:U14|data[0]                                                                                                                  ; Merged with init_s_mem:U14|addr[0]     ;
; init_s_mem:U14|data[1]                                                                                                                  ; Merged with init_s_mem:U14|addr[1]     ;
; init_s_mem:U14|data[2]                                                                                                                  ; Merged with init_s_mem:U14|addr[2]     ;
; init_s_mem:U14|data[3]                                                                                                                  ; Merged with init_s_mem:U14|addr[3]     ;
; init_s_mem:U14|data[4]                                                                                                                  ; Merged with init_s_mem:U14|addr[4]     ;
; init_s_mem:U14|data[5]                                                                                                                  ; Merged with init_s_mem:U14|addr[5]     ;
; init_s_mem:U14|data[6]                                                                                                                  ; Merged with init_s_mem:U14|addr[6]     ;
; init_s_mem:U14|data[7]                                                                                                                  ; Merged with init_s_mem:U14|addr[7]     ;
; init_s_mem:U12|data[0]                                                                                                                  ; Merged with init_s_mem:U12|addr[0]     ;
; init_s_mem:U12|data[1]                                                                                                                  ; Merged with init_s_mem:U12|addr[1]     ;
; init_s_mem:U12|data[2]                                                                                                                  ; Merged with init_s_mem:U12|addr[2]     ;
; init_s_mem:U12|data[3]                                                                                                                  ; Merged with init_s_mem:U12|addr[3]     ;
; init_s_mem:U12|data[4]                                                                                                                  ; Merged with init_s_mem:U12|addr[4]     ;
; init_s_mem:U12|data[5]                                                                                                                  ; Merged with init_s_mem:U12|addr[5]     ;
; init_s_mem:U12|data[6]                                                                                                                  ; Merged with init_s_mem:U12|addr[6]     ;
; init_s_mem:U12|data[7]                                                                                                                  ; Merged with init_s_mem:U12|addr[7]     ;
; init_s_mem:U13|data[0]                                                                                                                  ; Merged with init_s_mem:U13|addr[0]     ;
; init_s_mem:U13|data[1]                                                                                                                  ; Merged with init_s_mem:U13|addr[1]     ;
; init_s_mem:U13|data[2]                                                                                                                  ; Merged with init_s_mem:U13|addr[2]     ;
; init_s_mem:U13|data[3]                                                                                                                  ; Merged with init_s_mem:U13|addr[3]     ;
; init_s_mem:U13|data[4]                                                                                                                  ; Merged with init_s_mem:U13|addr[4]     ;
; init_s_mem:U13|data[5]                                                                                                                  ; Merged with init_s_mem:U13|addr[5]     ;
; init_s_mem:U13|data[6]                                                                                                                  ; Merged with init_s_mem:U13|addr[6]     ;
; init_s_mem:U13|data[7]                                                                                                                  ; Merged with init_s_mem:U13|addr[7]     ;
; s_memory:U0|altsyncram:altsyncram_component|altsyncram_m5b4:auto_generated|sld_mod_ram_rom:mgl_prim2|ram_rom_data_shift_cntr_reg[3]     ; Stuck at GND due to stuck port data_in ;
; ROM:U4|altsyncram:altsyncram_component|altsyncram_ijg4:auto_generated|sld_mod_ram_rom:mgl_prim2|ram_rom_data_shift_cntr_reg[3]          ; Stuck at GND due to stuck port data_in ;
; RAM_Decrypt:U5|altsyncram:altsyncram_component|altsyncram_obb4:auto_generated|sld_mod_ram_rom:mgl_prim2|ram_rom_data_shift_cntr_reg[3]  ; Stuck at GND due to stuck port data_in ;
; s_memory:U02|altsyncram:altsyncram_component|altsyncram_m5b4:auto_generated|sld_mod_ram_rom:mgl_prim2|ram_rom_data_shift_cntr_reg[3]    ; Stuck at GND due to stuck port data_in ;
; ROM:U42|altsyncram:altsyncram_component|altsyncram_ijg4:auto_generated|sld_mod_ram_rom:mgl_prim2|ram_rom_data_shift_cntr_reg[3]         ; Stuck at GND due to stuck port data_in ;
; RAM_Decrypt:U52|altsyncram:altsyncram_component|altsyncram_obb4:auto_generated|sld_mod_ram_rom:mgl_prim2|ram_rom_data_shift_cntr_reg[3] ; Stuck at GND due to stuck port data_in ;
; s_memory:U03|altsyncram:altsyncram_component|altsyncram_m5b4:auto_generated|sld_mod_ram_rom:mgl_prim2|ram_rom_data_shift_cntr_reg[3]    ; Stuck at GND due to stuck port data_in ;
; ROM:U43|altsyncram:altsyncram_component|altsyncram_ijg4:auto_generated|sld_mod_ram_rom:mgl_prim2|ram_rom_data_shift_cntr_reg[3]         ; Stuck at GND due to stuck port data_in ;
; RAM_Decrypt:U53|altsyncram:altsyncram_component|altsyncram_obb4:auto_generated|sld_mod_ram_rom:mgl_prim2|ram_rom_data_shift_cntr_reg[3] ; Stuck at GND due to stuck port data_in ;
; s_memory:U04|altsyncram:altsyncram_component|altsyncram_m5b4:auto_generated|sld_mod_ram_rom:mgl_prim2|ram_rom_data_shift_cntr_reg[3]    ; Stuck at GND due to stuck port data_in ;
; ROM:U44|altsyncram:altsyncram_component|altsyncram_ijg4:auto_generated|sld_mod_ram_rom:mgl_prim2|ram_rom_data_shift_cntr_reg[3]         ; Stuck at GND due to stuck port data_in ;
; RAM_Decrypt:U54|altsyncram:altsyncram_component|altsyncram_obb4:auto_generated|sld_mod_ram_rom:mgl_prim2|ram_rom_data_shift_cntr_reg[3] ; Stuck at GND due to stuck port data_in ;
; Total Number of Removed Registers = 44                                                                                                  ;                                        ;
+-----------------------------------------------------------------------------------------------------------------------------------------+----------------------------------------+


+------------------------------------------------------+
; General Register Statistics                          ;
+----------------------------------------------+-------+
; Statistic                                    ; Value ;
+----------------------------------------------+-------+
; Total registers                              ; 1690  ;
; Number of registers using Synchronous Clear  ; 806   ;
; Number of registers using Synchronous Load   ; 449   ;
; Number of registers using Asynchronous Clear ; 435   ;
; Number of registers using Asynchronous Load  ; 0     ;
; Number of registers using Clock Enable       ; 1524  ;
; Number of registers using Preset             ; 0     ;
+----------------------------------------------+-------+


+-------------------------------------------------------------------------------------------------------------------------------------------------------------------------------------------------------------------------------------------------------------------------------------------------------------------------------------------+
; Inverted Register Statistics                                                                                                                                                                                                                                                                                                              ;
+---------------------------------------------------------------------------------------------------------------------------------------------------------------------------------------------------------------------------------------------------------------------------------------------------------------------------------+---------+
; Inverted Register                                                                                                                                                                                                                                                                                                               ; Fan out ;
+---------------------------------------------------------------------------------------------------------------------------------------------------------------------------------------------------------------------------------------------------------------------------------------------------------------------------------+---------+
; init_s_mem:U1|state[0]                                                                                                                                                                                                                                                                                                          ; 6       ;
; init_s_mem:U1|state[1]                                                                                                                                                                                                                                                                                                          ; 6       ;
; init_s_mem:U12|state[0]                                                                                                                                                                                                                                                                                                         ; 6       ;
; init_s_mem:U12|state[1]                                                                                                                                                                                                                                                                                                         ; 6       ;
; init_s_mem:U13|state[0]                                                                                                                                                                                                                                                                                                         ; 6       ;
; init_s_mem:U13|state[1]                                                                                                                                                                                                                                                                                                         ; 6       ;
; init_s_mem:U14|state[0]                                                                                                                                                                                                                                                                                                         ; 6       ;
; init_s_mem:U14|state[1]                                                                                                                                                                                                                                                                                                         ; 6       ;
; sld_hub:auto_hub|alt_sld_fab_with_jtag_input:\instrumentation_fabric_with_node_gen:fabric_gen_new_way:with_jtag_input_gen:instrumentation_fabric|alt_sld_fab:instrumentation_fabric|alt_sld_fab_alt_sld_fab:alt_sld_fab|alt_sld_fab_alt_sld_fab_sldfabric:sldfabric|sld_jtag_hub:\jtag_hub_gen:real_sld_jtag_hub|jtag_ir_reg[1] ; 3       ;
; sld_hub:auto_hub|alt_sld_fab_with_jtag_input:\instrumentation_fabric_with_node_gen:fabric_gen_new_way:with_jtag_input_gen:instrumentation_fabric|alt_sld_fab:instrumentation_fabric|alt_sld_fab_alt_sld_fab:alt_sld_fab|alt_sld_fab_alt_sld_fab_sldfabric:sldfabric|sld_jtag_hub:\jtag_hub_gen:real_sld_jtag_hub|jtag_ir_reg[2] ; 2       ;
; Total number of inverted registers = 10                                                                                                                                                                                                                                                                                         ;         ;
+---------------------------------------------------------------------------------------------------------------------------------------------------------------------------------------------------------------------------------------------------------------------------------------------------------------------------------+---------+


+------------------------------------------------------------------------------------------------------------------------------------------------------------------------------------------------------------------------------------------------------------------------------------------------+
; Multiplexer Restructuring Statistics (Restructuring Performed)                                                                                                                                                                                                                                 ;
+--------------------+-----------+---------------+----------------------+------------------------+------------+----------------------------------------------------------------------------------------------------------------------------------------------------------------------------------+
; Multiplexer Inputs ; Bus Width ; Baseline Area ; Area if Restructured ; Saving if Restructured ; Registered ; Example Multiplexer Output                                                                                                                                                       ;
+--------------------+-----------+---------------+----------------------+------------------------+------------+----------------------------------------------------------------------------------------------------------------------------------------------------------------------------------+
; 3:1                ; 4 bits    ; 8 LEs         ; 4 LEs                ; 4 LEs                  ; Yes        ; |ksa|increment_key:U74|count_key[1]                                                                                                                                              ;
; 3:1                ; 18 bits   ; 36 LEs        ; 18 LEs               ; 18 LEs                 ; Yes        ; |ksa|increment_key:U74|count_key[8]                                                                                                                                              ;
; 3:1                ; 21 bits   ; 42 LEs        ; 0 LEs                ; 42 LEs                 ; Yes        ; |ksa|increment_key:U73|count_key[20]                                                                                                                                             ;
; 3:1                ; 21 bits   ; 42 LEs        ; 0 LEs                ; 42 LEs                 ; Yes        ; |ksa|increment_key:U72|count_key[16]                                                                                                                                             ;
; 3:1                ; 22 bits   ; 44 LEs        ; 0 LEs                ; 44 LEs                 ; Yes        ; |ksa|increment_key:U7|count_key[14]                                                                                                                                              ;
; 3:1                ; 8 bits    ; 16 LEs        ; 0 LEs                ; 16 LEs                 ; Yes        ; |ksa|s_memory:U0|altsyncram:altsyncram_component|altsyncram_m5b4:auto_generated|sld_mod_ram_rom:mgl_prim2|ram_rom_data_reg[2]                                                    ;
; 3:1                ; 4 bits    ; 8 LEs         ; 4 LEs                ; 4 LEs                  ; Yes        ; |ksa|s_memory:U0|altsyncram:altsyncram_component|altsyncram_m5b4:auto_generated|sld_mod_ram_rom:mgl_prim2|ram_rom_data_shift_cntr_reg[1]                                         ;
; 3:1                ; 8 bits    ; 16 LEs        ; 0 LEs                ; 16 LEs                 ; Yes        ; |ksa|ROM:U4|altsyncram:altsyncram_component|altsyncram_ijg4:auto_generated|sld_mod_ram_rom:mgl_prim2|ram_rom_data_reg[2]                                                         ;
; 3:1                ; 4 bits    ; 8 LEs         ; 4 LEs                ; 4 LEs                  ; Yes        ; |ksa|ROM:U4|altsyncram:altsyncram_component|altsyncram_ijg4:auto_generated|sld_mod_ram_rom:mgl_prim2|ram_rom_data_shift_cntr_reg[3]                                              ;
; 3:1                ; 8 bits    ; 16 LEs        ; 0 LEs                ; 16 LEs                 ; Yes        ; |ksa|RAM_Decrypt:U5|altsyncram:altsyncram_component|altsyncram_obb4:auto_generated|sld_mod_ram_rom:mgl_prim2|ram_rom_data_reg[1]                                                 ;
; 3:1                ; 4 bits    ; 8 LEs         ; 4 LEs                ; 4 LEs                  ; Yes        ; |ksa|RAM_Decrypt:U5|altsyncram:altsyncram_component|altsyncram_obb4:auto_generated|sld_mod_ram_rom:mgl_prim2|ram_rom_data_shift_cntr_reg[0]                                      ;
; 3:1                ; 8 bits    ; 16 LEs        ; 0 LEs                ; 16 LEs                 ; Yes        ; |ksa|s_memory:U02|altsyncram:altsyncram_component|altsyncram_m5b4:auto_generated|sld_mod_ram_rom:mgl_prim2|ram_rom_data_reg[3]                                                   ;
; 3:1                ; 4 bits    ; 8 LEs         ; 4 LEs                ; 4 LEs                  ; Yes        ; |ksa|s_memory:U02|altsyncram:altsyncram_component|altsyncram_m5b4:auto_generated|sld_mod_ram_rom:mgl_prim2|ram_rom_data_shift_cntr_reg[3]                                        ;
; 3:1                ; 8 bits    ; 16 LEs        ; 0 LEs                ; 16 LEs                 ; Yes        ; |ksa|ROM:U42|altsyncram:altsyncram_component|altsyncram_ijg4:auto_generated|sld_mod_ram_rom:mgl_prim2|ram_rom_data_reg[6]                                                        ;
; 3:1                ; 4 bits    ; 8 LEs         ; 4 LEs                ; 4 LEs                  ; Yes        ; |ksa|ROM:U42|altsyncram:altsyncram_component|altsyncram_ijg4:auto_generated|sld_mod_ram_rom:mgl_prim2|ram_rom_data_shift_cntr_reg[0]                                             ;
; 3:1                ; 8 bits    ; 16 LEs        ; 0 LEs                ; 16 LEs                 ; Yes        ; |ksa|RAM_Decrypt:U52|altsyncram:altsyncram_component|altsyncram_obb4:auto_generated|sld_mod_ram_rom:mgl_prim2|ram_rom_data_reg[5]                                                ;
; 3:1                ; 4 bits    ; 8 LEs         ; 4 LEs                ; 4 LEs                  ; Yes        ; |ksa|RAM_Decrypt:U52|altsyncram:altsyncram_component|altsyncram_obb4:auto_generated|sld_mod_ram_rom:mgl_prim2|ram_rom_data_shift_cntr_reg[2]                                     ;
; 3:1                ; 8 bits    ; 16 LEs        ; 0 LEs                ; 16 LEs                 ; Yes        ; |ksa|s_memory:U03|altsyncram:altsyncram_component|altsyncram_m5b4:auto_generated|sld_mod_ram_rom:mgl_prim2|ram_rom_data_reg[1]                                                   ;
; 3:1                ; 4 bits    ; 8 LEs         ; 4 LEs                ; 4 LEs                  ; Yes        ; |ksa|s_memory:U03|altsyncram:altsyncram_component|altsyncram_m5b4:auto_generated|sld_mod_ram_rom:mgl_prim2|ram_rom_data_shift_cntr_reg[2]                                        ;
; 3:1                ; 8 bits    ; 16 LEs        ; 0 LEs                ; 16 LEs                 ; Yes        ; |ksa|ROM:U43|altsyncram:altsyncram_component|altsyncram_ijg4:auto_generated|sld_mod_ram_rom:mgl_prim2|ram_rom_data_reg[1]                                                        ;
; 3:1                ; 4 bits    ; 8 LEs         ; 4 LEs                ; 4 LEs                  ; Yes        ; |ksa|ROM:U43|altsyncram:altsyncram_component|altsyncram_ijg4:auto_generated|sld_mod_ram_rom:mgl_prim2|ram_rom_data_shift_cntr_reg[3]                                             ;
; 3:1                ; 8 bits    ; 16 LEs        ; 0 LEs                ; 16 LEs                 ; Yes        ; |ksa|RAM_Decrypt:U53|altsyncram:altsyncram_component|altsyncram_obb4:auto_generated|sld_mod_ram_rom:mgl_prim2|ram_rom_data_reg[2]                                                ;
; 3:1                ; 4 bits    ; 8 LEs         ; 4 LEs                ; 4 LEs                  ; Yes        ; |ksa|RAM_Decrypt:U53|altsyncram:altsyncram_component|altsyncram_obb4:auto_generated|sld_mod_ram_rom:mgl_prim2|ram_rom_data_shift_cntr_reg[1]                                     ;
; 3:1                ; 8 bits    ; 16 LEs        ; 0 LEs                ; 16 LEs                 ; Yes        ; |ksa|s_memory:U04|altsyncram:altsyncram_component|altsyncram_m5b4:auto_generated|sld_mod_ram_rom:mgl_prim2|ram_rom_data_reg[6]                                                   ;
; 3:1                ; 4 bits    ; 8 LEs         ; 4 LEs                ; 4 LEs                  ; Yes        ; |ksa|s_memory:U04|altsyncram:altsyncram_component|altsyncram_m5b4:auto_generated|sld_mod_ram_rom:mgl_prim2|ram_rom_data_shift_cntr_reg[3]                                        ;
; 3:1                ; 8 bits    ; 16 LEs        ; 0 LEs                ; 16 LEs                 ; Yes        ; |ksa|ROM:U44|altsyncram:altsyncram_component|altsyncram_ijg4:auto_generated|sld_mod_ram_rom:mgl_prim2|ram_rom_data_reg[2]                                                        ;
; 3:1                ; 4 bits    ; 8 LEs         ; 4 LEs                ; 4 LEs                  ; Yes        ; |ksa|ROM:U44|altsyncram:altsyncram_component|altsyncram_ijg4:auto_generated|sld_mod_ram_rom:mgl_prim2|ram_rom_data_shift_cntr_reg[3]                                             ;
; 3:1                ; 8 bits    ; 16 LEs        ; 0 LEs                ; 16 LEs                 ; Yes        ; |ksa|RAM_Decrypt:U54|altsyncram:altsyncram_component|altsyncram_obb4:auto_generated|sld_mod_ram_rom:mgl_prim2|ram_rom_data_reg[5]                                                ;
; 3:1                ; 4 bits    ; 8 LEs         ; 4 LEs                ; 4 LEs                  ; Yes        ; |ksa|RAM_Decrypt:U54|altsyncram:altsyncram_component|altsyncram_obb4:auto_generated|sld_mod_ram_rom:mgl_prim2|ram_rom_data_shift_cntr_reg[1]                                     ;
; 3:1                ; 2 bits    ; 4 LEs         ; 4 LEs                ; 0 LEs                  ; Yes        ; |ksa|decrypter:U6|state[4]                                                                                                                                                       ;
; 3:1                ; 2 bits    ; 4 LEs         ; 4 LEs                ; 0 LEs                  ; Yes        ; |ksa|decrypter:U62|state[1]                                                                                                                                                      ;
; 3:1                ; 2 bits    ; 4 LEs         ; 4 LEs                ; 0 LEs                  ; Yes        ; |ksa|decrypter:U63|state[1]                                                                                                                                                      ;
; 3:1                ; 2 bits    ; 4 LEs         ; 4 LEs                ; 0 LEs                  ; Yes        ; |ksa|decrypter:U64|state[4]                                                                                                                                                      ;
; 3:1                ; 8 bits    ; 16 LEs        ; 0 LEs                ; 16 LEs                 ; Yes        ; |ksa|s_memory:U0|altsyncram:altsyncram_component|altsyncram_m5b4:auto_generated|sld_mod_ram_rom:mgl_prim2|ram_rom_addr_reg[4]                                                    ;
; 3:1                ; 5 bits    ; 10 LEs        ; 5 LEs                ; 5 LEs                  ; Yes        ; |ksa|ROM:U4|altsyncram:altsyncram_component|altsyncram_ijg4:auto_generated|sld_mod_ram_rom:mgl_prim2|ram_rom_addr_reg[1]                                                         ;
; 3:1                ; 5 bits    ; 10 LEs        ; 5 LEs                ; 5 LEs                  ; Yes        ; |ksa|RAM_Decrypt:U5|altsyncram:altsyncram_component|altsyncram_obb4:auto_generated|sld_mod_ram_rom:mgl_prim2|ram_rom_addr_reg[0]                                                 ;
; 3:1                ; 8 bits    ; 16 LEs        ; 0 LEs                ; 16 LEs                 ; Yes        ; |ksa|s_memory:U02|altsyncram:altsyncram_component|altsyncram_m5b4:auto_generated|sld_mod_ram_rom:mgl_prim2|ram_rom_addr_reg[0]                                                   ;
; 3:1                ; 5 bits    ; 10 LEs        ; 5 LEs                ; 5 LEs                  ; Yes        ; |ksa|ROM:U42|altsyncram:altsyncram_component|altsyncram_ijg4:auto_generated|sld_mod_ram_rom:mgl_prim2|ram_rom_addr_reg[3]                                                        ;
; 3:1                ; 5 bits    ; 10 LEs        ; 5 LEs                ; 5 LEs                  ; Yes        ; |ksa|RAM_Decrypt:U52|altsyncram:altsyncram_component|altsyncram_obb4:auto_generated|sld_mod_ram_rom:mgl_prim2|ram_rom_addr_reg[0]                                                ;
; 3:1                ; 8 bits    ; 16 LEs        ; 0 LEs                ; 16 LEs                 ; Yes        ; |ksa|s_memory:U03|altsyncram:altsyncram_component|altsyncram_m5b4:auto_generated|sld_mod_ram_rom:mgl_prim2|ram_rom_addr_reg[1]                                                   ;
; 3:1                ; 5 bits    ; 10 LEs        ; 5 LEs                ; 5 LEs                  ; Yes        ; |ksa|ROM:U43|altsyncram:altsyncram_component|altsyncram_ijg4:auto_generated|sld_mod_ram_rom:mgl_prim2|ram_rom_addr_reg[1]                                                        ;
; 3:1                ; 5 bits    ; 10 LEs        ; 5 LEs                ; 5 LEs                  ; Yes        ; |ksa|RAM_Decrypt:U53|altsyncram:altsyncram_component|altsyncram_obb4:auto_generated|sld_mod_ram_rom:mgl_prim2|ram_rom_addr_reg[3]                                                ;
; 3:1                ; 8 bits    ; 16 LEs        ; 0 LEs                ; 16 LEs                 ; Yes        ; |ksa|s_memory:U04|altsyncram:altsyncram_component|altsyncram_m5b4:auto_generated|sld_mod_ram_rom:mgl_prim2|ram_rom_addr_reg[4]                                                   ;
; 3:1                ; 5 bits    ; 10 LEs        ; 5 LEs                ; 5 LEs                  ; Yes        ; |ksa|ROM:U44|altsyncram:altsyncram_component|altsyncram_ijg4:auto_generated|sld_mod_ram_rom:mgl_prim2|ram_rom_addr_reg[4]                                                        ;
; 3:1                ; 5 bits    ; 10 LEs        ; 5 LEs                ; 5 LEs                  ; Yes        ; |ksa|RAM_Decrypt:U54|altsyncram:altsyncram_component|altsyncram_obb4:auto_generated|sld_mod_ram_rom:mgl_prim2|ram_rom_addr_reg[4]                                                ;
; 4:1                ; 8 bits    ; 16 LEs        ; 0 LEs                ; 16 LEs                 ; Yes        ; |ksa|init_s_mem:U1|count[2]                                                                                                                                                      ;
; 4:1                ; 8 bits    ; 16 LEs        ; 0 LEs                ; 16 LEs                 ; Yes        ; |ksa|init_s_mem:U12|count[5]                                                                                                                                                     ;
; 4:1                ; 8 bits    ; 16 LEs        ; 0 LEs                ; 16 LEs                 ; Yes        ; |ksa|init_s_mem:U13|count[5]                                                                                                                                                     ;
; 4:1                ; 8 bits    ; 16 LEs        ; 0 LEs                ; 16 LEs                 ; Yes        ; |ksa|init_s_mem:U14|count[4]                                                                                                                                                     ;
; 4:1                ; 5 bits    ; 10 LEs        ; 10 LEs               ; 0 LEs                  ; Yes        ; |ksa|s_memory:U0|altsyncram:altsyncram_component|altsyncram_m5b4:auto_generated|sld_mod_ram_rom:mgl_prim2|sld_rom_sr:\ram_rom_logic_gen:name_gen:info_rom_sr|word_counter[4]     ;
; 4:1                ; 5 bits    ; 10 LEs        ; 10 LEs               ; 0 LEs                  ; Yes        ; |ksa|ROM:U4|altsyncram:altsyncram_component|altsyncram_ijg4:auto_generated|sld_mod_ram_rom:mgl_prim2|sld_rom_sr:\ram_rom_logic_gen:name_gen:info_rom_sr|word_counter[1]          ;
; 4:1                ; 5 bits    ; 10 LEs        ; 10 LEs               ; 0 LEs                  ; Yes        ; |ksa|RAM_Decrypt:U5|altsyncram:altsyncram_component|altsyncram_obb4:auto_generated|sld_mod_ram_rom:mgl_prim2|sld_rom_sr:\ram_rom_logic_gen:name_gen:info_rom_sr|word_counter[0]  ;
; 4:1                ; 5 bits    ; 10 LEs        ; 10 LEs               ; 0 LEs                  ; Yes        ; |ksa|s_memory:U02|altsyncram:altsyncram_component|altsyncram_m5b4:auto_generated|sld_mod_ram_rom:mgl_prim2|sld_rom_sr:\ram_rom_logic_gen:name_gen:info_rom_sr|word_counter[0]    ;
; 4:1                ; 5 bits    ; 10 LEs        ; 10 LEs               ; 0 LEs                  ; Yes        ; |ksa|ROM:U42|altsyncram:altsyncram_component|altsyncram_ijg4:auto_generated|sld_mod_ram_rom:mgl_prim2|sld_rom_sr:\ram_rom_logic_gen:name_gen:info_rom_sr|word_counter[0]         ;
; 4:1                ; 5 bits    ; 10 LEs        ; 10 LEs               ; 0 LEs                  ; Yes        ; |ksa|RAM_Decrypt:U52|altsyncram:altsyncram_component|altsyncram_obb4:auto_generated|sld_mod_ram_rom:mgl_prim2|sld_rom_sr:\ram_rom_logic_gen:name_gen:info_rom_sr|word_counter[3] ;
; 4:1                ; 5 bits    ; 10 LEs        ; 10 LEs               ; 0 LEs                  ; Yes        ; |ksa|s_memory:U03|altsyncram:altsyncram_component|altsyncram_m5b4:auto_generated|sld_mod_ram_rom:mgl_prim2|sld_rom_sr:\ram_rom_logic_gen:name_gen:info_rom_sr|word_counter[4]    ;
; 4:1                ; 5 bits    ; 10 LEs        ; 10 LEs               ; 0 LEs                  ; Yes        ; |ksa|ROM:U43|altsyncram:altsyncram_component|altsyncram_ijg4:auto_generated|sld_mod_ram_rom:mgl_prim2|sld_rom_sr:\ram_rom_logic_gen:name_gen:info_rom_sr|word_counter[1]         ;
; 4:1                ; 5 bits    ; 10 LEs        ; 10 LEs               ; 0 LEs                  ; Yes        ; |ksa|RAM_Decrypt:U53|altsyncram:altsyncram_component|altsyncram_obb4:auto_generated|sld_mod_ram_rom:mgl_prim2|sld_rom_sr:\ram_rom_logic_gen:name_gen:info_rom_sr|word_counter[1] ;
; 4:1                ; 5 bits    ; 10 LEs        ; 10 LEs               ; 0 LEs                  ; Yes        ; |ksa|s_memory:U04|altsyncram:altsyncram_component|altsyncram_m5b4:auto_generated|sld_mod_ram_rom:mgl_prim2|sld_rom_sr:\ram_rom_logic_gen:name_gen:info_rom_sr|word_counter[3]    ;
; 4:1                ; 5 bits    ; 10 LEs        ; 10 LEs               ; 0 LEs                  ; Yes        ; |ksa|ROM:U44|altsyncram:altsyncram_component|altsyncram_ijg4:auto_generated|sld_mod_ram_rom:mgl_prim2|sld_rom_sr:\ram_rom_logic_gen:name_gen:info_rom_sr|word_counter[4]         ;
; 4:1                ; 5 bits    ; 10 LEs        ; 10 LEs               ; 0 LEs                  ; Yes        ; |ksa|RAM_Decrypt:U54|altsyncram:altsyncram_component|altsyncram_obb4:auto_generated|sld_mod_ram_rom:mgl_prim2|sld_rom_sr:\ram_rom_logic_gen:name_gen:info_rom_sr|word_counter[4] ;
; 17:1               ; 2 bits    ; 22 LEs        ; 12 LEs               ; 10 LEs                 ; Yes        ; |ksa|shuffle_mem:U2|state[3]                                                                                                                                                     ;
; 10:1               ; 8 bits    ; 48 LEs        ; 0 LEs                ; 48 LEs                 ; Yes        ; |ksa|shuffle_mem:U2|sj[3]                                                                                                                                                        ;
; 17:1               ; 2 bits    ; 22 LEs        ; 12 LEs               ; 10 LEs                 ; Yes        ; |ksa|shuffle_mem:U22|state[1]                                                                                                                                                    ;
; 10:1               ; 8 bits    ; 48 LEs        ; 0 LEs                ; 48 LEs                 ; Yes        ; |ksa|shuffle_mem:U22|sj[7]                                                                                                                                                       ;
; 17:1               ; 2 bits    ; 22 LEs        ; 12 LEs               ; 10 LEs                 ; Yes        ; |ksa|shuffle_mem:U23|state[1]                                                                                                                                                    ;
; 10:1               ; 8 bits    ; 48 LEs        ; 0 LEs                ; 48 LEs                 ; Yes        ; |ksa|shuffle_mem:U23|sj[0]                                                                                                                                                       ;
; 17:1               ; 2 bits    ; 22 LEs        ; 12 LEs               ; 10 LEs                 ; Yes        ; |ksa|shuffle_mem:U24|state[1]                                                                                                                                                    ;
; 10:1               ; 8 bits    ; 48 LEs        ; 0 LEs                ; 48 LEs                 ; Yes        ; |ksa|shuffle_mem:U24|sj[0]                                                                                                                                                       ;
; 10:1               ; 5 bits    ; 30 LEs        ; 5 LEs                ; 25 LEs                 ; Yes        ; |ksa|decrypter:U6|rom_addr[4]                                                                                                                                                    ;
; 10:1               ; 5 bits    ; 30 LEs        ; 5 LEs                ; 25 LEs                 ; Yes        ; |ksa|decrypter:U62|rom_addr[0]                                                                                                                                                   ;
; 10:1               ; 5 bits    ; 30 LEs        ; 5 LEs                ; 25 LEs                 ; Yes        ; |ksa|decrypter:U63|rom_addr[1]                                                                                                                                                   ;
; 10:1               ; 5 bits    ; 30 LEs        ; 5 LEs                ; 25 LEs                 ; Yes        ; |ksa|decrypter:U64|rom_addr[0]                                                                                                                                                   ;
; 11:1               ; 16 bits   ; 112 LEs       ; 0 LEs                ; 112 LEs                ; Yes        ; |ksa|shuffle_mem:U2|s_tempj[0]                                                                                                                                                   ;
; 11:1               ; 8 bits    ; 56 LEs        ; 0 LEs                ; 56 LEs                 ; Yes        ; |ksa|shuffle_mem:U2|i[1]                                                                                                                                                         ;
; 11:1               ; 8 bits    ; 56 LEs        ; 0 LEs                ; 56 LEs                 ; Yes        ; |ksa|shuffle_mem:U2|si[1]                                                                                                                                                        ;
; 11:1               ; 16 bits   ; 112 LEs       ; 0 LEs                ; 112 LEs                ; Yes        ; |ksa|shuffle_mem:U22|s_tempj[1]                                                                                                                                                  ;
; 11:1               ; 8 bits    ; 56 LEs        ; 0 LEs                ; 56 LEs                 ; Yes        ; |ksa|shuffle_mem:U22|i[3]                                                                                                                                                        ;
; 11:1               ; 8 bits    ; 56 LEs        ; 0 LEs                ; 56 LEs                 ; Yes        ; |ksa|shuffle_mem:U22|si[0]                                                                                                                                                       ;
; 11:1               ; 16 bits   ; 112 LEs       ; 0 LEs                ; 112 LEs                ; Yes        ; |ksa|shuffle_mem:U23|s_tempi[1]                                                                                                                                                  ;
; 11:1               ; 8 bits    ; 56 LEs        ; 0 LEs                ; 56 LEs                 ; Yes        ; |ksa|shuffle_mem:U23|i[1]                                                                                                                                                        ;
; 11:1               ; 8 bits    ; 56 LEs        ; 0 LEs                ; 56 LEs                 ; Yes        ; |ksa|shuffle_mem:U23|si[2]                                                                                                                                                       ;
; 11:1               ; 16 bits   ; 112 LEs       ; 0 LEs                ; 112 LEs                ; Yes        ; |ksa|shuffle_mem:U24|s_tempj[6]                                                                                                                                                  ;
; 11:1               ; 8 bits    ; 56 LEs        ; 0 LEs                ; 56 LEs                 ; Yes        ; |ksa|shuffle_mem:U24|i[6]                                                                                                                                                        ;
; 11:1               ; 8 bits    ; 56 LEs        ; 0 LEs                ; 56 LEs                 ; Yes        ; |ksa|shuffle_mem:U24|si[7]                                                                                                                                                       ;
; 33:1               ; 8 bits    ; 176 LEs       ; 0 LEs                ; 176 LEs                ; Yes        ; |ksa|decrypter:U6|temp_sq[0]                                                                                                                                                     ;
; 18:1               ; 8 bits    ; 96 LEs        ; 0 LEs                ; 96 LEs                 ; Yes        ; |ksa|decrypter:U6|sj[2]                                                                                                                                                          ;
; 33:1               ; 8 bits    ; 176 LEs       ; 0 LEs                ; 176 LEs                ; Yes        ; |ksa|decrypter:U62|temp_sq[3]                                                                                                                                                    ;
; 18:1               ; 8 bits    ; 96 LEs        ; 0 LEs                ; 96 LEs                 ; Yes        ; |ksa|decrypter:U62|sj[6]                                                                                                                                                         ;
; 33:1               ; 8 bits    ; 176 LEs       ; 0 LEs                ; 176 LEs                ; Yes        ; |ksa|decrypter:U63|temp_sq[7]                                                                                                                                                    ;
; 18:1               ; 8 bits    ; 96 LEs        ; 0 LEs                ; 96 LEs                 ; Yes        ; |ksa|decrypter:U63|sj[7]                                                                                                                                                         ;
; 33:1               ; 8 bits    ; 176 LEs       ; 0 LEs                ; 176 LEs                ; Yes        ; |ksa|decrypter:U64|temp_sq[4]                                                                                                                                                    ;
; 18:1               ; 8 bits    ; 96 LEs        ; 0 LEs                ; 96 LEs                 ; Yes        ; |ksa|decrypter:U64|sj[6]                                                                                                                                                         ;
; 12:1               ; 8 bits    ; 64 LEs        ; 0 LEs                ; 64 LEs                 ; Yes        ; |ksa|shuffle_mem:U2|s_data[2]                                                                                                                                                    ;
; 9:1                ; 8 bits    ; 48 LEs        ; 0 LEs                ; 48 LEs                 ; Yes        ; |ksa|shuffle_mem:U2|j[7]                                                                                                                                                         ;
; 12:1               ; 8 bits    ; 64 LEs        ; 0 LEs                ; 64 LEs                 ; Yes        ; |ksa|shuffle_mem:U22|s_data[4]                                                                                                                                                   ;
; 9:1                ; 8 bits    ; 48 LEs        ; 0 LEs                ; 48 LEs                 ; Yes        ; |ksa|shuffle_mem:U22|j[3]                                                                                                                                                        ;
; 12:1               ; 8 bits    ; 64 LEs        ; 0 LEs                ; 64 LEs                 ; Yes        ; |ksa|shuffle_mem:U23|s_data[3]                                                                                                                                                   ;
; 9:1                ; 8 bits    ; 48 LEs        ; 0 LEs                ; 48 LEs                 ; Yes        ; |ksa|shuffle_mem:U23|j[2]                                                                                                                                                        ;
; 12:1               ; 8 bits    ; 64 LEs        ; 0 LEs                ; 64 LEs                 ; Yes        ; |ksa|shuffle_mem:U24|s_data[2]                                                                                                                                                   ;
; 9:1                ; 8 bits    ; 48 LEs        ; 0 LEs                ; 48 LEs                 ; Yes        ; |ksa|shuffle_mem:U24|j[7]                                                                                                                                                        ;
; 34:1               ; 2 bits    ; 44 LEs        ; 32 LEs               ; 12 LEs                 ; Yes        ; |ksa|decrypter:U6|state[2]                                                                                                                                                       ;
; 19:1               ; 8 bits    ; 96 LEs        ; 0 LEs                ; 96 LEs                 ; Yes        ; |ksa|decrypter:U6|j[1]                                                                                                                                                           ;
; 19:1               ; 8 bits    ; 96 LEs        ; 0 LEs                ; 96 LEs                 ; Yes        ; |ksa|decrypter:U6|sum_si_sj[5]                                                                                                                                                   ;
; 19:1               ; 16 bits   ; 192 LEs       ; 0 LEs                ; 192 LEs                ; Yes        ; |ksa|decrypter:U6|temp_si[4]                                                                                                                                                     ;
; 19:1               ; 8 bits    ; 96 LEs        ; 0 LEs                ; 96 LEs                 ; Yes        ; |ksa|decrypter:U6|f[2]                                                                                                                                                           ;
; 19:1               ; 8 bits    ; 96 LEs        ; 0 LEs                ; 96 LEs                 ; Yes        ; |ksa|decrypter:U6|si[2]                                                                                                                                                          ;
; 12:1               ; 5 bits    ; 40 LEs        ; 10 LEs               ; 30 LEs                 ; Yes        ; |ksa|decrypter:U6|k[3]                                                                                                                                                           ;
; 19:1               ; 8 bits    ; 96 LEs        ; 0 LEs                ; 96 LEs                 ; Yes        ; |ksa|decrypter:U6|temp_decrypt[1]                                                                                                                                                ;
; 19:1               ; 13 bits   ; 156 LEs       ; 0 LEs                ; 156 LEs                ; Yes        ; |ksa|decrypter:U6|dram_data[7]                                                                                                                                                   ;
; 34:1               ; 2 bits    ; 44 LEs        ; 32 LEs               ; 12 LEs                 ; Yes        ; |ksa|decrypter:U62|state[2]                                                                                                                                                      ;
; 19:1               ; 8 bits    ; 96 LEs        ; 0 LEs                ; 96 LEs                 ; Yes        ; |ksa|decrypter:U62|j[5]                                                                                                                                                          ;
; 19:1               ; 8 bits    ; 96 LEs        ; 0 LEs                ; 96 LEs                 ; Yes        ; |ksa|decrypter:U62|sum_si_sj[4]                                                                                                                                                  ;
; 19:1               ; 16 bits   ; 192 LEs       ; 0 LEs                ; 192 LEs                ; Yes        ; |ksa|decrypter:U62|temp_si[3]                                                                                                                                                    ;
; 19:1               ; 8 bits    ; 96 LEs        ; 0 LEs                ; 96 LEs                 ; Yes        ; |ksa|decrypter:U62|f[5]                                                                                                                                                          ;
; 19:1               ; 8 bits    ; 96 LEs        ; 0 LEs                ; 96 LEs                 ; Yes        ; |ksa|decrypter:U62|si[2]                                                                                                                                                         ;
; 12:1               ; 5 bits    ; 40 LEs        ; 10 LEs               ; 30 LEs                 ; Yes        ; |ksa|decrypter:U62|k[1]                                                                                                                                                          ;
; 19:1               ; 8 bits    ; 96 LEs        ; 0 LEs                ; 96 LEs                 ; Yes        ; |ksa|decrypter:U62|temp_decrypt[2]                                                                                                                                               ;
; 19:1               ; 13 bits   ; 156 LEs       ; 0 LEs                ; 156 LEs                ; Yes        ; |ksa|decrypter:U62|dram_data[2]                                                                                                                                                  ;
; 34:1               ; 2 bits    ; 44 LEs        ; 32 LEs               ; 12 LEs                 ; Yes        ; |ksa|decrypter:U63|state[3]                                                                                                                                                      ;
; 19:1               ; 8 bits    ; 96 LEs        ; 0 LEs                ; 96 LEs                 ; Yes        ; |ksa|decrypter:U63|j[6]                                                                                                                                                          ;
; 19:1               ; 8 bits    ; 96 LEs        ; 0 LEs                ; 96 LEs                 ; Yes        ; |ksa|decrypter:U63|sum_si_sj[3]                                                                                                                                                  ;
; 19:1               ; 16 bits   ; 192 LEs       ; 0 LEs                ; 192 LEs                ; Yes        ; |ksa|decrypter:U63|temp_sj[7]                                                                                                                                                    ;
; 19:1               ; 8 bits    ; 96 LEs        ; 0 LEs                ; 96 LEs                 ; Yes        ; |ksa|decrypter:U63|f[1]                                                                                                                                                          ;
; 19:1               ; 8 bits    ; 96 LEs        ; 0 LEs                ; 96 LEs                 ; Yes        ; |ksa|decrypter:U63|si[0]                                                                                                                                                         ;
; 12:1               ; 5 bits    ; 40 LEs        ; 10 LEs               ; 30 LEs                 ; Yes        ; |ksa|decrypter:U63|k[4]                                                                                                                                                          ;
; 19:1               ; 8 bits    ; 96 LEs        ; 0 LEs                ; 96 LEs                 ; Yes        ; |ksa|decrypter:U63|temp_decrypt[7]                                                                                                                                               ;
; 19:1               ; 13 bits   ; 156 LEs       ; 0 LEs                ; 156 LEs                ; Yes        ; |ksa|decrypter:U63|dram_data[0]                                                                                                                                                  ;
; 34:1               ; 2 bits    ; 44 LEs        ; 32 LEs               ; 12 LEs                 ; Yes        ; |ksa|decrypter:U64|state[2]                                                                                                                                                      ;
; 19:1               ; 8 bits    ; 96 LEs        ; 0 LEs                ; 96 LEs                 ; Yes        ; |ksa|decrypter:U64|j[0]                                                                                                                                                          ;
; 19:1               ; 8 bits    ; 96 LEs        ; 0 LEs                ; 96 LEs                 ; Yes        ; |ksa|decrypter:U64|sum_si_sj[7]                                                                                                                                                  ;
; 19:1               ; 16 bits   ; 192 LEs       ; 0 LEs                ; 192 LEs                ; Yes        ; |ksa|decrypter:U64|temp_sj[0]                                                                                                                                                    ;
; 19:1               ; 8 bits    ; 96 LEs        ; 0 LEs                ; 96 LEs                 ; Yes        ; |ksa|decrypter:U64|f[0]                                                                                                                                                          ;
; 19:1               ; 8 bits    ; 96 LEs        ; 0 LEs                ; 96 LEs                 ; Yes        ; |ksa|decrypter:U64|si[3]                                                                                                                                                         ;
; 12:1               ; 5 bits    ; 40 LEs        ; 10 LEs               ; 30 LEs                 ; Yes        ; |ksa|decrypter:U64|k[3]                                                                                                                                                          ;
; 19:1               ; 8 bits    ; 96 LEs        ; 0 LEs                ; 96 LEs                 ; Yes        ; |ksa|decrypter:U64|temp_decrypt[5]                                                                                                                                               ;
; 19:1               ; 13 bits   ; 156 LEs       ; 0 LEs                ; 156 LEs                ; Yes        ; |ksa|decrypter:U64|dram_addr[0]                                                                                                                                                  ;
; 20:1               ; 2 bits    ; 26 LEs        ; 8 LEs                ; 18 LEs                 ; Yes        ; |ksa|shuffle_mem:U2|secret_key_sel[6]                                                                                                                                            ;
; 20:1               ; 6 bits    ; 78 LEs        ; 24 LEs               ; 54 LEs                 ; Yes        ; |ksa|shuffle_mem:U2|secret_key_sel[2]                                                                                                                                            ;
; 20:1               ; 2 bits    ; 26 LEs        ; 8 LEs                ; 18 LEs                 ; Yes        ; |ksa|shuffle_mem:U22|secret_key_sel[6]                                                                                                                                           ;
; 20:1               ; 6 bits    ; 78 LEs        ; 24 LEs               ; 54 LEs                 ; Yes        ; |ksa|shuffle_mem:U22|secret_key_sel[0]                                                                                                                                           ;
; 20:1               ; 2 bits    ; 26 LEs        ; 8 LEs                ; 18 LEs                 ; Yes        ; |ksa|shuffle_mem:U23|secret_key_sel[7]                                                                                                                                           ;
; 20:1               ; 6 bits    ; 78 LEs        ; 24 LEs               ; 54 LEs                 ; Yes        ; |ksa|shuffle_mem:U23|secret_key_sel[0]                                                                                                                                           ;
; 20:1               ; 2 bits    ; 26 LEs        ; 8 LEs                ; 18 LEs                 ; Yes        ; |ksa|shuffle_mem:U24|secret_key_sel[7]                                                                                                                                           ;
; 20:1               ; 6 bits    ; 78 LEs        ; 24 LEs               ; 54 LEs                 ; Yes        ; |ksa|shuffle_mem:U24|secret_key_sel[5]                                                                                                                                           ;
; 9:1                ; 8 bits    ; 48 LEs        ; 0 LEs                ; 48 LEs                 ; Yes        ; |ksa|shuffle_mem:U2|s_addr[5]                                                                                                                                                    ;
; 9:1                ; 8 bits    ; 48 LEs        ; 0 LEs                ; 48 LEs                 ; Yes        ; |ksa|shuffle_mem:U22|s_addr[1]                                                                                                                                                   ;
; 9:1                ; 8 bits    ; 48 LEs        ; 0 LEs                ; 48 LEs                 ; Yes        ; |ksa|shuffle_mem:U23|s_addr[2]                                                                                                                                                   ;
; 9:1                ; 8 bits    ; 48 LEs        ; 0 LEs                ; 48 LEs                 ; Yes        ; |ksa|shuffle_mem:U24|s_addr[7]                                                                                                                                                   ;
; 13:1               ; 8 bits    ; 64 LEs        ; 0 LEs                ; 64 LEs                 ; Yes        ; |ksa|decrypter:U6|i[7]                                                                                                                                                           ;
; 20:1               ; 8 bits    ; 104 LEs       ; 0 LEs                ; 104 LEs                ; Yes        ; |ksa|decrypter:U6|s_decrypt_data[7]                                                                                                                                              ;
; 13:1               ; 8 bits    ; 64 LEs        ; 0 LEs                ; 64 LEs                 ; Yes        ; |ksa|decrypter:U62|i[7]                                                                                                                                                          ;
; 20:1               ; 8 bits    ; 104 LEs       ; 0 LEs                ; 104 LEs                ; Yes        ; |ksa|decrypter:U62|s_decrypt_data[0]                                                                                                                                             ;
; 13:1               ; 8 bits    ; 64 LEs        ; 0 LEs                ; 64 LEs                 ; Yes        ; |ksa|decrypter:U63|i[3]                                                                                                                                                          ;
; 20:1               ; 8 bits    ; 104 LEs       ; 0 LEs                ; 104 LEs                ; Yes        ; |ksa|decrypter:U63|s_decrypt_data[0]                                                                                                                                             ;
; 13:1               ; 8 bits    ; 64 LEs        ; 0 LEs                ; 64 LEs                 ; Yes        ; |ksa|decrypter:U64|i[3]                                                                                                                                                          ;
; 20:1               ; 8 bits    ; 104 LEs       ; 0 LEs                ; 104 LEs                ; Yes        ; |ksa|decrypter:U64|s_decrypt_data[2]                                                                                                                                             ;
; 26:1               ; 4 bits    ; 68 LEs        ; 40 LEs               ; 28 LEs                 ; Yes        ; |ksa|s_memory:U0|altsyncram:altsyncram_component|altsyncram_m5b4:auto_generated|sld_mod_ram_rom:mgl_prim2|sld_rom_sr:\ram_rom_logic_gen:name_gen:info_rom_sr|WORD_SR[3]          ;
; 26:1               ; 4 bits    ; 68 LEs        ; 52 LEs               ; 16 LEs                 ; Yes        ; |ksa|ROM:U4|altsyncram:altsyncram_component|altsyncram_ijg4:auto_generated|sld_mod_ram_rom:mgl_prim2|sld_rom_sr:\ram_rom_logic_gen:name_gen:info_rom_sr|WORD_SR[1]               ;
; 26:1               ; 4 bits    ; 68 LEs        ; 52 LEs               ; 16 LEs                 ; Yes        ; |ksa|RAM_Decrypt:U5|altsyncram:altsyncram_component|altsyncram_obb4:auto_generated|sld_mod_ram_rom:mgl_prim2|sld_rom_sr:\ram_rom_logic_gen:name_gen:info_rom_sr|WORD_SR[1]       ;
; 26:1               ; 4 bits    ; 68 LEs        ; 40 LEs               ; 28 LEs                 ; Yes        ; |ksa|s_memory:U02|altsyncram:altsyncram_component|altsyncram_m5b4:auto_generated|sld_mod_ram_rom:mgl_prim2|sld_rom_sr:\ram_rom_logic_gen:name_gen:info_rom_sr|WORD_SR[3]         ;
; 26:1               ; 4 bits    ; 68 LEs        ; 52 LEs               ; 16 LEs                 ; Yes        ; |ksa|ROM:U42|altsyncram:altsyncram_component|altsyncram_ijg4:auto_generated|sld_mod_ram_rom:mgl_prim2|sld_rom_sr:\ram_rom_logic_gen:name_gen:info_rom_sr|WORD_SR[2]              ;
; 26:1               ; 4 bits    ; 68 LEs        ; 52 LEs               ; 16 LEs                 ; Yes        ; |ksa|RAM_Decrypt:U52|altsyncram:altsyncram_component|altsyncram_obb4:auto_generated|sld_mod_ram_rom:mgl_prim2|sld_rom_sr:\ram_rom_logic_gen:name_gen:info_rom_sr|WORD_SR[1]      ;
; 26:1               ; 4 bits    ; 68 LEs        ; 40 LEs               ; 28 LEs                 ; Yes        ; |ksa|s_memory:U03|altsyncram:altsyncram_component|altsyncram_m5b4:auto_generated|sld_mod_ram_rom:mgl_prim2|sld_rom_sr:\ram_rom_logic_gen:name_gen:info_rom_sr|WORD_SR[2]         ;
; 26:1               ; 4 bits    ; 68 LEs        ; 52 LEs               ; 16 LEs                 ; Yes        ; |ksa|ROM:U43|altsyncram:altsyncram_component|altsyncram_ijg4:auto_generated|sld_mod_ram_rom:mgl_prim2|sld_rom_sr:\ram_rom_logic_gen:name_gen:info_rom_sr|WORD_SR[2]              ;
; 26:1               ; 4 bits    ; 68 LEs        ; 52 LEs               ; 16 LEs                 ; Yes        ; |ksa|RAM_Decrypt:U53|altsyncram:altsyncram_component|altsyncram_obb4:auto_generated|sld_mod_ram_rom:mgl_prim2|sld_rom_sr:\ram_rom_logic_gen:name_gen:info_rom_sr|WORD_SR[2]      ;
; 26:1               ; 4 bits    ; 68 LEs        ; 40 LEs               ; 28 LEs                 ; Yes        ; |ksa|s_memory:U04|altsyncram:altsyncram_component|altsyncram_m5b4:auto_generated|sld_mod_ram_rom:mgl_prim2|sld_rom_sr:\ram_rom_logic_gen:name_gen:info_rom_sr|WORD_SR[1]         ;
; 26:1               ; 4 bits    ; 68 LEs        ; 52 LEs               ; 16 LEs                 ; Yes        ; |ksa|ROM:U44|altsyncram:altsyncram_component|altsyncram_ijg4:auto_generated|sld_mod_ram_rom:mgl_prim2|sld_rom_sr:\ram_rom_logic_gen:name_gen:info_rom_sr|WORD_SR[0]              ;
; 26:1               ; 4 bits    ; 68 LEs        ; 52 LEs               ; 16 LEs                 ; Yes        ; |ksa|RAM_Decrypt:U54|altsyncram:altsyncram_component|altsyncram_obb4:auto_generated|sld_mod_ram_rom:mgl_prim2|sld_rom_sr:\ram_rom_logic_gen:name_gen:info_rom_sr|WORD_SR[0]      ;
; 17:1               ; 8 bits    ; 88 LEs        ; 16 LEs               ; 72 LEs                 ; Yes        ; |ksa|decrypter:U6|s_decrypt_addr[6]                                                                                                                                              ;
; 17:1               ; 8 bits    ; 88 LEs        ; 16 LEs               ; 72 LEs                 ; Yes        ; |ksa|decrypter:U62|s_decrypt_addr[7]                                                                                                                                             ;
; 17:1               ; 8 bits    ; 88 LEs        ; 16 LEs               ; 72 LEs                 ; Yes        ; |ksa|decrypter:U63|s_decrypt_addr[5]                                                                                                                                             ;
; 17:1               ; 8 bits    ; 88 LEs        ; 16 LEs               ; 72 LEs                 ; Yes        ; |ksa|decrypter:U64|s_decrypt_addr[7]                                                                                                                                             ;
; 6:1                ; 2 bits    ; 8 LEs         ; 6 LEs                ; 2 LEs                  ; Yes        ; |ksa|init_s_mem:U1|state[0]                                                                                                                                                      ;
; 6:1                ; 2 bits    ; 8 LEs         ; 6 LEs                ; 2 LEs                  ; Yes        ; |ksa|init_s_mem:U12|state[1]                                                                                                                                                     ;
; 6:1                ; 2 bits    ; 8 LEs         ; 6 LEs                ; 2 LEs                  ; Yes        ; |ksa|init_s_mem:U13|state[0]                                                                                                                                                     ;
; 6:1                ; 2 bits    ; 8 LEs         ; 6 LEs                ; 2 LEs                  ; Yes        ; |ksa|init_s_mem:U14|state[0]                                                                                                                                                     ;
; 4:1                ; 16 bits   ; 32 LEs        ; 32 LEs               ; 0 LEs                  ; No         ; |ksa|data_selector:U3|Mux11                                                                                                                                                      ;
; 4:1                ; 16 bits   ; 32 LEs        ; 32 LEs               ; 0 LEs                  ; No         ; |ksa|data_selector:U32|Mux10                                                                                                                                                     ;
; 4:1                ; 16 bits   ; 32 LEs        ; 32 LEs               ; 0 LEs                  ; No         ; |ksa|data_selector:U33|Mux4                                                                                                                                                      ;
; 4:1                ; 16 bits   ; 32 LEs        ; 32 LEs               ; 0 LEs                  ; No         ; |ksa|data_selector:U34|Mux10                                                                                                                                                     ;
; 4:1                ; 22 bits   ; 44 LEs        ; 44 LEs               ; 0 LEs                  ; No         ; |ksa|sel_key[14]                                                                                                                                                                 ;
+--------------------+-----------+---------------+----------------------+------------------------+------------+----------------------------------------------------------------------------------------------------------------------------------------------------------------------------------+


+-------------------------------------------------------------------------------------------------------------------------------+
; Source assignments for s_memory:U0|altsyncram:altsyncram_component|altsyncram_m5b4:auto_generated|altsyncram_kq83:altsyncram1 ;
+---------------------------------+-------+------+------------------------------------------------------------------------------+
; Assignment                      ; Value ; From ; To                                                                           ;
+---------------------------------+-------+------+------------------------------------------------------------------------------+
; OPTIMIZE_POWER_DURING_SYNTHESIS ; OFF   ; -    ; -                                                                            ;
+---------------------------------+-------+------+------------------------------------------------------------------------------+


+--------------------------------------------------------------------------------------------------------------------------+
; Source assignments for ROM:U4|altsyncram:altsyncram_component|altsyncram_ijg4:auto_generated|altsyncram_e2h3:altsyncram1 ;
+---------------------------------+-------+------+-------------------------------------------------------------------------+
; Assignment                      ; Value ; From ; To                                                                      ;
+---------------------------------+-------+------+-------------------------------------------------------------------------+
; OPTIMIZE_POWER_DURING_SYNTHESIS ; OFF   ; -    ; -                                                                       ;
+---------------------------------+-------+------+-------------------------------------------------------------------------+


+----------------------------------------------------------------------------------------------------------------------------------+
; Source assignments for RAM_Decrypt:U5|altsyncram:altsyncram_component|altsyncram_obb4:auto_generated|altsyncram_um83:altsyncram1 ;
+---------------------------------+-------+------+---------------------------------------------------------------------------------+
; Assignment                      ; Value ; From ; To                                                                              ;
+---------------------------------+-------+------+---------------------------------------------------------------------------------+
; OPTIMIZE_POWER_DURING_SYNTHESIS ; OFF   ; -    ; -                                                                               ;
+---------------------------------+-------+------+---------------------------------------------------------------------------------+


+--------------------------------------------------------------------------------------------------------------------------------+
; Source assignments for s_memory:U02|altsyncram:altsyncram_component|altsyncram_m5b4:auto_generated|altsyncram_kq83:altsyncram1 ;
+---------------------------------+-------+------+-------------------------------------------------------------------------------+
; Assignment                      ; Value ; From ; To                                                                            ;
+---------------------------------+-------+------+-------------------------------------------------------------------------------+
; OPTIMIZE_POWER_DURING_SYNTHESIS ; OFF   ; -    ; -                                                                             ;
+---------------------------------+-------+------+-------------------------------------------------------------------------------+


+---------------------------------------------------------------------------------------------------------------------------+
; Source assignments for ROM:U42|altsyncram:altsyncram_component|altsyncram_ijg4:auto_generated|altsyncram_e2h3:altsyncram1 ;
+---------------------------------+-------+------+--------------------------------------------------------------------------+
; Assignment                      ; Value ; From ; To                                                                       ;
+---------------------------------+-------+------+--------------------------------------------------------------------------+
; OPTIMIZE_POWER_DURING_SYNTHESIS ; OFF   ; -    ; -                                                                        ;
+---------------------------------+-------+------+--------------------------------------------------------------------------+


+-----------------------------------------------------------------------------------------------------------------------------------+
; Source assignments for RAM_Decrypt:U52|altsyncram:altsyncram_component|altsyncram_obb4:auto_generated|altsyncram_um83:altsyncram1 ;
+---------------------------------+-------+------+----------------------------------------------------------------------------------+
; Assignment                      ; Value ; From ; To                                                                               ;
+---------------------------------+-------+------+----------------------------------------------------------------------------------+
; OPTIMIZE_POWER_DURING_SYNTHESIS ; OFF   ; -    ; -                                                                                ;
+---------------------------------+-------+------+----------------------------------------------------------------------------------+


+--------------------------------------------------------------------------------------------------------------------------------+
; Source assignments for s_memory:U03|altsyncram:altsyncram_component|altsyncram_m5b4:auto_generated|altsyncram_kq83:altsyncram1 ;
+---------------------------------+-------+------+-------------------------------------------------------------------------------+
; Assignment                      ; Value ; From ; To                                                                            ;
+---------------------------------+-------+------+-------------------------------------------------------------------------------+
; OPTIMIZE_POWER_DURING_SYNTHESIS ; OFF   ; -    ; -                                                                             ;
+---------------------------------+-------+------+-------------------------------------------------------------------------------+


+---------------------------------------------------------------------------------------------------------------------------+
; Source assignments for ROM:U43|altsyncram:altsyncram_component|altsyncram_ijg4:auto_generated|altsyncram_e2h3:altsyncram1 ;
+---------------------------------+-------+------+--------------------------------------------------------------------------+
; Assignment                      ; Value ; From ; To                                                                       ;
+---------------------------------+-------+------+--------------------------------------------------------------------------+
; OPTIMIZE_POWER_DURING_SYNTHESIS ; OFF   ; -    ; -                                                                        ;
+---------------------------------+-------+------+--------------------------------------------------------------------------+


+-----------------------------------------------------------------------------------------------------------------------------------+
; Source assignments for RAM_Decrypt:U53|altsyncram:altsyncram_component|altsyncram_obb4:auto_generated|altsyncram_um83:altsyncram1 ;
+---------------------------------+-------+------+----------------------------------------------------------------------------------+
; Assignment                      ; Value ; From ; To                                                                               ;
+---------------------------------+-------+------+----------------------------------------------------------------------------------+
; OPTIMIZE_POWER_DURING_SYNTHESIS ; OFF   ; -    ; -                                                                                ;
+---------------------------------+-------+------+----------------------------------------------------------------------------------+


+--------------------------------------------------------------------------------------------------------------------------------+
; Source assignments for s_memory:U04|altsyncram:altsyncram_component|altsyncram_m5b4:auto_generated|altsyncram_kq83:altsyncram1 ;
+---------------------------------+-------+------+-------------------------------------------------------------------------------+
; Assignment                      ; Value ; From ; To                                                                            ;
+---------------------------------+-------+------+-------------------------------------------------------------------------------+
; OPTIMIZE_POWER_DURING_SYNTHESIS ; OFF   ; -    ; -                                                                             ;
+---------------------------------+-------+------+-------------------------------------------------------------------------------+


+---------------------------------------------------------------------------------------------------------------------------+
; Source assignments for ROM:U44|altsyncram:altsyncram_component|altsyncram_ijg4:auto_generated|altsyncram_e2h3:altsyncram1 ;
+---------------------------------+-------+------+--------------------------------------------------------------------------+
; Assignment                      ; Value ; From ; To                                                                       ;
+---------------------------------+-------+------+--------------------------------------------------------------------------+
; OPTIMIZE_POWER_DURING_SYNTHESIS ; OFF   ; -    ; -                                                                        ;
+---------------------------------+-------+------+--------------------------------------------------------------------------+


+-----------------------------------------------------------------------------------------------------------------------------------+
; Source assignments for RAM_Decrypt:U54|altsyncram:altsyncram_component|altsyncram_obb4:auto_generated|altsyncram_um83:altsyncram1 ;
+---------------------------------+-------+------+----------------------------------------------------------------------------------+
; Assignment                      ; Value ; From ; To                                                                               ;
+---------------------------------+-------+------+----------------------------------------------------------------------------------+
; OPTIMIZE_POWER_DURING_SYNTHESIS ; OFF   ; -    ; -                                                                                ;
+---------------------------------+-------+------+----------------------------------------------------------------------------------+


+------------------------------------------------------------------------------------------+
; Parameter Settings for User Entity Instance: s_memory:U0|altsyncram:altsyncram_component ;
+------------------------------------+----------------------+------------------------------+
; Parameter Name                     ; Value                ; Type                         ;
+------------------------------------+----------------------+------------------------------+
; BYTE_SIZE_BLOCK                    ; 8                    ; Untyped                      ;
; AUTO_CARRY_CHAINS                  ; ON                   ; AUTO_CARRY                   ;
; IGNORE_CARRY_BUFFERS               ; OFF                  ; IGNORE_CARRY                 ;
; AUTO_CASCADE_CHAINS                ; ON                   ; AUTO_CASCADE                 ;
; IGNORE_CASCADE_BUFFERS             ; OFF                  ; IGNORE_CASCADE               ;
; WIDTH_BYTEENA                      ; 1                    ; Untyped                      ;
; OPERATION_MODE                     ; SINGLE_PORT          ; Untyped                      ;
; WIDTH_A                            ; 8                    ; Signed Integer               ;
; WIDTHAD_A                          ; 8                    ; Signed Integer               ;
; NUMWORDS_A                         ; 256                  ; Signed Integer               ;
; OUTDATA_REG_A                      ; UNREGISTERED         ; Untyped                      ;
; ADDRESS_ACLR_A                     ; NONE                 ; Untyped                      ;
; OUTDATA_ACLR_A                     ; NONE                 ; Untyped                      ;
; WRCONTROL_ACLR_A                   ; NONE                 ; Untyped                      ;
; INDATA_ACLR_A                      ; NONE                 ; Untyped                      ;
; BYTEENA_ACLR_A                     ; NONE                 ; Untyped                      ;
; WIDTH_B                            ; 1                    ; Signed Integer               ;
; WIDTHAD_B                          ; 1                    ; Signed Integer               ;
; NUMWORDS_B                         ; 0                    ; Signed Integer               ;
; INDATA_REG_B                       ; CLOCK1               ; Untyped                      ;
; WRCONTROL_WRADDRESS_REG_B          ; CLOCK1               ; Untyped                      ;
; RDCONTROL_REG_B                    ; CLOCK1               ; Untyped                      ;
; ADDRESS_REG_B                      ; CLOCK1               ; Untyped                      ;
; OUTDATA_REG_B                      ; UNREGISTERED         ; Untyped                      ;
; BYTEENA_REG_B                      ; CLOCK1               ; Untyped                      ;
; INDATA_ACLR_B                      ; NONE                 ; Untyped                      ;
; WRCONTROL_ACLR_B                   ; NONE                 ; Untyped                      ;
; ADDRESS_ACLR_B                     ; NONE                 ; Untyped                      ;
; OUTDATA_ACLR_B                     ; NONE                 ; Untyped                      ;
; RDCONTROL_ACLR_B                   ; NONE                 ; Untyped                      ;
; BYTEENA_ACLR_B                     ; NONE                 ; Untyped                      ;
; WIDTH_BYTEENA_A                    ; 1                    ; Signed Integer               ;
; WIDTH_BYTEENA_B                    ; 1                    ; Signed Integer               ;
; RAM_BLOCK_TYPE                     ; M10K                 ; Untyped                      ;
; BYTE_SIZE                          ; 8                    ; Signed Integer               ;
; READ_DURING_WRITE_MODE_MIXED_PORTS ; DONT_CARE            ; Untyped                      ;
; READ_DURING_WRITE_MODE_PORT_A      ; NEW_DATA_NO_NBE_READ ; Untyped                      ;
; READ_DURING_WRITE_MODE_PORT_B      ; NEW_DATA_NO_NBE_READ ; Untyped                      ;
; INIT_FILE                          ; UNUSED               ; Untyped                      ;
; INIT_FILE_LAYOUT                   ; PORT_A               ; Untyped                      ;
; MAXIMUM_DEPTH                      ; 0                    ; Signed Integer               ;
; CLOCK_ENABLE_INPUT_A               ; BYPASS               ; Untyped                      ;
; CLOCK_ENABLE_INPUT_B               ; NORMAL               ; Untyped                      ;
; CLOCK_ENABLE_OUTPUT_A              ; BYPASS               ; Untyped                      ;
; CLOCK_ENABLE_OUTPUT_B              ; NORMAL               ; Untyped                      ;
; CLOCK_ENABLE_CORE_A                ; USE_INPUT_CLKEN      ; Untyped                      ;
; CLOCK_ENABLE_CORE_B                ; USE_INPUT_CLKEN      ; Untyped                      ;
; ENABLE_ECC                         ; FALSE                ; Untyped                      ;
; ECC_PIPELINE_STAGE_ENABLED         ; FALSE                ; Untyped                      ;
; WIDTH_ECCSTATUS                    ; 3                    ; Signed Integer               ;
; DEVICE_FAMILY                      ; Cyclone V            ; Untyped                      ;
; CBXI_PARAMETER                     ; altsyncram_m5b4      ; Untyped                      ;
+------------------------------------+----------------------+------------------------------+
Note: In order to hide this table in the UI and the text report file, please set the "Show Parameter Settings in Synthesis Report" option in "Analysis and Synthesis Settings -> More Settings" to "Off".


+------------------------------------------------------------------------------------------------------+
; Parameter Settings for User Entity Instance: ROM:U4|altsyncram:altsyncram_component                  ;
+------------------------------------+------------------------------------------------+----------------+
; Parameter Name                     ; Value                                          ; Type           ;
+------------------------------------+------------------------------------------------+----------------+
; BYTE_SIZE_BLOCK                    ; 8                                              ; Untyped        ;
; AUTO_CARRY_CHAINS                  ; ON                                             ; AUTO_CARRY     ;
; IGNORE_CARRY_BUFFERS               ; OFF                                            ; IGNORE_CARRY   ;
; AUTO_CASCADE_CHAINS                ; ON                                             ; AUTO_CASCADE   ;
; IGNORE_CASCADE_BUFFERS             ; OFF                                            ; IGNORE_CASCADE ;
; WIDTH_BYTEENA                      ; 1                                              ; Untyped        ;
; OPERATION_MODE                     ; ROM                                            ; Untyped        ;
; WIDTH_A                            ; 8                                              ; Signed Integer ;
; WIDTHAD_A                          ; 5                                              ; Signed Integer ;
; NUMWORDS_A                         ; 32                                             ; Signed Integer ;
; OUTDATA_REG_A                      ; UNREGISTERED                                   ; Untyped        ;
; ADDRESS_ACLR_A                     ; NONE                                           ; Untyped        ;
; OUTDATA_ACLR_A                     ; NONE                                           ; Untyped        ;
; WRCONTROL_ACLR_A                   ; NONE                                           ; Untyped        ;
; INDATA_ACLR_A                      ; NONE                                           ; Untyped        ;
; BYTEENA_ACLR_A                     ; NONE                                           ; Untyped        ;
; WIDTH_B                            ; 1                                              ; Signed Integer ;
; WIDTHAD_B                          ; 1                                              ; Signed Integer ;
; NUMWORDS_B                         ; 0                                              ; Signed Integer ;
; INDATA_REG_B                       ; CLOCK1                                         ; Untyped        ;
; WRCONTROL_WRADDRESS_REG_B          ; CLOCK1                                         ; Untyped        ;
; RDCONTROL_REG_B                    ; CLOCK1                                         ; Untyped        ;
; ADDRESS_REG_B                      ; CLOCK1                                         ; Untyped        ;
; OUTDATA_REG_B                      ; UNREGISTERED                                   ; Untyped        ;
; BYTEENA_REG_B                      ; CLOCK1                                         ; Untyped        ;
; INDATA_ACLR_B                      ; NONE                                           ; Untyped        ;
; WRCONTROL_ACLR_B                   ; NONE                                           ; Untyped        ;
; ADDRESS_ACLR_B                     ; NONE                                           ; Untyped        ;
; OUTDATA_ACLR_B                     ; NONE                                           ; Untyped        ;
; RDCONTROL_ACLR_B                   ; NONE                                           ; Untyped        ;
; BYTEENA_ACLR_B                     ; NONE                                           ; Untyped        ;
; WIDTH_BYTEENA_A                    ; 1                                              ; Signed Integer ;
; WIDTH_BYTEENA_B                    ; 1                                              ; Signed Integer ;
; RAM_BLOCK_TYPE                     ; M10K                                           ; Untyped        ;
; BYTE_SIZE                          ; 8                                              ; Signed Integer ;
; READ_DURING_WRITE_MODE_MIXED_PORTS ; DONT_CARE                                      ; Untyped        ;
; READ_DURING_WRITE_MODE_PORT_A      ; NEW_DATA_NO_NBE_READ                           ; Untyped        ;
; READ_DURING_WRITE_MODE_PORT_B      ; NEW_DATA_NO_NBE_READ                           ; Untyped        ;
; INIT_FILE                          ; ../secret_messages/msg_8_for_task3/message.mif ; Untyped        ;
; INIT_FILE_LAYOUT                   ; PORT_A                                         ; Untyped        ;
; MAXIMUM_DEPTH                      ; 0                                              ; Signed Integer ;
; CLOCK_ENABLE_INPUT_A               ; BYPASS                                         ; Untyped        ;
; CLOCK_ENABLE_INPUT_B               ; NORMAL                                         ; Untyped        ;
; CLOCK_ENABLE_OUTPUT_A              ; BYPASS                                         ; Untyped        ;
; CLOCK_ENABLE_OUTPUT_B              ; NORMAL                                         ; Untyped        ;
; CLOCK_ENABLE_CORE_A                ; USE_INPUT_CLKEN                                ; Untyped        ;
; CLOCK_ENABLE_CORE_B                ; USE_INPUT_CLKEN                                ; Untyped        ;
; ENABLE_ECC                         ; FALSE                                          ; Untyped        ;
; ECC_PIPELINE_STAGE_ENABLED         ; FALSE                                          ; Untyped        ;
; WIDTH_ECCSTATUS                    ; 3                                              ; Signed Integer ;
; DEVICE_FAMILY                      ; Cyclone V                                      ; Untyped        ;
; CBXI_PARAMETER                     ; altsyncram_ijg4                                ; Untyped        ;
+------------------------------------+------------------------------------------------+----------------+
Note: In order to hide this table in the UI and the text report file, please set the "Show Parameter Settings in Synthesis Report" option in "Analysis and Synthesis Settings -> More Settings" to "Off".


+---------------------------------------------------------------------------------------------+
; Parameter Settings for User Entity Instance: RAM_Decrypt:U5|altsyncram:altsyncram_component ;
+------------------------------------+----------------------+---------------------------------+
; Parameter Name                     ; Value                ; Type                            ;
+------------------------------------+----------------------+---------------------------------+
; BYTE_SIZE_BLOCK                    ; 8                    ; Untyped                         ;
; AUTO_CARRY_CHAINS                  ; ON                   ; AUTO_CARRY                      ;
; IGNORE_CARRY_BUFFERS               ; OFF                  ; IGNORE_CARRY                    ;
; AUTO_CASCADE_CHAINS                ; ON                   ; AUTO_CASCADE                    ;
; IGNORE_CASCADE_BUFFERS             ; OFF                  ; IGNORE_CASCADE                  ;
; WIDTH_BYTEENA                      ; 1                    ; Untyped                         ;
; OPERATION_MODE                     ; SINGLE_PORT          ; Untyped                         ;
; WIDTH_A                            ; 8                    ; Signed Integer                  ;
; WIDTHAD_A                          ; 5                    ; Signed Integer                  ;
; NUMWORDS_A                         ; 32                   ; Signed Integer                  ;
; OUTDATA_REG_A                      ; UNREGISTERED         ; Untyped                         ;
; ADDRESS_ACLR_A                     ; NONE                 ; Untyped                         ;
; OUTDATA_ACLR_A                     ; NONE                 ; Untyped                         ;
; WRCONTROL_ACLR_A                   ; NONE                 ; Untyped                         ;
; INDATA_ACLR_A                      ; NONE                 ; Untyped                         ;
; BYTEENA_ACLR_A                     ; NONE                 ; Untyped                         ;
; WIDTH_B                            ; 1                    ; Signed Integer                  ;
; WIDTHAD_B                          ; 1                    ; Signed Integer                  ;
; NUMWORDS_B                         ; 0                    ; Signed Integer                  ;
; INDATA_REG_B                       ; CLOCK1               ; Untyped                         ;
; WRCONTROL_WRADDRESS_REG_B          ; CLOCK1               ; Untyped                         ;
; RDCONTROL_REG_B                    ; CLOCK1               ; Untyped                         ;
; ADDRESS_REG_B                      ; CLOCK1               ; Untyped                         ;
; OUTDATA_REG_B                      ; UNREGISTERED         ; Untyped                         ;
; BYTEENA_REG_B                      ; CLOCK1               ; Untyped                         ;
; INDATA_ACLR_B                      ; NONE                 ; Untyped                         ;
; WRCONTROL_ACLR_B                   ; NONE                 ; Untyped                         ;
; ADDRESS_ACLR_B                     ; NONE                 ; Untyped                         ;
; OUTDATA_ACLR_B                     ; NONE                 ; Untyped                         ;
; RDCONTROL_ACLR_B                   ; NONE                 ; Untyped                         ;
; BYTEENA_ACLR_B                     ; NONE                 ; Untyped                         ;
; WIDTH_BYTEENA_A                    ; 1                    ; Signed Integer                  ;
; WIDTH_BYTEENA_B                    ; 1                    ; Signed Integer                  ;
; RAM_BLOCK_TYPE                     ; M10K                 ; Untyped                         ;
; BYTE_SIZE                          ; 8                    ; Signed Integer                  ;
; READ_DURING_WRITE_MODE_MIXED_PORTS ; DONT_CARE            ; Untyped                         ;
; READ_DURING_WRITE_MODE_PORT_A      ; NEW_DATA_NO_NBE_READ ; Untyped                         ;
; READ_DURING_WRITE_MODE_PORT_B      ; NEW_DATA_NO_NBE_READ ; Untyped                         ;
; INIT_FILE                          ; UNUSED               ; Untyped                         ;
; INIT_FILE_LAYOUT                   ; PORT_A               ; Untyped                         ;
; MAXIMUM_DEPTH                      ; 0                    ; Signed Integer                  ;
; CLOCK_ENABLE_INPUT_A               ; BYPASS               ; Untyped                         ;
; CLOCK_ENABLE_INPUT_B               ; NORMAL               ; Untyped                         ;
; CLOCK_ENABLE_OUTPUT_A              ; BYPASS               ; Untyped                         ;
; CLOCK_ENABLE_OUTPUT_B              ; NORMAL               ; Untyped                         ;
; CLOCK_ENABLE_CORE_A                ; USE_INPUT_CLKEN      ; Untyped                         ;
; CLOCK_ENABLE_CORE_B                ; USE_INPUT_CLKEN      ; Untyped                         ;
; ENABLE_ECC                         ; FALSE                ; Untyped                         ;
; ECC_PIPELINE_STAGE_ENABLED         ; FALSE                ; Untyped                         ;
; WIDTH_ECCSTATUS                    ; 3                    ; Signed Integer                  ;
; DEVICE_FAMILY                      ; Cyclone V            ; Untyped                         ;
; CBXI_PARAMETER                     ; altsyncram_obb4      ; Untyped                         ;
+------------------------------------+----------------------+---------------------------------+
Note: In order to hide this table in the UI and the text report file, please set the "Show Parameter Settings in Synthesis Report" option in "Analysis and Synthesis Settings -> More Settings" to "Off".


+-------------------------------------------------------------------------------------------+
; Parameter Settings for User Entity Instance: s_memory:U02|altsyncram:altsyncram_component ;
+------------------------------------+----------------------+-------------------------------+
; Parameter Name                     ; Value                ; Type                          ;
+------------------------------------+----------------------+-------------------------------+
; BYTE_SIZE_BLOCK                    ; 8                    ; Untyped                       ;
; AUTO_CARRY_CHAINS                  ; ON                   ; AUTO_CARRY                    ;
; IGNORE_CARRY_BUFFERS               ; OFF                  ; IGNORE_CARRY                  ;
; AUTO_CASCADE_CHAINS                ; ON                   ; AUTO_CASCADE                  ;
; IGNORE_CASCADE_BUFFERS             ; OFF                  ; IGNORE_CASCADE                ;
; WIDTH_BYTEENA                      ; 1                    ; Untyped                       ;
; OPERATION_MODE                     ; SINGLE_PORT          ; Untyped                       ;
; WIDTH_A                            ; 8                    ; Signed Integer                ;
; WIDTHAD_A                          ; 8                    ; Signed Integer                ;
; NUMWORDS_A                         ; 256                  ; Signed Integer                ;
; OUTDATA_REG_A                      ; UNREGISTERED         ; Untyped                       ;
; ADDRESS_ACLR_A                     ; NONE                 ; Untyped                       ;
; OUTDATA_ACLR_A                     ; NONE                 ; Untyped                       ;
; WRCONTROL_ACLR_A                   ; NONE                 ; Untyped                       ;
; INDATA_ACLR_A                      ; NONE                 ; Untyped                       ;
; BYTEENA_ACLR_A                     ; NONE                 ; Untyped                       ;
; WIDTH_B                            ; 1                    ; Signed Integer                ;
; WIDTHAD_B                          ; 1                    ; Signed Integer                ;
; NUMWORDS_B                         ; 0                    ; Signed Integer                ;
; INDATA_REG_B                       ; CLOCK1               ; Untyped                       ;
; WRCONTROL_WRADDRESS_REG_B          ; CLOCK1               ; Untyped                       ;
; RDCONTROL_REG_B                    ; CLOCK1               ; Untyped                       ;
; ADDRESS_REG_B                      ; CLOCK1               ; Untyped                       ;
; OUTDATA_REG_B                      ; UNREGISTERED         ; Untyped                       ;
; BYTEENA_REG_B                      ; CLOCK1               ; Untyped                       ;
; INDATA_ACLR_B                      ; NONE                 ; Untyped                       ;
; WRCONTROL_ACLR_B                   ; NONE                 ; Untyped                       ;
; ADDRESS_ACLR_B                     ; NONE                 ; Untyped                       ;
; OUTDATA_ACLR_B                     ; NONE                 ; Untyped                       ;
; RDCONTROL_ACLR_B                   ; NONE                 ; Untyped                       ;
; BYTEENA_ACLR_B                     ; NONE                 ; Untyped                       ;
; WIDTH_BYTEENA_A                    ; 1                    ; Signed Integer                ;
; WIDTH_BYTEENA_B                    ; 1                    ; Signed Integer                ;
; RAM_BLOCK_TYPE                     ; M10K                 ; Untyped                       ;
; BYTE_SIZE                          ; 8                    ; Signed Integer                ;
; READ_DURING_WRITE_MODE_MIXED_PORTS ; DONT_CARE            ; Untyped                       ;
; READ_DURING_WRITE_MODE_PORT_A      ; NEW_DATA_NO_NBE_READ ; Untyped                       ;
; READ_DURING_WRITE_MODE_PORT_B      ; NEW_DATA_NO_NBE_READ ; Untyped                       ;
; INIT_FILE                          ; UNUSED               ; Untyped                       ;
; INIT_FILE_LAYOUT                   ; PORT_A               ; Untyped                       ;
; MAXIMUM_DEPTH                      ; 0                    ; Signed Integer                ;
; CLOCK_ENABLE_INPUT_A               ; BYPASS               ; Untyped                       ;
; CLOCK_ENABLE_INPUT_B               ; NORMAL               ; Untyped                       ;
; CLOCK_ENABLE_OUTPUT_A              ; BYPASS               ; Untyped                       ;
; CLOCK_ENABLE_OUTPUT_B              ; NORMAL               ; Untyped                       ;
; CLOCK_ENABLE_CORE_A                ; USE_INPUT_CLKEN      ; Untyped                       ;
; CLOCK_ENABLE_CORE_B                ; USE_INPUT_CLKEN      ; Untyped                       ;
; ENABLE_ECC                         ; FALSE                ; Untyped                       ;
; ECC_PIPELINE_STAGE_ENABLED         ; FALSE                ; Untyped                       ;
; WIDTH_ECCSTATUS                    ; 3                    ; Signed Integer                ;
; DEVICE_FAMILY                      ; Cyclone V            ; Untyped                       ;
; CBXI_PARAMETER                     ; altsyncram_m5b4      ; Untyped                       ;
+------------------------------------+----------------------+-------------------------------+
Note: In order to hide this table in the UI and the text report file, please set the "Show Parameter Settings in Synthesis Report" option in "Analysis and Synthesis Settings -> More Settings" to "Off".


+------------------------------------------------------------------------------------------------------+
; Parameter Settings for User Entity Instance: ROM:U42|altsyncram:altsyncram_component                 ;
+------------------------------------+------------------------------------------------+----------------+
; Parameter Name                     ; Value                                          ; Type           ;
+------------------------------------+------------------------------------------------+----------------+
; BYTE_SIZE_BLOCK                    ; 8                                              ; Untyped        ;
; AUTO_CARRY_CHAINS                  ; ON                                             ; AUTO_CARRY     ;
; IGNORE_CARRY_BUFFERS               ; OFF                                            ; IGNORE_CARRY   ;
; AUTO_CASCADE_CHAINS                ; ON                                             ; AUTO_CASCADE   ;
; IGNORE_CASCADE_BUFFERS             ; OFF                                            ; IGNORE_CASCADE ;
; WIDTH_BYTEENA                      ; 1                                              ; Untyped        ;
; OPERATION_MODE                     ; ROM                                            ; Untyped        ;
; WIDTH_A                            ; 8                                              ; Signed Integer ;
; WIDTHAD_A                          ; 5                                              ; Signed Integer ;
; NUMWORDS_A                         ; 32                                             ; Signed Integer ;
; OUTDATA_REG_A                      ; UNREGISTERED                                   ; Untyped        ;
; ADDRESS_ACLR_A                     ; NONE                                           ; Untyped        ;
; OUTDATA_ACLR_A                     ; NONE                                           ; Untyped        ;
; WRCONTROL_ACLR_A                   ; NONE                                           ; Untyped        ;
; INDATA_ACLR_A                      ; NONE                                           ; Untyped        ;
; BYTEENA_ACLR_A                     ; NONE                                           ; Untyped        ;
; WIDTH_B                            ; 1                                              ; Signed Integer ;
; WIDTHAD_B                          ; 1                                              ; Signed Integer ;
; NUMWORDS_B                         ; 0                                              ; Signed Integer ;
; INDATA_REG_B                       ; CLOCK1                                         ; Untyped        ;
; WRCONTROL_WRADDRESS_REG_B          ; CLOCK1                                         ; Untyped        ;
; RDCONTROL_REG_B                    ; CLOCK1                                         ; Untyped        ;
; ADDRESS_REG_B                      ; CLOCK1                                         ; Untyped        ;
; OUTDATA_REG_B                      ; UNREGISTERED                                   ; Untyped        ;
; BYTEENA_REG_B                      ; CLOCK1                                         ; Untyped        ;
; INDATA_ACLR_B                      ; NONE                                           ; Untyped        ;
; WRCONTROL_ACLR_B                   ; NONE                                           ; Untyped        ;
; ADDRESS_ACLR_B                     ; NONE                                           ; Untyped        ;
; OUTDATA_ACLR_B                     ; NONE                                           ; Untyped        ;
; RDCONTROL_ACLR_B                   ; NONE                                           ; Untyped        ;
; BYTEENA_ACLR_B                     ; NONE                                           ; Untyped        ;
; WIDTH_BYTEENA_A                    ; 1                                              ; Signed Integer ;
; WIDTH_BYTEENA_B                    ; 1                                              ; Signed Integer ;
; RAM_BLOCK_TYPE                     ; M10K                                           ; Untyped        ;
; BYTE_SIZE                          ; 8                                              ; Signed Integer ;
; READ_DURING_WRITE_MODE_MIXED_PORTS ; DONT_CARE                                      ; Untyped        ;
; READ_DURING_WRITE_MODE_PORT_A      ; NEW_DATA_NO_NBE_READ                           ; Untyped        ;
; READ_DURING_WRITE_MODE_PORT_B      ; NEW_DATA_NO_NBE_READ                           ; Untyped        ;
; INIT_FILE                          ; ../secret_messages/msg_8_for_task3/message.mif ; Untyped        ;
; INIT_FILE_LAYOUT                   ; PORT_A                                         ; Untyped        ;
; MAXIMUM_DEPTH                      ; 0                                              ; Signed Integer ;
; CLOCK_ENABLE_INPUT_A               ; BYPASS                                         ; Untyped        ;
; CLOCK_ENABLE_INPUT_B               ; NORMAL                                         ; Untyped        ;
; CLOCK_ENABLE_OUTPUT_A              ; BYPASS                                         ; Untyped        ;
; CLOCK_ENABLE_OUTPUT_B              ; NORMAL                                         ; Untyped        ;
; CLOCK_ENABLE_CORE_A                ; USE_INPUT_CLKEN                                ; Untyped        ;
; CLOCK_ENABLE_CORE_B                ; USE_INPUT_CLKEN                                ; Untyped        ;
; ENABLE_ECC                         ; FALSE                                          ; Untyped        ;
; ECC_PIPELINE_STAGE_ENABLED         ; FALSE                                          ; Untyped        ;
; WIDTH_ECCSTATUS                    ; 3                                              ; Signed Integer ;
; DEVICE_FAMILY                      ; Cyclone V                                      ; Untyped        ;
; CBXI_PARAMETER                     ; altsyncram_ijg4                                ; Untyped        ;
+------------------------------------+------------------------------------------------+----------------+
Note: In order to hide this table in the UI and the text report file, please set the "Show Parameter Settings in Synthesis Report" option in "Analysis and Synthesis Settings -> More Settings" to "Off".


+----------------------------------------------------------------------------------------------+
; Parameter Settings for User Entity Instance: RAM_Decrypt:U52|altsyncram:altsyncram_component ;
+------------------------------------+----------------------+----------------------------------+
; Parameter Name                     ; Value                ; Type                             ;
+------------------------------------+----------------------+----------------------------------+
; BYTE_SIZE_BLOCK                    ; 8                    ; Untyped                          ;
; AUTO_CARRY_CHAINS                  ; ON                   ; AUTO_CARRY                       ;
; IGNORE_CARRY_BUFFERS               ; OFF                  ; IGNORE_CARRY                     ;
; AUTO_CASCADE_CHAINS                ; ON                   ; AUTO_CASCADE                     ;
; IGNORE_CASCADE_BUFFERS             ; OFF                  ; IGNORE_CASCADE                   ;
; WIDTH_BYTEENA                      ; 1                    ; Untyped                          ;
; OPERATION_MODE                     ; SINGLE_PORT          ; Untyped                          ;
; WIDTH_A                            ; 8                    ; Signed Integer                   ;
; WIDTHAD_A                          ; 5                    ; Signed Integer                   ;
; NUMWORDS_A                         ; 32                   ; Signed Integer                   ;
; OUTDATA_REG_A                      ; UNREGISTERED         ; Untyped                          ;
; ADDRESS_ACLR_A                     ; NONE                 ; Untyped                          ;
; OUTDATA_ACLR_A                     ; NONE                 ; Untyped                          ;
; WRCONTROL_ACLR_A                   ; NONE                 ; Untyped                          ;
; INDATA_ACLR_A                      ; NONE                 ; Untyped                          ;
; BYTEENA_ACLR_A                     ; NONE                 ; Untyped                          ;
; WIDTH_B                            ; 1                    ; Signed Integer                   ;
; WIDTHAD_B                          ; 1                    ; Signed Integer                   ;
; NUMWORDS_B                         ; 0                    ; Signed Integer                   ;
; INDATA_REG_B                       ; CLOCK1               ; Untyped                          ;
; WRCONTROL_WRADDRESS_REG_B          ; CLOCK1               ; Untyped                          ;
; RDCONTROL_REG_B                    ; CLOCK1               ; Untyped                          ;
; ADDRESS_REG_B                      ; CLOCK1               ; Untyped                          ;
; OUTDATA_REG_B                      ; UNREGISTERED         ; Untyped                          ;
; BYTEENA_REG_B                      ; CLOCK1               ; Untyped                          ;
; INDATA_ACLR_B                      ; NONE                 ; Untyped                          ;
; WRCONTROL_ACLR_B                   ; NONE                 ; Untyped                          ;
; ADDRESS_ACLR_B                     ; NONE                 ; Untyped                          ;
; OUTDATA_ACLR_B                     ; NONE                 ; Untyped                          ;
; RDCONTROL_ACLR_B                   ; NONE                 ; Untyped                          ;
; BYTEENA_ACLR_B                     ; NONE                 ; Untyped                          ;
; WIDTH_BYTEENA_A                    ; 1                    ; Signed Integer                   ;
; WIDTH_BYTEENA_B                    ; 1                    ; Signed Integer                   ;
; RAM_BLOCK_TYPE                     ; M10K                 ; Untyped                          ;
; BYTE_SIZE                          ; 8                    ; Signed Integer                   ;
; READ_DURING_WRITE_MODE_MIXED_PORTS ; DONT_CARE            ; Untyped                          ;
; READ_DURING_WRITE_MODE_PORT_A      ; NEW_DATA_NO_NBE_READ ; Untyped                          ;
; READ_DURING_WRITE_MODE_PORT_B      ; NEW_DATA_NO_NBE_READ ; Untyped                          ;
; INIT_FILE                          ; UNUSED               ; Untyped                          ;
; INIT_FILE_LAYOUT                   ; PORT_A               ; Untyped                          ;
; MAXIMUM_DEPTH                      ; 0                    ; Signed Integer                   ;
; CLOCK_ENABLE_INPUT_A               ; BYPASS               ; Untyped                          ;
; CLOCK_ENABLE_INPUT_B               ; NORMAL               ; Untyped                          ;
; CLOCK_ENABLE_OUTPUT_A              ; BYPASS               ; Untyped                          ;
; CLOCK_ENABLE_OUTPUT_B              ; NORMAL               ; Untyped                          ;
; CLOCK_ENABLE_CORE_A                ; USE_INPUT_CLKEN      ; Untyped                          ;
; CLOCK_ENABLE_CORE_B                ; USE_INPUT_CLKEN      ; Untyped                          ;
; ENABLE_ECC                         ; FALSE                ; Untyped                          ;
; ECC_PIPELINE_STAGE_ENABLED         ; FALSE                ; Untyped                          ;
; WIDTH_ECCSTATUS                    ; 3                    ; Signed Integer                   ;
; DEVICE_FAMILY                      ; Cyclone V            ; Untyped                          ;
; CBXI_PARAMETER                     ; altsyncram_obb4      ; Untyped                          ;
+------------------------------------+----------------------+----------------------------------+
Note: In order to hide this table in the UI and the text report file, please set the "Show Parameter Settings in Synthesis Report" option in "Analysis and Synthesis Settings -> More Settings" to "Off".


+-------------------------------------------------------------------------------------------+
; Parameter Settings for User Entity Instance: s_memory:U03|altsyncram:altsyncram_component ;
+------------------------------------+----------------------+-------------------------------+
; Parameter Name                     ; Value                ; Type                          ;
+------------------------------------+----------------------+-------------------------------+
; BYTE_SIZE_BLOCK                    ; 8                    ; Untyped                       ;
; AUTO_CARRY_CHAINS                  ; ON                   ; AUTO_CARRY                    ;
; IGNORE_CARRY_BUFFERS               ; OFF                  ; IGNORE_CARRY                  ;
; AUTO_CASCADE_CHAINS                ; ON                   ; AUTO_CASCADE                  ;
; IGNORE_CASCADE_BUFFERS             ; OFF                  ; IGNORE_CASCADE                ;
; WIDTH_BYTEENA                      ; 1                    ; Untyped                       ;
; OPERATION_MODE                     ; SINGLE_PORT          ; Untyped                       ;
; WIDTH_A                            ; 8                    ; Signed Integer                ;
; WIDTHAD_A                          ; 8                    ; Signed Integer                ;
; NUMWORDS_A                         ; 256                  ; Signed Integer                ;
; OUTDATA_REG_A                      ; UNREGISTERED         ; Untyped                       ;
; ADDRESS_ACLR_A                     ; NONE                 ; Untyped                       ;
; OUTDATA_ACLR_A                     ; NONE                 ; Untyped                       ;
; WRCONTROL_ACLR_A                   ; NONE                 ; Untyped                       ;
; INDATA_ACLR_A                      ; NONE                 ; Untyped                       ;
; BYTEENA_ACLR_A                     ; NONE                 ; Untyped                       ;
; WIDTH_B                            ; 1                    ; Signed Integer                ;
; WIDTHAD_B                          ; 1                    ; Signed Integer                ;
; NUMWORDS_B                         ; 0                    ; Signed Integer                ;
; INDATA_REG_B                       ; CLOCK1               ; Untyped                       ;
; WRCONTROL_WRADDRESS_REG_B          ; CLOCK1               ; Untyped                       ;
; RDCONTROL_REG_B                    ; CLOCK1               ; Untyped                       ;
; ADDRESS_REG_B                      ; CLOCK1               ; Untyped                       ;
; OUTDATA_REG_B                      ; UNREGISTERED         ; Untyped                       ;
; BYTEENA_REG_B                      ; CLOCK1               ; Untyped                       ;
; INDATA_ACLR_B                      ; NONE                 ; Untyped                       ;
; WRCONTROL_ACLR_B                   ; NONE                 ; Untyped                       ;
; ADDRESS_ACLR_B                     ; NONE                 ; Untyped                       ;
; OUTDATA_ACLR_B                     ; NONE                 ; Untyped                       ;
; RDCONTROL_ACLR_B                   ; NONE                 ; Untyped                       ;
; BYTEENA_ACLR_B                     ; NONE                 ; Untyped                       ;
; WIDTH_BYTEENA_A                    ; 1                    ; Signed Integer                ;
; WIDTH_BYTEENA_B                    ; 1                    ; Signed Integer                ;
; RAM_BLOCK_TYPE                     ; M10K                 ; Untyped                       ;
; BYTE_SIZE                          ; 8                    ; Signed Integer                ;
; READ_DURING_WRITE_MODE_MIXED_PORTS ; DONT_CARE            ; Untyped                       ;
; READ_DURING_WRITE_MODE_PORT_A      ; NEW_DATA_NO_NBE_READ ; Untyped                       ;
; READ_DURING_WRITE_MODE_PORT_B      ; NEW_DATA_NO_NBE_READ ; Untyped                       ;
; INIT_FILE                          ; UNUSED               ; Untyped                       ;
; INIT_FILE_LAYOUT                   ; PORT_A               ; Untyped                       ;
; MAXIMUM_DEPTH                      ; 0                    ; Signed Integer                ;
; CLOCK_ENABLE_INPUT_A               ; BYPASS               ; Untyped                       ;
; CLOCK_ENABLE_INPUT_B               ; NORMAL               ; Untyped                       ;
; CLOCK_ENABLE_OUTPUT_A              ; BYPASS               ; Untyped                       ;
; CLOCK_ENABLE_OUTPUT_B              ; NORMAL               ; Untyped                       ;
; CLOCK_ENABLE_CORE_A                ; USE_INPUT_CLKEN      ; Untyped                       ;
; CLOCK_ENABLE_CORE_B                ; USE_INPUT_CLKEN      ; Untyped                       ;
; ENABLE_ECC                         ; FALSE                ; Untyped                       ;
; ECC_PIPELINE_STAGE_ENABLED         ; FALSE                ; Untyped                       ;
; WIDTH_ECCSTATUS                    ; 3                    ; Signed Integer                ;
; DEVICE_FAMILY                      ; Cyclone V            ; Untyped                       ;
; CBXI_PARAMETER                     ; altsyncram_m5b4      ; Untyped                       ;
+------------------------------------+----------------------+-------------------------------+
Note: In order to hide this table in the UI and the text report file, please set the "Show Parameter Settings in Synthesis Report" option in "Analysis and Synthesis Settings -> More Settings" to "Off".


+------------------------------------------------------------------------------------------------------+
; Parameter Settings for User Entity Instance: ROM:U43|altsyncram:altsyncram_component                 ;
+------------------------------------+------------------------------------------------+----------------+
; Parameter Name                     ; Value                                          ; Type           ;
+------------------------------------+------------------------------------------------+----------------+
; BYTE_SIZE_BLOCK                    ; 8                                              ; Untyped        ;
; AUTO_CARRY_CHAINS                  ; ON                                             ; AUTO_CARRY     ;
; IGNORE_CARRY_BUFFERS               ; OFF                                            ; IGNORE_CARRY   ;
; AUTO_CASCADE_CHAINS                ; ON                                             ; AUTO_CASCADE   ;
; IGNORE_CASCADE_BUFFERS             ; OFF                                            ; IGNORE_CASCADE ;
; WIDTH_BYTEENA                      ; 1                                              ; Untyped        ;
; OPERATION_MODE                     ; ROM                                            ; Untyped        ;
; WIDTH_A                            ; 8                                              ; Signed Integer ;
; WIDTHAD_A                          ; 5                                              ; Signed Integer ;
; NUMWORDS_A                         ; 32                                             ; Signed Integer ;
; OUTDATA_REG_A                      ; UNREGISTERED                                   ; Untyped        ;
; ADDRESS_ACLR_A                     ; NONE                                           ; Untyped        ;
; OUTDATA_ACLR_A                     ; NONE                                           ; Untyped        ;
; WRCONTROL_ACLR_A                   ; NONE                                           ; Untyped        ;
; INDATA_ACLR_A                      ; NONE                                           ; Untyped        ;
; BYTEENA_ACLR_A                     ; NONE                                           ; Untyped        ;
; WIDTH_B                            ; 1                                              ; Signed Integer ;
; WIDTHAD_B                          ; 1                                              ; Signed Integer ;
; NUMWORDS_B                         ; 0                                              ; Signed Integer ;
; INDATA_REG_B                       ; CLOCK1                                         ; Untyped        ;
; WRCONTROL_WRADDRESS_REG_B          ; CLOCK1                                         ; Untyped        ;
; RDCONTROL_REG_B                    ; CLOCK1                                         ; Untyped        ;
; ADDRESS_REG_B                      ; CLOCK1                                         ; Untyped        ;
; OUTDATA_REG_B                      ; UNREGISTERED                                   ; Untyped        ;
; BYTEENA_REG_B                      ; CLOCK1                                         ; Untyped        ;
; INDATA_ACLR_B                      ; NONE                                           ; Untyped        ;
; WRCONTROL_ACLR_B                   ; NONE                                           ; Untyped        ;
; ADDRESS_ACLR_B                     ; NONE                                           ; Untyped        ;
; OUTDATA_ACLR_B                     ; NONE                                           ; Untyped        ;
; RDCONTROL_ACLR_B                   ; NONE                                           ; Untyped        ;
; BYTEENA_ACLR_B                     ; NONE                                           ; Untyped        ;
; WIDTH_BYTEENA_A                    ; 1                                              ; Signed Integer ;
; WIDTH_BYTEENA_B                    ; 1                                              ; Signed Integer ;
; RAM_BLOCK_TYPE                     ; M10K                                           ; Untyped        ;
; BYTE_SIZE                          ; 8                                              ; Signed Integer ;
; READ_DURING_WRITE_MODE_MIXED_PORTS ; DONT_CARE                                      ; Untyped        ;
; READ_DURING_WRITE_MODE_PORT_A      ; NEW_DATA_NO_NBE_READ                           ; Untyped        ;
; READ_DURING_WRITE_MODE_PORT_B      ; NEW_DATA_NO_NBE_READ                           ; Untyped        ;
; INIT_FILE                          ; ../secret_messages/msg_8_for_task3/message.mif ; Untyped        ;
; INIT_FILE_LAYOUT                   ; PORT_A                                         ; Untyped        ;
; MAXIMUM_DEPTH                      ; 0                                              ; Signed Integer ;
; CLOCK_ENABLE_INPUT_A               ; BYPASS                                         ; Untyped        ;
; CLOCK_ENABLE_INPUT_B               ; NORMAL                                         ; Untyped        ;
; CLOCK_ENABLE_OUTPUT_A              ; BYPASS                                         ; Untyped        ;
; CLOCK_ENABLE_OUTPUT_B              ; NORMAL                                         ; Untyped        ;
; CLOCK_ENABLE_CORE_A                ; USE_INPUT_CLKEN                                ; Untyped        ;
; CLOCK_ENABLE_CORE_B                ; USE_INPUT_CLKEN                                ; Untyped        ;
; ENABLE_ECC                         ; FALSE                                          ; Untyped        ;
; ECC_PIPELINE_STAGE_ENABLED         ; FALSE                                          ; Untyped        ;
; WIDTH_ECCSTATUS                    ; 3                                              ; Signed Integer ;
; DEVICE_FAMILY                      ; Cyclone V                                      ; Untyped        ;
; CBXI_PARAMETER                     ; altsyncram_ijg4                                ; Untyped        ;
+------------------------------------+------------------------------------------------+----------------+
Note: In order to hide this table in the UI and the text report file, please set the "Show Parameter Settings in Synthesis Report" option in "Analysis and Synthesis Settings -> More Settings" to "Off".


+----------------------------------------------------------------------------------------------+
; Parameter Settings for User Entity Instance: RAM_Decrypt:U53|altsyncram:altsyncram_component ;
+------------------------------------+----------------------+----------------------------------+
; Parameter Name                     ; Value                ; Type                             ;
+------------------------------------+----------------------+----------------------------------+
; BYTE_SIZE_BLOCK                    ; 8                    ; Untyped                          ;
; AUTO_CARRY_CHAINS                  ; ON                   ; AUTO_CARRY                       ;
; IGNORE_CARRY_BUFFERS               ; OFF                  ; IGNORE_CARRY                     ;
; AUTO_CASCADE_CHAINS                ; ON                   ; AUTO_CASCADE                     ;
; IGNORE_CASCADE_BUFFERS             ; OFF                  ; IGNORE_CASCADE                   ;
; WIDTH_BYTEENA                      ; 1                    ; Untyped                          ;
; OPERATION_MODE                     ; SINGLE_PORT          ; Untyped                          ;
; WIDTH_A                            ; 8                    ; Signed Integer                   ;
; WIDTHAD_A                          ; 5                    ; Signed Integer                   ;
; NUMWORDS_A                         ; 32                   ; Signed Integer                   ;
; OUTDATA_REG_A                      ; UNREGISTERED         ; Untyped                          ;
; ADDRESS_ACLR_A                     ; NONE                 ; Untyped                          ;
; OUTDATA_ACLR_A                     ; NONE                 ; Untyped                          ;
; WRCONTROL_ACLR_A                   ; NONE                 ; Untyped                          ;
; INDATA_ACLR_A                      ; NONE                 ; Untyped                          ;
; BYTEENA_ACLR_A                     ; NONE                 ; Untyped                          ;
; WIDTH_B                            ; 1                    ; Signed Integer                   ;
; WIDTHAD_B                          ; 1                    ; Signed Integer                   ;
; NUMWORDS_B                         ; 0                    ; Signed Integer                   ;
; INDATA_REG_B                       ; CLOCK1               ; Untyped                          ;
; WRCONTROL_WRADDRESS_REG_B          ; CLOCK1               ; Untyped                          ;
; RDCONTROL_REG_B                    ; CLOCK1               ; Untyped                          ;
; ADDRESS_REG_B                      ; CLOCK1               ; Untyped                          ;
; OUTDATA_REG_B                      ; UNREGISTERED         ; Untyped                          ;
; BYTEENA_REG_B                      ; CLOCK1               ; Untyped                          ;
; INDATA_ACLR_B                      ; NONE                 ; Untyped                          ;
; WRCONTROL_ACLR_B                   ; NONE                 ; Untyped                          ;
; ADDRESS_ACLR_B                     ; NONE                 ; Untyped                          ;
; OUTDATA_ACLR_B                     ; NONE                 ; Untyped                          ;
; RDCONTROL_ACLR_B                   ; NONE                 ; Untyped                          ;
; BYTEENA_ACLR_B                     ; NONE                 ; Untyped                          ;
; WIDTH_BYTEENA_A                    ; 1                    ; Signed Integer                   ;
; WIDTH_BYTEENA_B                    ; 1                    ; Signed Integer                   ;
; RAM_BLOCK_TYPE                     ; M10K                 ; Untyped                          ;
; BYTE_SIZE                          ; 8                    ; Signed Integer                   ;
; READ_DURING_WRITE_MODE_MIXED_PORTS ; DONT_CARE            ; Untyped                          ;
; READ_DURING_WRITE_MODE_PORT_A      ; NEW_DATA_NO_NBE_READ ; Untyped                          ;
; READ_DURING_WRITE_MODE_PORT_B      ; NEW_DATA_NO_NBE_READ ; Untyped                          ;
; INIT_FILE                          ; UNUSED               ; Untyped                          ;
; INIT_FILE_LAYOUT                   ; PORT_A               ; Untyped                          ;
; MAXIMUM_DEPTH                      ; 0                    ; Signed Integer                   ;
; CLOCK_ENABLE_INPUT_A               ; BYPASS               ; Untyped                          ;
; CLOCK_ENABLE_INPUT_B               ; NORMAL               ; Untyped                          ;
; CLOCK_ENABLE_OUTPUT_A              ; BYPASS               ; Untyped                          ;
; CLOCK_ENABLE_OUTPUT_B              ; NORMAL               ; Untyped                          ;
; CLOCK_ENABLE_CORE_A                ; USE_INPUT_CLKEN      ; Untyped                          ;
; CLOCK_ENABLE_CORE_B                ; USE_INPUT_CLKEN      ; Untyped                          ;
; ENABLE_ECC                         ; FALSE                ; Untyped                          ;
; ECC_PIPELINE_STAGE_ENABLED         ; FALSE                ; Untyped                          ;
; WIDTH_ECCSTATUS                    ; 3                    ; Signed Integer                   ;
; DEVICE_FAMILY                      ; Cyclone V            ; Untyped                          ;
; CBXI_PARAMETER                     ; altsyncram_obb4      ; Untyped                          ;
+------------------------------------+----------------------+----------------------------------+
Note: In order to hide this table in the UI and the text report file, please set the "Show Parameter Settings in Synthesis Report" option in "Analysis and Synthesis Settings -> More Settings" to "Off".


+-------------------------------------------------------------------------------------------+
; Parameter Settings for User Entity Instance: s_memory:U04|altsyncram:altsyncram_component ;
+------------------------------------+----------------------+-------------------------------+
; Parameter Name                     ; Value                ; Type                          ;
+------------------------------------+----------------------+-------------------------------+
; BYTE_SIZE_BLOCK                    ; 8                    ; Untyped                       ;
; AUTO_CARRY_CHAINS                  ; ON                   ; AUTO_CARRY                    ;
; IGNORE_CARRY_BUFFERS               ; OFF                  ; IGNORE_CARRY                  ;
; AUTO_CASCADE_CHAINS                ; ON                   ; AUTO_CASCADE                  ;
; IGNORE_CASCADE_BUFFERS             ; OFF                  ; IGNORE_CASCADE                ;
; WIDTH_BYTEENA                      ; 1                    ; Untyped                       ;
; OPERATION_MODE                     ; SINGLE_PORT          ; Untyped                       ;
; WIDTH_A                            ; 8                    ; Signed Integer                ;
; WIDTHAD_A                          ; 8                    ; Signed Integer                ;
; NUMWORDS_A                         ; 256                  ; Signed Integer                ;
; OUTDATA_REG_A                      ; UNREGISTERED         ; Untyped                       ;
; ADDRESS_ACLR_A                     ; NONE                 ; Untyped                       ;
; OUTDATA_ACLR_A                     ; NONE                 ; Untyped                       ;
; WRCONTROL_ACLR_A                   ; NONE                 ; Untyped                       ;
; INDATA_ACLR_A                      ; NONE                 ; Untyped                       ;
; BYTEENA_ACLR_A                     ; NONE                 ; Untyped                       ;
; WIDTH_B                            ; 1                    ; Signed Integer                ;
; WIDTHAD_B                          ; 1                    ; Signed Integer                ;
; NUMWORDS_B                         ; 0                    ; Signed Integer                ;
; INDATA_REG_B                       ; CLOCK1               ; Untyped                       ;
; WRCONTROL_WRADDRESS_REG_B          ; CLOCK1               ; Untyped                       ;
; RDCONTROL_REG_B                    ; CLOCK1               ; Untyped                       ;
; ADDRESS_REG_B                      ; CLOCK1               ; Untyped                       ;
; OUTDATA_REG_B                      ; UNREGISTERED         ; Untyped                       ;
; BYTEENA_REG_B                      ; CLOCK1               ; Untyped                       ;
; INDATA_ACLR_B                      ; NONE                 ; Untyped                       ;
; WRCONTROL_ACLR_B                   ; NONE                 ; Untyped                       ;
; ADDRESS_ACLR_B                     ; NONE                 ; Untyped                       ;
; OUTDATA_ACLR_B                     ; NONE                 ; Untyped                       ;
; RDCONTROL_ACLR_B                   ; NONE                 ; Untyped                       ;
; BYTEENA_ACLR_B                     ; NONE                 ; Untyped                       ;
; WIDTH_BYTEENA_A                    ; 1                    ; Signed Integer                ;
; WIDTH_BYTEENA_B                    ; 1                    ; Signed Integer                ;
; RAM_BLOCK_TYPE                     ; M10K                 ; Untyped                       ;
; BYTE_SIZE                          ; 8                    ; Signed Integer                ;
; READ_DURING_WRITE_MODE_MIXED_PORTS ; DONT_CARE            ; Untyped                       ;
; READ_DURING_WRITE_MODE_PORT_A      ; NEW_DATA_NO_NBE_READ ; Untyped                       ;
; READ_DURING_WRITE_MODE_PORT_B      ; NEW_DATA_NO_NBE_READ ; Untyped                       ;
; INIT_FILE                          ; UNUSED               ; Untyped                       ;
; INIT_FILE_LAYOUT                   ; PORT_A               ; Untyped                       ;
; MAXIMUM_DEPTH                      ; 0                    ; Signed Integer                ;
; CLOCK_ENABLE_INPUT_A               ; BYPASS               ; Untyped                       ;
; CLOCK_ENABLE_INPUT_B               ; NORMAL               ; Untyped                       ;
; CLOCK_ENABLE_OUTPUT_A              ; BYPASS               ; Untyped                       ;
; CLOCK_ENABLE_OUTPUT_B              ; NORMAL               ; Untyped                       ;
; CLOCK_ENABLE_CORE_A                ; USE_INPUT_CLKEN      ; Untyped                       ;
; CLOCK_ENABLE_CORE_B                ; USE_INPUT_CLKEN      ; Untyped                       ;
; ENABLE_ECC                         ; FALSE                ; Untyped                       ;
; ECC_PIPELINE_STAGE_ENABLED         ; FALSE                ; Untyped                       ;
; WIDTH_ECCSTATUS                    ; 3                    ; Signed Integer                ;
; DEVICE_FAMILY                      ; Cyclone V            ; Untyped                       ;
; CBXI_PARAMETER                     ; altsyncram_m5b4      ; Untyped                       ;
+------------------------------------+----------------------+-------------------------------+
Note: In order to hide this table in the UI and the text report file, please set the "Show Parameter Settings in Synthesis Report" option in "Analysis and Synthesis Settings -> More Settings" to "Off".


+------------------------------------------------------------------------------------------------------+
; Parameter Settings for User Entity Instance: ROM:U44|altsyncram:altsyncram_component                 ;
+------------------------------------+------------------------------------------------+----------------+
; Parameter Name                     ; Value                                          ; Type           ;
+------------------------------------+------------------------------------------------+----------------+
; BYTE_SIZE_BLOCK                    ; 8                                              ; Untyped        ;
; AUTO_CARRY_CHAINS                  ; ON                                             ; AUTO_CARRY     ;
; IGNORE_CARRY_BUFFERS               ; OFF                                            ; IGNORE_CARRY   ;
; AUTO_CASCADE_CHAINS                ; ON                                             ; AUTO_CASCADE   ;
; IGNORE_CASCADE_BUFFERS             ; OFF                                            ; IGNORE_CASCADE ;
; WIDTH_BYTEENA                      ; 1                                              ; Untyped        ;
; OPERATION_MODE                     ; ROM                                            ; Untyped        ;
; WIDTH_A                            ; 8                                              ; Signed Integer ;
; WIDTHAD_A                          ; 5                                              ; Signed Integer ;
; NUMWORDS_A                         ; 32                                             ; Signed Integer ;
; OUTDATA_REG_A                      ; UNREGISTERED                                   ; Untyped        ;
; ADDRESS_ACLR_A                     ; NONE                                           ; Untyped        ;
; OUTDATA_ACLR_A                     ; NONE                                           ; Untyped        ;
; WRCONTROL_ACLR_A                   ; NONE                                           ; Untyped        ;
; INDATA_ACLR_A                      ; NONE                                           ; Untyped        ;
; BYTEENA_ACLR_A                     ; NONE                                           ; Untyped        ;
; WIDTH_B                            ; 1                                              ; Signed Integer ;
; WIDTHAD_B                          ; 1                                              ; Signed Integer ;
; NUMWORDS_B                         ; 0                                              ; Signed Integer ;
; INDATA_REG_B                       ; CLOCK1                                         ; Untyped        ;
; WRCONTROL_WRADDRESS_REG_B          ; CLOCK1                                         ; Untyped        ;
; RDCONTROL_REG_B                    ; CLOCK1                                         ; Untyped        ;
; ADDRESS_REG_B                      ; CLOCK1                                         ; Untyped        ;
; OUTDATA_REG_B                      ; UNREGISTERED                                   ; Untyped        ;
; BYTEENA_REG_B                      ; CLOCK1                                         ; Untyped        ;
; INDATA_ACLR_B                      ; NONE                                           ; Untyped        ;
; WRCONTROL_ACLR_B                   ; NONE                                           ; Untyped        ;
; ADDRESS_ACLR_B                     ; NONE                                           ; Untyped        ;
; OUTDATA_ACLR_B                     ; NONE                                           ; Untyped        ;
; RDCONTROL_ACLR_B                   ; NONE                                           ; Untyped        ;
; BYTEENA_ACLR_B                     ; NONE                                           ; Untyped        ;
; WIDTH_BYTEENA_A                    ; 1                                              ; Signed Integer ;
; WIDTH_BYTEENA_B                    ; 1                                              ; Signed Integer ;
; RAM_BLOCK_TYPE                     ; M10K                                           ; Untyped        ;
; BYTE_SIZE                          ; 8                                              ; Signed Integer ;
; READ_DURING_WRITE_MODE_MIXED_PORTS ; DONT_CARE                                      ; Untyped        ;
; READ_DURING_WRITE_MODE_PORT_A      ; NEW_DATA_NO_NBE_READ                           ; Untyped        ;
; READ_DURING_WRITE_MODE_PORT_B      ; NEW_DATA_NO_NBE_READ                           ; Untyped        ;
; INIT_FILE                          ; ../secret_messages/msg_8_for_task3/message.mif ; Untyped        ;
; INIT_FILE_LAYOUT                   ; PORT_A                                         ; Untyped        ;
; MAXIMUM_DEPTH                      ; 0                                              ; Signed Integer ;
; CLOCK_ENABLE_INPUT_A               ; BYPASS                                         ; Untyped        ;
; CLOCK_ENABLE_INPUT_B               ; NORMAL                                         ; Untyped        ;
; CLOCK_ENABLE_OUTPUT_A              ; BYPASS                                         ; Untyped        ;
; CLOCK_ENABLE_OUTPUT_B              ; NORMAL                                         ; Untyped        ;
; CLOCK_ENABLE_CORE_A                ; USE_INPUT_CLKEN                                ; Untyped        ;
; CLOCK_ENABLE_CORE_B                ; USE_INPUT_CLKEN                                ; Untyped        ;
; ENABLE_ECC                         ; FALSE                                          ; Untyped        ;
; ECC_PIPELINE_STAGE_ENABLED         ; FALSE                                          ; Untyped        ;
; WIDTH_ECCSTATUS                    ; 3                                              ; Signed Integer ;
; DEVICE_FAMILY                      ; Cyclone V                                      ; Untyped        ;
; CBXI_PARAMETER                     ; altsyncram_ijg4                                ; Untyped        ;
+------------------------------------+------------------------------------------------+----------------+
Note: In order to hide this table in the UI and the text report file, please set the "Show Parameter Settings in Synthesis Report" option in "Analysis and Synthesis Settings -> More Settings" to "Off".


+----------------------------------------------------------------------------------------------+
; Parameter Settings for User Entity Instance: RAM_Decrypt:U54|altsyncram:altsyncram_component ;
+------------------------------------+----------------------+----------------------------------+
; Parameter Name                     ; Value                ; Type                             ;
+------------------------------------+----------------------+----------------------------------+
; BYTE_SIZE_BLOCK                    ; 8                    ; Untyped                          ;
; AUTO_CARRY_CHAINS                  ; ON                   ; AUTO_CARRY                       ;
; IGNORE_CARRY_BUFFERS               ; OFF                  ; IGNORE_CARRY                     ;
; AUTO_CASCADE_CHAINS                ; ON                   ; AUTO_CASCADE                     ;
; IGNORE_CASCADE_BUFFERS             ; OFF                  ; IGNORE_CASCADE                   ;
; WIDTH_BYTEENA                      ; 1                    ; Untyped                          ;
; OPERATION_MODE                     ; SINGLE_PORT          ; Untyped                          ;
; WIDTH_A                            ; 8                    ; Signed Integer                   ;
; WIDTHAD_A                          ; 5                    ; Signed Integer                   ;
; NUMWORDS_A                         ; 32                   ; Signed Integer                   ;
; OUTDATA_REG_A                      ; UNREGISTERED         ; Untyped                          ;
; ADDRESS_ACLR_A                     ; NONE                 ; Untyped                          ;
; OUTDATA_ACLR_A                     ; NONE                 ; Untyped                          ;
; WRCONTROL_ACLR_A                   ; NONE                 ; Untyped                          ;
; INDATA_ACLR_A                      ; NONE                 ; Untyped                          ;
; BYTEENA_ACLR_A                     ; NONE                 ; Untyped                          ;
; WIDTH_B                            ; 1                    ; Signed Integer                   ;
; WIDTHAD_B                          ; 1                    ; Signed Integer                   ;
; NUMWORDS_B                         ; 0                    ; Signed Integer                   ;
; INDATA_REG_B                       ; CLOCK1               ; Untyped                          ;
; WRCONTROL_WRADDRESS_REG_B          ; CLOCK1               ; Untyped                          ;
; RDCONTROL_REG_B                    ; CLOCK1               ; Untyped                          ;
; ADDRESS_REG_B                      ; CLOCK1               ; Untyped                          ;
; OUTDATA_REG_B                      ; UNREGISTERED         ; Untyped                          ;
; BYTEENA_REG_B                      ; CLOCK1               ; Untyped                          ;
; INDATA_ACLR_B                      ; NONE                 ; Untyped                          ;
; WRCONTROL_ACLR_B                   ; NONE                 ; Untyped                          ;
; ADDRESS_ACLR_B                     ; NONE                 ; Untyped                          ;
; OUTDATA_ACLR_B                     ; NONE                 ; Untyped                          ;
; RDCONTROL_ACLR_B                   ; NONE                 ; Untyped                          ;
; BYTEENA_ACLR_B                     ; NONE                 ; Untyped                          ;
; WIDTH_BYTEENA_A                    ; 1                    ; Signed Integer                   ;
; WIDTH_BYTEENA_B                    ; 1                    ; Signed Integer                   ;
; RAM_BLOCK_TYPE                     ; M10K                 ; Untyped                          ;
; BYTE_SIZE                          ; 8                    ; Signed Integer                   ;
; READ_DURING_WRITE_MODE_MIXED_PORTS ; DONT_CARE            ; Untyped                          ;
; READ_DURING_WRITE_MODE_PORT_A      ; NEW_DATA_NO_NBE_READ ; Untyped                          ;
; READ_DURING_WRITE_MODE_PORT_B      ; NEW_DATA_NO_NBE_READ ; Untyped                          ;
; INIT_FILE                          ; UNUSED               ; Untyped                          ;
; INIT_FILE_LAYOUT                   ; PORT_A               ; Untyped                          ;
; MAXIMUM_DEPTH                      ; 0                    ; Signed Integer                   ;
; CLOCK_ENABLE_INPUT_A               ; BYPASS               ; Untyped                          ;
; CLOCK_ENABLE_INPUT_B               ; NORMAL               ; Untyped                          ;
; CLOCK_ENABLE_OUTPUT_A              ; BYPASS               ; Untyped                          ;
; CLOCK_ENABLE_OUTPUT_B              ; NORMAL               ; Untyped                          ;
; CLOCK_ENABLE_CORE_A                ; USE_INPUT_CLKEN      ; Untyped                          ;
; CLOCK_ENABLE_CORE_B                ; USE_INPUT_CLKEN      ; Untyped                          ;
; ENABLE_ECC                         ; FALSE                ; Untyped                          ;
; ECC_PIPELINE_STAGE_ENABLED         ; FALSE                ; Untyped                          ;
; WIDTH_ECCSTATUS                    ; 3                    ; Signed Integer                   ;
; DEVICE_FAMILY                      ; Cyclone V            ; Untyped                          ;
; CBXI_PARAMETER                     ; altsyncram_obb4      ; Untyped                          ;
+------------------------------------+----------------------+----------------------------------+
Note: In order to hide this table in the UI and the text report file, please set the "Show Parameter Settings in Synthesis Report" option in "Analysis and Synthesis Settings -> More Settings" to "Off".


+---------------------------------------------------------------------------------+
; Parameter Settings for Inferred Entity Instance: shuffle_mem:U2|lpm_divide:Mod0 ;
+------------------------+----------------+---------------------------------------+
; Parameter Name         ; Value          ; Type                                  ;
+------------------------+----------------+---------------------------------------+
; LPM_WIDTHN             ; 8              ; Untyped                               ;
; LPM_WIDTHD             ; 2              ; Untyped                               ;
; LPM_NREPRESENTATION    ; UNSIGNED       ; Untyped                               ;
; LPM_DREPRESENTATION    ; UNSIGNED       ; Untyped                               ;
; LPM_PIPELINE           ; 0              ; Untyped                               ;
; LPM_REMAINDERPOSITIVE  ; TRUE           ; Untyped                               ;
; MAXIMIZE_SPEED         ; 5              ; Untyped                               ;
; CBXI_PARAMETER         ; lpm_divide_62m ; Untyped                               ;
; CARRY_CHAIN            ; MANUAL         ; Untyped                               ;
; OPTIMIZE_FOR_SPEED     ; 5              ; Untyped                               ;
; AUTO_CARRY_CHAINS      ; ON             ; AUTO_CARRY                            ;
; IGNORE_CARRY_BUFFERS   ; OFF            ; IGNORE_CARRY                          ;
; AUTO_CASCADE_CHAINS    ; ON             ; AUTO_CASCADE                          ;
; IGNORE_CASCADE_BUFFERS ; OFF            ; IGNORE_CASCADE                        ;
+------------------------+----------------+---------------------------------------+
Note: In order to hide this table in the UI and the text report file, please set the "Show Parameter Settings in Synthesis Report" option in "Analysis and Synthesis Settings -> More Settings" to "Off".


+----------------------------------------------------------------------------------+
; Parameter Settings for Inferred Entity Instance: shuffle_mem:U22|lpm_divide:Mod0 ;
+------------------------+----------------+----------------------------------------+
; Parameter Name         ; Value          ; Type                                   ;
+------------------------+----------------+----------------------------------------+
; LPM_WIDTHN             ; 8              ; Untyped                                ;
; LPM_WIDTHD             ; 2              ; Untyped                                ;
; LPM_NREPRESENTATION    ; UNSIGNED       ; Untyped                                ;
; LPM_DREPRESENTATION    ; UNSIGNED       ; Untyped                                ;
; LPM_PIPELINE           ; 0              ; Untyped                                ;
; LPM_REMAINDERPOSITIVE  ; TRUE           ; Untyped                                ;
; MAXIMIZE_SPEED         ; 5              ; Untyped                                ;
; CBXI_PARAMETER         ; lpm_divide_62m ; Untyped                                ;
; CARRY_CHAIN            ; MANUAL         ; Untyped                                ;
; OPTIMIZE_FOR_SPEED     ; 5              ; Untyped                                ;
; AUTO_CARRY_CHAINS      ; ON             ; AUTO_CARRY                             ;
; IGNORE_CARRY_BUFFERS   ; OFF            ; IGNORE_CARRY                           ;
; AUTO_CASCADE_CHAINS    ; ON             ; AUTO_CASCADE                           ;
; IGNORE_CASCADE_BUFFERS ; OFF            ; IGNORE_CASCADE                         ;
+------------------------+----------------+----------------------------------------+
Note: In order to hide this table in the UI and the text report file, please set the "Show Parameter Settings in Synthesis Report" option in "Analysis and Synthesis Settings -> More Settings" to "Off".


+----------------------------------------------------------------------------------+
; Parameter Settings for Inferred Entity Instance: shuffle_mem:U23|lpm_divide:Mod0 ;
+------------------------+----------------+----------------------------------------+
; Parameter Name         ; Value          ; Type                                   ;
+------------------------+----------------+----------------------------------------+
; LPM_WIDTHN             ; 8              ; Untyped                                ;
; LPM_WIDTHD             ; 2              ; Untyped                                ;
; LPM_NREPRESENTATION    ; UNSIGNED       ; Untyped                                ;
; LPM_DREPRESENTATION    ; UNSIGNED       ; Untyped                                ;
; LPM_PIPELINE           ; 0              ; Untyped                                ;
; LPM_REMAINDERPOSITIVE  ; TRUE           ; Untyped                                ;
; MAXIMIZE_SPEED         ; 5              ; Untyped                                ;
; CBXI_PARAMETER         ; lpm_divide_62m ; Untyped                                ;
; CARRY_CHAIN            ; MANUAL         ; Untyped                                ;
; OPTIMIZE_FOR_SPEED     ; 5              ; Untyped                                ;
; AUTO_CARRY_CHAINS      ; ON             ; AUTO_CARRY                             ;
; IGNORE_CARRY_BUFFERS   ; OFF            ; IGNORE_CARRY                           ;
; AUTO_CASCADE_CHAINS    ; ON             ; AUTO_CASCADE                           ;
; IGNORE_CASCADE_BUFFERS ; OFF            ; IGNORE_CASCADE                         ;
+------------------------+----------------+----------------------------------------+
Note: In order to hide this table in the UI and the text report file, please set the "Show Parameter Settings in Synthesis Report" option in "Analysis and Synthesis Settings -> More Settings" to "Off".


+----------------------------------------------------------------------------------+
; Parameter Settings for Inferred Entity Instance: shuffle_mem:U24|lpm_divide:Mod0 ;
+------------------------+----------------+----------------------------------------+
; Parameter Name         ; Value          ; Type                                   ;
+------------------------+----------------+----------------------------------------+
; LPM_WIDTHN             ; 8              ; Untyped                                ;
; LPM_WIDTHD             ; 2              ; Untyped                                ;
; LPM_NREPRESENTATION    ; UNSIGNED       ; Untyped                                ;
; LPM_DREPRESENTATION    ; UNSIGNED       ; Untyped                                ;
; LPM_PIPELINE           ; 0              ; Untyped                                ;
; LPM_REMAINDERPOSITIVE  ; TRUE           ; Untyped                                ;
; MAXIMIZE_SPEED         ; 5              ; Untyped                                ;
; CBXI_PARAMETER         ; lpm_divide_62m ; Untyped                                ;
; CARRY_CHAIN            ; MANUAL         ; Untyped                                ;
; OPTIMIZE_FOR_SPEED     ; 5              ; Untyped                                ;
; AUTO_CARRY_CHAINS      ; ON             ; AUTO_CARRY                             ;
; IGNORE_CARRY_BUFFERS   ; OFF            ; IGNORE_CARRY                           ;
; AUTO_CASCADE_CHAINS    ; ON             ; AUTO_CASCADE                           ;
; IGNORE_CASCADE_BUFFERS ; OFF            ; IGNORE_CASCADE                         ;
+------------------------+----------------+----------------------------------------+
Note: In order to hide this table in the UI and the text report file, please set the "Show Parameter Settings in Synthesis Report" option in "Analysis and Synthesis Settings -> More Settings" to "Off".


+---------------------------------------------------------------------------------------------+
; altsyncram Parameter Settings by Entity Instance                                            ;
+-------------------------------------------+-------------------------------------------------+
; Name                                      ; Value                                           ;
+-------------------------------------------+-------------------------------------------------+
; Number of entity instances                ; 12                                              ;
; Entity Instance                           ; s_memory:U0|altsyncram:altsyncram_component     ;
;     -- OPERATION_MODE                     ; SINGLE_PORT                                     ;
;     -- WIDTH_A                            ; 8                                               ;
;     -- NUMWORDS_A                         ; 256                                             ;
;     -- OUTDATA_REG_A                      ; UNREGISTERED                                    ;
;     -- WIDTH_B                            ; 1                                               ;
;     -- NUMWORDS_B                         ; 0                                               ;
;     -- ADDRESS_REG_B                      ; CLOCK1                                          ;
;     -- OUTDATA_REG_B                      ; UNREGISTERED                                    ;
;     -- RAM_BLOCK_TYPE                     ; M10K                                            ;
;     -- READ_DURING_WRITE_MODE_MIXED_PORTS ; DONT_CARE                                       ;
; Entity Instance                           ; ROM:U4|altsyncram:altsyncram_component          ;
;     -- OPERATION_MODE                     ; ROM                                             ;
;     -- WIDTH_A                            ; 8                                               ;
;     -- NUMWORDS_A                         ; 32                                              ;
;     -- OUTDATA_REG_A                      ; UNREGISTERED                                    ;
;     -- WIDTH_B                            ; 1                                               ;
;     -- NUMWORDS_B                         ; 0                                               ;
;     -- ADDRESS_REG_B                      ; CLOCK1                                          ;
;     -- OUTDATA_REG_B                      ; UNREGISTERED                                    ;
;     -- RAM_BLOCK_TYPE                     ; M10K                                            ;
;     -- READ_DURING_WRITE_MODE_MIXED_PORTS ; DONT_CARE                                       ;
; Entity Instance                           ; RAM_Decrypt:U5|altsyncram:altsyncram_component  ;
;     -- OPERATION_MODE                     ; SINGLE_PORT                                     ;
;     -- WIDTH_A                            ; 8                                               ;
;     -- NUMWORDS_A                         ; 32                                              ;
;     -- OUTDATA_REG_A                      ; UNREGISTERED                                    ;
;     -- WIDTH_B                            ; 1                                               ;
;     -- NUMWORDS_B                         ; 0                                               ;
;     -- ADDRESS_REG_B                      ; CLOCK1                                          ;
;     -- OUTDATA_REG_B                      ; UNREGISTERED                                    ;
;     -- RAM_BLOCK_TYPE                     ; M10K                                            ;
;     -- READ_DURING_WRITE_MODE_MIXED_PORTS ; DONT_CARE                                       ;
; Entity Instance                           ; s_memory:U02|altsyncram:altsyncram_component    ;
;     -- OPERATION_MODE                     ; SINGLE_PORT                                     ;
;     -- WIDTH_A                            ; 8                                               ;
;     -- NUMWORDS_A                         ; 256                                             ;
;     -- OUTDATA_REG_A                      ; UNREGISTERED                                    ;
;     -- WIDTH_B                            ; 1                                               ;
;     -- NUMWORDS_B                         ; 0                                               ;
;     -- ADDRESS_REG_B                      ; CLOCK1                                          ;
;     -- OUTDATA_REG_B                      ; UNREGISTERED                                    ;
;     -- RAM_BLOCK_TYPE                     ; M10K                                            ;
;     -- READ_DURING_WRITE_MODE_MIXED_PORTS ; DONT_CARE                                       ;
; Entity Instance                           ; ROM:U42|altsyncram:altsyncram_component         ;
;     -- OPERATION_MODE                     ; ROM                                             ;
;     -- WIDTH_A                            ; 8                                               ;
;     -- NUMWORDS_A                         ; 32                                              ;
;     -- OUTDATA_REG_A                      ; UNREGISTERED                                    ;
;     -- WIDTH_B                            ; 1                                               ;
;     -- NUMWORDS_B                         ; 0                                               ;
;     -- ADDRESS_REG_B                      ; CLOCK1                                          ;
;     -- OUTDATA_REG_B                      ; UNREGISTERED                                    ;
;     -- RAM_BLOCK_TYPE                     ; M10K                                            ;
;     -- READ_DURING_WRITE_MODE_MIXED_PORTS ; DONT_CARE                                       ;
; Entity Instance                           ; RAM_Decrypt:U52|altsyncram:altsyncram_component ;
;     -- OPERATION_MODE                     ; SINGLE_PORT                                     ;
;     -- WIDTH_A                            ; 8                                               ;
;     -- NUMWORDS_A                         ; 32                                              ;
;     -- OUTDATA_REG_A                      ; UNREGISTERED                                    ;
;     -- WIDTH_B                            ; 1                                               ;
;     -- NUMWORDS_B                         ; 0                                               ;
;     -- ADDRESS_REG_B                      ; CLOCK1                                          ;
;     -- OUTDATA_REG_B                      ; UNREGISTERED                                    ;
;     -- RAM_BLOCK_TYPE                     ; M10K                                            ;
;     -- READ_DURING_WRITE_MODE_MIXED_PORTS ; DONT_CARE                                       ;
; Entity Instance                           ; s_memory:U03|altsyncram:altsyncram_component    ;
;     -- OPERATION_MODE                     ; SINGLE_PORT                                     ;
;     -- WIDTH_A                            ; 8                                               ;
;     -- NUMWORDS_A                         ; 256                                             ;
;     -- OUTDATA_REG_A                      ; UNREGISTERED                                    ;
;     -- WIDTH_B                            ; 1                                               ;
;     -- NUMWORDS_B                         ; 0                                               ;
;     -- ADDRESS_REG_B                      ; CLOCK1                                          ;
;     -- OUTDATA_REG_B                      ; UNREGISTERED                                    ;
;     -- RAM_BLOCK_TYPE                     ; M10K                                            ;
;     -- READ_DURING_WRITE_MODE_MIXED_PORTS ; DONT_CARE                                       ;
; Entity Instance                           ; ROM:U43|altsyncram:altsyncram_component         ;
;     -- OPERATION_MODE                     ; ROM                                             ;
;     -- WIDTH_A                            ; 8                                               ;
;     -- NUMWORDS_A                         ; 32                                              ;
;     -- OUTDATA_REG_A                      ; UNREGISTERED                                    ;
;     -- WIDTH_B                            ; 1                                               ;
;     -- NUMWORDS_B                         ; 0                                               ;
;     -- ADDRESS_REG_B                      ; CLOCK1                                          ;
;     -- OUTDATA_REG_B                      ; UNREGISTERED                                    ;
;     -- RAM_BLOCK_TYPE                     ; M10K                                            ;
;     -- READ_DURING_WRITE_MODE_MIXED_PORTS ; DONT_CARE                                       ;
; Entity Instance                           ; RAM_Decrypt:U53|altsyncram:altsyncram_component ;
;     -- OPERATION_MODE                     ; SINGLE_PORT                                     ;
;     -- WIDTH_A                            ; 8                                               ;
;     -- NUMWORDS_A                         ; 32                                              ;
;     -- OUTDATA_REG_A                      ; UNREGISTERED                                    ;
;     -- WIDTH_B                            ; 1                                               ;
;     -- NUMWORDS_B                         ; 0                                               ;
;     -- ADDRESS_REG_B                      ; CLOCK1                                          ;
;     -- OUTDATA_REG_B                      ; UNREGISTERED                                    ;
;     -- RAM_BLOCK_TYPE                     ; M10K                                            ;
;     -- READ_DURING_WRITE_MODE_MIXED_PORTS ; DONT_CARE                                       ;
; Entity Instance                           ; s_memory:U04|altsyncram:altsyncram_component    ;
;     -- OPERATION_MODE                     ; SINGLE_PORT                                     ;
;     -- WIDTH_A                            ; 8                                               ;
;     -- NUMWORDS_A                         ; 256                                             ;
;     -- OUTDATA_REG_A                      ; UNREGISTERED                                    ;
;     -- WIDTH_B                            ; 1                                               ;
;     -- NUMWORDS_B                         ; 0                                               ;
;     -- ADDRESS_REG_B                      ; CLOCK1                                          ;
;     -- OUTDATA_REG_B                      ; UNREGISTERED                                    ;
;     -- RAM_BLOCK_TYPE                     ; M10K                                            ;
;     -- READ_DURING_WRITE_MODE_MIXED_PORTS ; DONT_CARE                                       ;
; Entity Instance                           ; ROM:U44|altsyncram:altsyncram_component         ;
;     -- OPERATION_MODE                     ; ROM                                             ;
;     -- WIDTH_A                            ; 8                                               ;
;     -- NUMWORDS_A                         ; 32                                              ;
;     -- OUTDATA_REG_A                      ; UNREGISTERED                                    ;
;     -- WIDTH_B                            ; 1                                               ;
;     -- NUMWORDS_B                         ; 0                                               ;
;     -- ADDRESS_REG_B                      ; CLOCK1                                          ;
;     -- OUTDATA_REG_B                      ; UNREGISTERED                                    ;
;     -- RAM_BLOCK_TYPE                     ; M10K                                            ;
;     -- READ_DURING_WRITE_MODE_MIXED_PORTS ; DONT_CARE                                       ;
; Entity Instance                           ; RAM_Decrypt:U54|altsyncram:altsyncram_component ;
;     -- OPERATION_MODE                     ; SINGLE_PORT                                     ;
;     -- WIDTH_A                            ; 8                                               ;
;     -- NUMWORDS_A                         ; 32                                              ;
;     -- OUTDATA_REG_A                      ; UNREGISTERED                                    ;
;     -- WIDTH_B                            ; 1                                               ;
;     -- NUMWORDS_B                         ; 0                                               ;
;     -- ADDRESS_REG_B                      ; CLOCK1                                          ;
;     -- OUTDATA_REG_B                      ; UNREGISTERED                                    ;
;     -- RAM_BLOCK_TYPE                     ; M10K                                            ;
;     -- READ_DURING_WRITE_MODE_MIXED_PORTS ; DONT_CARE                                       ;
+-------------------------------------------+-------------------------------------------------+


+-------------------------------------------------+
; Port Connectivity Checks: "increment_key:U74"   ;
+---------------+-------+----------+--------------+
; Port          ; Type  ; Severity ; Details      ;
+---------------+-------+----------+--------------+
; setter        ; Input ; Info     ; Stuck at VCC ;
; number[21..4] ; Input ; Info     ; Stuck at VCC ;
; number[3..0]  ; Input ; Info     ; Stuck at GND ;
+---------------+-------+----------+--------------+


+----------------------------------------------------------------------------------------------------------------+
; Port Connectivity Checks: "RAM_Decrypt:U54"                                                                    ;
+------+--------+----------+-------------------------------------------------------------------------------------+
; Port ; Type   ; Severity ; Details                                                                             ;
+------+--------+----------+-------------------------------------------------------------------------------------+
; q    ; Output ; Info     ; Connected to dangling logic. Logic that only feeds a dangling port will be removed. ;
+------+--------+----------+-------------------------------------------------------------------------------------+


+------------------------------------------------------+
; Port Connectivity Checks: "shuffle_mem:U24"          ;
+--------------------+-------+----------+--------------+
; Port               ; Type  ; Severity ; Details      ;
+--------------------+-------+----------+--------------+
; secret_key[23..22] ; Input ; Info     ; Stuck at GND ;
+--------------------+-------+----------+--------------+


+-------------------------------------------------------------------------------------------------------------------------------------------------------------------------------------------------------------------+
; Port Connectivity Checks: "init_s_mem:U14"                                                                                                                                                                        ;
+-----------+-------+----------+------------------------------------------------------------------------------------------------------------------------------------------------------------------------------------+
; Port      ; Type  ; Severity ; Details                                                                                                                                                                            ;
+-----------+-------+----------+------------------------------------------------------------------------------------------------------------------------------------------------------------------------------------+
; start     ; Input ; Warning  ; Input port expression (32 bits) is wider than the input port (1 bits) it drives.  The 31 most-significant bit(s) in the expression will be dangling if they have no other fanouts. ;
; start[-1] ; Input ; Info     ; Stuck at GND                                                                                                                                                                       ;
+-----------+-------+----------+------------------------------------------------------------------------------------------------------------------------------------------------------------------------------------+


+-------------------------------------------------+
; Port Connectivity Checks: "increment_key:U73"   ;
+---------------+-------+----------+--------------+
; Port          ; Type  ; Severity ; Details      ;
+---------------+-------+----------+--------------+
; setter[19..0] ; Input ; Info     ; Stuck at VCC ;
; setter[21]    ; Input ; Info     ; Stuck at VCC ;
; setter[20]    ; Input ; Info     ; Stuck at GND ;
; number[20..0] ; Input ; Info     ; Stuck at GND ;
; number[21]    ; Input ; Info     ; Stuck at VCC ;
+---------------+-------+----------+--------------+


+----------------------------------------------------------------------------------------------------------------+
; Port Connectivity Checks: "RAM_Decrypt:U53"                                                                    ;
+------+--------+----------+-------------------------------------------------------------------------------------+
; Port ; Type   ; Severity ; Details                                                                             ;
+------+--------+----------+-------------------------------------------------------------------------------------+
; q    ; Output ; Info     ; Connected to dangling logic. Logic that only feeds a dangling port will be removed. ;
+------+--------+----------+-------------------------------------------------------------------------------------+


+------------------------------------------------------+
; Port Connectivity Checks: "shuffle_mem:U23"          ;
+--------------------+-------+----------+--------------+
; Port               ; Type  ; Severity ; Details      ;
+--------------------+-------+----------+--------------+
; secret_key[23..22] ; Input ; Info     ; Stuck at GND ;
+--------------------+-------+----------+--------------+


+-------------------------------------------------------------------------------------------------------------------------------------------------------------------------------------------------------------------+
; Port Connectivity Checks: "init_s_mem:U13"                                                                                                                                                                        ;
+-----------+-------+----------+------------------------------------------------------------------------------------------------------------------------------------------------------------------------------------+
; Port      ; Type  ; Severity ; Details                                                                                                                                                                            ;
+-----------+-------+----------+------------------------------------------------------------------------------------------------------------------------------------------------------------------------------------+
; start     ; Input ; Warning  ; Input port expression (32 bits) is wider than the input port (1 bits) it drives.  The 31 most-significant bit(s) in the expression will be dangling if they have no other fanouts. ;
; start[-1] ; Input ; Info     ; Stuck at GND                                                                                                                                                                       ;
+-----------+-------+----------+------------------------------------------------------------------------------------------------------------------------------------------------------------------------------------+


+-------------------------------------------------+
; Port Connectivity Checks: "increment_key:U72"   ;
+---------------+-------+----------+--------------+
; Port          ; Type  ; Severity ; Details      ;
+---------------+-------+----------+--------------+
; setter[20..0] ; Input ; Info     ; Stuck at VCC ;
; setter[21]    ; Input ; Info     ; Stuck at GND ;
; number[19..0] ; Input ; Info     ; Stuck at GND ;
; number[21]    ; Input ; Info     ; Stuck at GND ;
; number[20]    ; Input ; Info     ; Stuck at VCC ;
+---------------+-------+----------+--------------+


+----------------------------------------------------------------------------------------------------------------+
; Port Connectivity Checks: "RAM_Decrypt:U52"                                                                    ;
+------+--------+----------+-------------------------------------------------------------------------------------+
; Port ; Type   ; Severity ; Details                                                                             ;
+------+--------+----------+-------------------------------------------------------------------------------------+
; q    ; Output ; Info     ; Connected to dangling logic. Logic that only feeds a dangling port will be removed. ;
+------+--------+----------+-------------------------------------------------------------------------------------+


+------------------------------------------------------+
; Port Connectivity Checks: "shuffle_mem:U22"          ;
+--------------------+-------+----------+--------------+
; Port               ; Type  ; Severity ; Details      ;
+--------------------+-------+----------+--------------+
; secret_key[23..22] ; Input ; Info     ; Stuck at GND ;
+--------------------+-------+----------+--------------+


+-------------------------------------------------------------------------------------------------------------------------------------------------------------------------------------------------------------------+
; Port Connectivity Checks: "init_s_mem:U12"                                                                                                                                                                        ;
+-----------+-------+----------+------------------------------------------------------------------------------------------------------------------------------------------------------------------------------------+
; Port      ; Type  ; Severity ; Details                                                                                                                                                                            ;
+-----------+-------+----------+------------------------------------------------------------------------------------------------------------------------------------------------------------------------------------+
; start     ; Input ; Warning  ; Input port expression (32 bits) is wider than the input port (1 bits) it drives.  The 31 most-significant bit(s) in the expression will be dangling if they have no other fanouts. ;
; start[-1] ; Input ; Info     ; Stuck at GND                                                                                                                                                                       ;
+-----------+-------+----------+------------------------------------------------------------------------------------------------------------------------------------------------------------------------------------+


+--------------------------------------------------+
; Port Connectivity Checks: "increment_key:U7"     ;
+----------------+-------+----------+--------------+
; Port           ; Type  ; Severity ; Details      ;
+----------------+-------+----------+--------------+
; setter[19..0]  ; Input ; Info     ; Stuck at VCC ;
; setter[21..20] ; Input ; Info     ; Stuck at GND ;
; number         ; Input ; Info     ; Stuck at GND ;
+----------------+-------+----------+--------------+


+----------------------------------------------------------------------------------------------------------------+
; Port Connectivity Checks: "RAM_Decrypt:U5"                                                                     ;
+------+--------+----------+-------------------------------------------------------------------------------------+
; Port ; Type   ; Severity ; Details                                                                             ;
+------+--------+----------+-------------------------------------------------------------------------------------+
; q    ; Output ; Info     ; Connected to dangling logic. Logic that only feeds a dangling port will be removed. ;
+------+--------+----------+-------------------------------------------------------------------------------------+


+------------------------------------------------------+
; Port Connectivity Checks: "shuffle_mem:U2"           ;
+--------------------+-------+----------+--------------+
; Port               ; Type  ; Severity ; Details      ;
+--------------------+-------+----------+--------------+
; secret_key[23..22] ; Input ; Info     ; Stuck at GND ;
+--------------------+-------+----------+--------------+


+-------------------------------------------------------------------------------------------------------------------------------------------------------------------------------------------------------------------+
; Port Connectivity Checks: "init_s_mem:U1"                                                                                                                                                                         ;
+-----------+-------+----------+------------------------------------------------------------------------------------------------------------------------------------------------------------------------------------+
; Port      ; Type  ; Severity ; Details                                                                                                                                                                            ;
+-----------+-------+----------+------------------------------------------------------------------------------------------------------------------------------------------------------------------------------------+
; start     ; Input ; Warning  ; Input port expression (32 bits) is wider than the input port (1 bits) it drives.  The 31 most-significant bit(s) in the expression will be dangling if they have no other fanouts. ;
; start[-1] ; Input ; Info     ; Stuck at GND                                                                                                                                                                       ;
+-----------+-------+----------+------------------------------------------------------------------------------------------------------------------------------------------------------------------------------------+


+--------------------------------------------------------------------------------------------------------------------------------------------+
; In-System Memory Content Editor Settings                                                                                                   ;
+----------------+-------------+-------+-------+------------+--------------------------------------------------------------------------------+
; Instance Index ; Instance ID ; Width ; Depth ; Mode       ; Hierarchy Location                                                             ;
+----------------+-------------+-------+-------+------------+--------------------------------------------------------------------------------+
; 0              ; S           ; 8     ; 256   ; Read/Write ; s_memory:U0|altsyncram:altsyncram_component|altsyncram_m5b4:auto_generated     ;
; 1              ; ROM         ; 8     ; 32    ; Read/Write ; ROM:U4|altsyncram:altsyncram_component|altsyncram_ijg4:auto_generated          ;
; 2              ; RAM0        ; 8     ; 32    ; Read/Write ; RAM_Decrypt:U5|altsyncram:altsyncram_component|altsyncram_obb4:auto_generated  ;
; 3              ; S           ; 8     ; 256   ; Read/Write ; s_memory:U02|altsyncram:altsyncram_component|altsyncram_m5b4:auto_generated    ;
; 4              ; ROM         ; 8     ; 32    ; Read/Write ; ROM:U42|altsyncram:altsyncram_component|altsyncram_ijg4:auto_generated         ;
; 5              ; RAM0        ; 8     ; 32    ; Read/Write ; RAM_Decrypt:U52|altsyncram:altsyncram_component|altsyncram_obb4:auto_generated ;
; 6              ; S           ; 8     ; 256   ; Read/Write ; s_memory:U03|altsyncram:altsyncram_component|altsyncram_m5b4:auto_generated    ;
; 7              ; ROM         ; 8     ; 32    ; Read/Write ; ROM:U43|altsyncram:altsyncram_component|altsyncram_ijg4:auto_generated         ;
; 8              ; RAM0        ; 8     ; 32    ; Read/Write ; RAM_Decrypt:U53|altsyncram:altsyncram_component|altsyncram_obb4:auto_generated ;
; 9              ; S           ; 8     ; 256   ; Read/Write ; s_memory:U04|altsyncram:altsyncram_component|altsyncram_m5b4:auto_generated    ;
; 10             ; ROM         ; 8     ; 32    ; Read/Write ; ROM:U44|altsyncram:altsyncram_component|altsyncram_ijg4:auto_generated         ;
; 11             ; RAM0        ; 8     ; 32    ; Read/Write ; RAM_Decrypt:U54|altsyncram:altsyncram_component|altsyncram_obb4:auto_generated ;
+----------------+-------------+-------+-------+------------+--------------------------------------------------------------------------------+


+-----------------------------------------------------+
; Post-Synthesis Netlist Statistics for Top Partition ;
+-----------------------+-----------------------------+
; Type                  ; Count                       ;
+-----------------------+-----------------------------+
; arriav_ff             ; 1400                        ;
;     CLR               ; 60                          ;
;     ENA               ; 212                         ;
;     ENA CLR           ; 108                         ;
;     ENA CLR SLD       ; 32                          ;
;     ENA SCLR          ; 692                         ;
;     ENA SCLR SLD      ; 96                          ;
;     ENA SLD           ; 118                         ;
;     SCLR              ; 4                           ;
;     SLD               ; 10                          ;
;     plain             ; 68                          ;
; arriav_lcell_comb     ; 1571                        ;
;     arith             ; 388                         ;
;         0 data inputs ; 28                          ;
;         1 data inputs ; 248                         ;
;         2 data inputs ; 64                          ;
;         3 data inputs ; 28                          ;
;         4 data inputs ; 20                          ;
;     extend            ; 24                          ;
;         7 data inputs ; 24                          ;
;     normal            ; 1127                        ;
;         0 data inputs ; 1                           ;
;         1 data inputs ; 6                           ;
;         2 data inputs ; 144                         ;
;         3 data inputs ; 117                         ;
;         4 data inputs ; 225                         ;
;         5 data inputs ; 352                         ;
;         6 data inputs ; 282                         ;
;     shared            ; 32                          ;
;         3 data inputs ; 32                          ;
; boundary_port         ; 391                         ;
; stratixv_ram_block    ; 96                          ;
;                       ;                             ;
; Max LUT depth         ; 10.40                       ;
; Average LUT depth     ; 2.06                        ;
+-----------------------+-----------------------------+


+-------------------------------+
; Elapsed Time Per Partition    ;
+----------------+--------------+
; Partition Name ; Elapsed Time ;
+----------------+--------------+
; Top            ; 00:00:03     ;
+----------------+--------------+


+-------------------------------+
; Analysis & Synthesis Messages ;
+-------------------------------+
Info: *******************************************************************
Info: Running Quartus Prime Analysis & Synthesis
    Info: Version 16.1.2 Build 203 01/18/2017 SJ Lite Edition
    Info: Processing started: Tue Aug 25 01:19:57 2026
Info: Command: quartus_map --read_settings_files=on --write_settings_files=off rc4 -c rc4
Warning (18236): Number of processors has not been specified which may cause overloading on shared machines.  Set the global assignment NUM_PARALLEL_PROCESSORS in your QSF to an appropriate value for best performance.
Info (20030): Parallel compilation is enabled and will use 12 of the 12 processors detected
Info (12021): Found 1 design units, including 1 entities, in source file rtl/increment_key.sv
    Info (12023): Found entity 1: increment_key File: C:/Users/2005B/OneDrive/Desktop/Courses/CPEN 311/Labs/Lab4/template_de1soc/RTL/increment_key.sv Line: 1
Info (12021): Found 1 design units, including 1 entities, in source file rtl/decrypter.sv
    Info (12023): Found entity 1: decrypter File: C:/Users/2005B/OneDrive/Desktop/Courses/CPEN 311/Labs/Lab4/template_de1soc/RTL/decrypter.sv Line: 30
Warning (10274): Verilog HDL macro warning at shuffle_mem.sv(2): overriding existing definition for macro "IDLE", which was defined in "RTL/decrypter.sv", line 2 File: C:/Users/2005B/OneDrive/Desktop/Courses/CPEN 311/Labs/Lab4/template_de1soc/RTL/shuffle_mem.sv Line: 2
Warning (10274): Verilog HDL macro warning at shuffle_mem.sv(10): overriding existing definition for macro "CHECK", which was defined in "RTL/decrypter.sv", line 23 File: C:/Users/2005B/OneDrive/Desktop/Courses/CPEN 311/Labs/Lab4/template_de1soc/RTL/shuffle_mem.sv Line: 10
Warning (10274): Verilog HDL macro warning at shuffle_mem.sv(11): overriding existing definition for macro "WAIT_SI", which was defined in "RTL/decrypter.sv", line 5 File: C:/Users/2005B/OneDrive/Desktop/Courses/CPEN 311/Labs/Lab4/template_de1soc/RTL/shuffle_mem.sv Line: 11
Warning (10274): Verilog HDL macro warning at shuffle_mem.sv(12): overriding existing definition for macro "WR_J", which was defined in "RTL/decrypter.sv", line 13 File: C:/Users/2005B/OneDrive/Desktop/Courses/CPEN 311/Labs/Lab4/template_de1soc/RTL/shuffle_mem.sv Line: 12
Warning (10274): Verilog HDL macro warning at shuffle_mem.sv(13): overriding existing definition for macro "WR_I", which was defined in "RTL/decrypter.sv", line 12 File: C:/Users/2005B/OneDrive/Desktop/Courses/CPEN 311/Labs/Lab4/template_de1soc/RTL/shuffle_mem.sv Line: 13
Warning (10274): Verilog HDL macro warning at shuffle_mem.sv(14): overriding existing definition for macro "COMPLETED", which was defined in "RTL/decrypter.sv", line 25 File: C:/Users/2005B/OneDrive/Desktop/Courses/CPEN 311/Labs/Lab4/template_de1soc/RTL/shuffle_mem.sv Line: 14
Warning (10274): Verilog HDL macro warning at shuffle_mem.sv(15): overriding existing definition for macro "WAIT_SJ", which was defined in "RTL/decrypter.sv", line 9 File: C:/Users/2005B/OneDrive/Desktop/Courses/CPEN 311/Labs/Lab4/template_de1soc/RTL/shuffle_mem.sv Line: 15
Info (12021): Found 1 design units, including 1 entities, in source file rtl/shuffle_mem.sv
    Info (12023): Found entity 1: shuffle_mem File: C:/Users/2005B/OneDrive/Desktop/Courses/CPEN 311/Labs/Lab4/template_de1soc/RTL/shuffle_mem.sv Line: 17
Warning (10274): Verilog HDL macro warning at init_s_mem.sv(2): overriding existing definition for macro "IDLE", which was defined in "RTL/decrypter.sv", line 2 File: C:/Users/2005B/OneDrive/Desktop/Courses/CPEN 311/Labs/Lab4/template_de1soc/RTL/init_s_mem.sv Line: 2
Warning (10274): Verilog HDL macro warning at init_s_mem.sv(4): overriding existing definition for macro "COMPLETED", which was defined in "RTL/decrypter.sv", line 25 File: C:/Users/2005B/OneDrive/Desktop/Courses/CPEN 311/Labs/Lab4/template_de1soc/RTL/init_s_mem.sv Line: 4
Info (12021): Found 1 design units, including 1 entities, in source file rtl/init_s_mem.sv
    Info (12023): Found entity 1: init_s_mem File: C:/Users/2005B/OneDrive/Desktop/Courses/CPEN 311/Labs/Lab4/template_de1soc/RTL/init_s_mem.sv Line: 6
Info (12021): Found 1 design units, including 1 entities, in source file rtl/data_selector.sv
    Info (12023): Found entity 1: data_selector File: C:/Users/2005B/OneDrive/Desktop/Courses/CPEN 311/Labs/Lab4/template_de1soc/RTL/data_selector.sv Line: 1
Info (12021): Found 1 design units, including 1 entities, in source file ksa.sv
    Info (12023): Found entity 1: ksa File: C:/Users/2005B/OneDrive/Desktop/Courses/CPEN 311/Labs/Lab4/template_de1soc/ksa.sv Line: 1
Info (12021): Found 2 design units, including 1 entities, in source file s_memory.vhd
    Info (12022): Found design unit 1: s_memory-SYN File: C:/Users/2005B/OneDrive/Desktop/Courses/CPEN 311/Labs/Lab4/template_de1soc/s_memory.vhd Line: 55
    Info (12023): Found entity 1: s_memory File: C:/Users/2005B/OneDrive/Desktop/Courses/CPEN 311/Labs/Lab4/template_de1soc/s_memory.vhd Line: 43
Info (12021): Found 2 design units, including 1 entities, in source file rom.vhd
    Info (12022): Found design unit 1: rom-SYN File: C:/Users/2005B/OneDrive/Desktop/Courses/CPEN 311/Labs/Lab4/template_de1soc/ROM.vhd Line: 53
    Info (12023): Found entity 1: ROM File: C:/Users/2005B/OneDrive/Desktop/Courses/CPEN 311/Labs/Lab4/template_de1soc/ROM.vhd Line: 43
Info (12021): Found 2 design units, including 1 entities, in source file ram_decrypt.vhd
    Info (12022): Found design unit 1: ram_decrypt-SYN File: C:/Users/2005B/OneDrive/Desktop/Courses/CPEN 311/Labs/Lab4/template_de1soc/RAM_Decrypt.vhd Line: 55
    Info (12023): Found entity 1: RAM_Decrypt File: C:/Users/2005B/OneDrive/Desktop/Courses/CPEN 311/Labs/Lab4/template_de1soc/RAM_Decrypt.vhd Line: 43
Info (12021): Found 2 design units, including 1 entities, in source file s_memory1.vhd
    Info (12022): Found design unit 1: s_memory1-SYN File: C:/Users/2005B/OneDrive/Desktop/Courses/CPEN 311/Labs/Lab4/template_de1soc/s_memory1.vhd Line: 55
    Info (12023): Found entity 1: s_memory1 File: C:/Users/2005B/OneDrive/Desktop/Courses/CPEN 311/Labs/Lab4/template_de1soc/s_memory1.vhd Line: 43
Info (12021): Found 2 design units, including 1 entities, in source file s_memory2.vhd
    Info (12022): Found design unit 1: s_memory2-SYN File: C:/Users/2005B/OneDrive/Desktop/Courses/CPEN 311/Labs/Lab4/template_de1soc/s_memory2.vhd Line: 55
    Info (12023): Found entity 1: s_memory2 File: C:/Users/2005B/OneDrive/Desktop/Courses/CPEN 311/Labs/Lab4/template_de1soc/s_memory2.vhd Line: 43
Info (12021): Found 2 design units, including 1 entities, in source file s_memory3.vhd
    Info (12022): Found design unit 1: s_memory3-SYN File: C:/Users/2005B/OneDrive/Desktop/Courses/CPEN 311/Labs/Lab4/template_de1soc/s_memory3.vhd Line: 55
    Info (12023): Found entity 1: s_memory3 File: C:/Users/2005B/OneDrive/Desktop/Courses/CPEN 311/Labs/Lab4/template_de1soc/s_memory3.vhd Line: 43
Info (12021): Found 2 design units, including 1 entities, in source file ram_decrypt1.vhd
    Info (12022): Found design unit 1: ram_decrypt1-SYN File: C:/Users/2005B/OneDrive/Desktop/Courses/CPEN 311/Labs/Lab4/template_de1soc/RAM_Decrypt1.vhd Line: 55
    Info (12023): Found entity 1: RAM_Decrypt1 File: C:/Users/2005B/OneDrive/Desktop/Courses/CPEN 311/Labs/Lab4/template_de1soc/RAM_Decrypt1.vhd Line: 43
Info (12021): Found 2 design units, including 1 entities, in source file ram_decrypt2.vhd
    Info (12022): Found design unit 1: ram_decrypt2-SYN File: C:/Users/2005B/OneDrive/Desktop/Courses/CPEN 311/Labs/Lab4/template_de1soc/RAM_Decrypt2.vhd Line: 55
    Info (12023): Found entity 1: RAM_Decrypt2 File: C:/Users/2005B/OneDrive/Desktop/Courses/CPEN 311/Labs/Lab4/template_de1soc/RAM_Decrypt2.vhd Line: 43
Info (12021): Found 2 design units, including 1 entities, in source file ram_decrypt3.vhd
    Info (12022): Found design unit 1: ram_decrypt3-SYN File: C:/Users/2005B/OneDrive/Desktop/Courses/CPEN 311/Labs/Lab4/template_de1soc/RAM_Decrypt3.vhd Line: 55
    Info (12023): Found entity 1: RAM_Decrypt3 File: C:/Users/2005B/OneDrive/Desktop/Courses/CPEN 311/Labs/Lab4/template_de1soc/RAM_Decrypt3.vhd Line: 43
Info (12021): Found 2 design units, including 1 entities, in source file rom1.vhd
    Info (12022): Found design unit 1: rom1-SYN File: C:/Users/2005B/OneDrive/Desktop/Courses/CPEN 311/Labs/Lab4/template_de1soc/ROM1.vhd Line: 53
    Info (12023): Found entity 1: ROM1 File: C:/Users/2005B/OneDrive/Desktop/Courses/CPEN 311/Labs/Lab4/template_de1soc/ROM1.vhd Line: 43
Info (12021): Found 2 design units, including 1 entities, in source file rom2.vhd
    Info (12022): Found design unit 1: rom2-SYN File: C:/Users/2005B/OneDrive/Desktop/Courses/CPEN 311/Labs/Lab4/template_de1soc/ROM2.vhd Line: 53
    Info (12023): Found entity 1: ROM2 File: C:/Users/2005B/OneDrive/Desktop/Courses/CPEN 311/Labs/Lab4/template_de1soc/ROM2.vhd Line: 43
Info (12021): Found 2 design units, including 1 entities, in source file rom3.vhd
    Info (12022): Found design unit 1: rom3-SYN File: C:/Users/2005B/OneDrive/Desktop/Courses/CPEN 311/Labs/Lab4/template_de1soc/ROM3.vhd Line: 53
    Info (12023): Found entity 1: ROM3 File: C:/Users/2005B/OneDrive/Desktop/Courses/CPEN 311/Labs/Lab4/template_de1soc/ROM3.vhd Line: 43
Info (12127): Elaborating entity "ksa" for the top level hierarchy
Info (12128): Elaborating entity "s_memory" for hierarchy "s_memory:U0" File: C:/Users/2005B/OneDrive/Desktop/Courses/CPEN 311/Labs/Lab4/template_de1soc/ksa.sv Line: 39
Info (12128): Elaborating entity "altsyncram" for hierarchy "s_memory:U0|altsyncram:altsyncram_component" File: C:/Users/2005B/OneDrive/Desktop/Courses/CPEN 311/Labs/Lab4/template_de1soc/s_memory.vhd Line: 62
Info (12130): Elaborated megafunction instantiation "s_memory:U0|altsyncram:altsyncram_component" File: C:/Users/2005B/OneDrive/Desktop/Courses/CPEN 311/Labs/Lab4/template_de1soc/s_memory.vhd Line: 62
Info (12133): Instantiated megafunction "s_memory:U0|altsyncram:altsyncram_component" with the following parameter: File: C:/Users/2005B/OneDrive/Desktop/Courses/CPEN 311/Labs/Lab4/template_de1soc/s_memory.vhd Line: 62
    Info (12134): Parameter "address_aclr_a" = "UNUSED"
    Info (12134): Parameter "address_aclr_b" = "NONE"
    Info (12134): Parameter "address_reg_b" = "CLOCK1"
    Info (12134): Parameter "byte_size" = "8"
    Info (12134): Parameter "byteena_aclr_a" = "UNUSED"
    Info (12134): Parameter "byteena_aclr_b" = "NONE"
    Info (12134): Parameter "byteena_reg_b" = "CLOCK1"
    Info (12134): Parameter "clock_enable_core_a" = "USE_INPUT_CLKEN"
    Info (12134): Parameter "clock_enable_core_b" = "USE_INPUT_CLKEN"
    Info (12134): Parameter "clock_enable_input_a" = "BYPASS"
    Info (12134): Parameter "clock_enable_input_b" = "NORMAL"
    Info (12134): Parameter "clock_enable_output_a" = "BYPASS"
    Info (12134): Parameter "clock_enable_output_b" = "NORMAL"
    Info (12134): Parameter "intended_device_family" = "Cyclone V"
    Info (12134): Parameter "ecc_pipeline_stage_enabled" = "FALSE"
    Info (12134): Parameter "enable_ecc" = "FALSE"
    Info (12134): Parameter "implement_in_les" = "OFF"
    Info (12134): Parameter "indata_aclr_a" = "UNUSED"
    Info (12134): Parameter "indata_aclr_b" = "NONE"
    Info (12134): Parameter "indata_reg_b" = "CLOCK1"
    Info (12134): Parameter "init_file" = "UNUSED"
    Info (12134): Parameter "init_file_layout" = "PORT_A"
    Info (12134): Parameter "maximum_depth" = "0"
    Info (12134): Parameter "numwords_a" = "256"
    Info (12134): Parameter "numwords_b" = "0"
    Info (12134): Parameter "operation_mode" = "SINGLE_PORT"
    Info (12134): Parameter "outdata_aclr_a" = "NONE"
    Info (12134): Parameter "outdata_aclr_b" = "NONE"
    Info (12134): Parameter "outdata_reg_a" = "UNREGISTERED"
    Info (12134): Parameter "outdata_reg_b" = "UNREGISTERED"
    Info (12134): Parameter "power_up_uninitialized" = "FALSE"
    Info (12134): Parameter "ram_block_type" = "M10K"
    Info (12134): Parameter "rdcontrol_aclr_b" = "NONE"
    Info (12134): Parameter "rdcontrol_reg_b" = "CLOCK1"
    Info (12134): Parameter "read_during_write_mode_mixed_ports" = "DONT_CARE"
    Info (12134): Parameter "read_during_write_mode_port_a" = "NEW_DATA_NO_NBE_READ"
    Info (12134): Parameter "read_during_write_mode_port_b" = "NEW_DATA_NO_NBE_READ"
    Info (12134): Parameter "stratixiv_m144k_allow_dual_clocks" = "ON"
    Info (12134): Parameter "width_a" = "8"
    Info (12134): Parameter "width_b" = "1"
    Info (12134): Parameter "width_byteena_a" = "1"
    Info (12134): Parameter "width_byteena_b" = "1"
    Info (12134): Parameter "width_eccstatus" = "3"
    Info (12134): Parameter "widthad_a" = "8"
    Info (12134): Parameter "widthad_b" = "1"
    Info (12134): Parameter "wrcontrol_aclr_a" = "UNUSED"
    Info (12134): Parameter "wrcontrol_aclr_b" = "NONE"
    Info (12134): Parameter "wrcontrol_wraddress_reg_b" = "CLOCK1"
    Info (12134): Parameter "lpm_hint" = "ENABLE_RUNTIME_MOD=YES,INSTANCE_NAME=S"
    Info (12134): Parameter "lpm_type" = "altsyncram"
Info (12021): Found 1 design units, including 1 entities, in source file db/altsyncram_m5b4.tdf
    Info (12023): Found entity 1: altsyncram_m5b4 File: C:/Users/2005B/OneDrive/Desktop/Courses/CPEN 311/Labs/Lab4/template_de1soc/db/altsyncram_m5b4.tdf Line: 28
Info (12128): Elaborating entity "altsyncram_m5b4" for hierarchy "s_memory:U0|altsyncram:altsyncram_component|altsyncram_m5b4:auto_generated" File: c:/intelfpga_lite/16.1/quartus/libraries/megafunctions/altsyncram.tdf Line: 792
Info (12021): Found 1 design units, including 1 entities, in source file db/altsyncram_kq83.tdf
    Info (12023): Found entity 1: altsyncram_kq83 File: C:/Users/2005B/OneDrive/Desktop/Courses/CPEN 311/Labs/Lab4/template_de1soc/db/altsyncram_kq83.tdf Line: 28
Info (12128): Elaborating entity "altsyncram_kq83" for hierarchy "s_memory:U0|altsyncram:altsyncram_component|altsyncram_m5b4:auto_generated|altsyncram_kq83:altsyncram1" File: C:/Users/2005B/OneDrive/Desktop/Courses/CPEN 311/Labs/Lab4/template_de1soc/db/altsyncram_m5b4.tdf Line: 37
Info (12128): Elaborating entity "sld_mod_ram_rom" for hierarchy "s_memory:U0|altsyncram:altsyncram_component|altsyncram_m5b4:auto_generated|sld_mod_ram_rom:mgl_prim2" File: C:/Users/2005B/OneDrive/Desktop/Courses/CPEN 311/Labs/Lab4/template_de1soc/db/altsyncram_m5b4.tdf Line: 38
Info (12130): Elaborated megafunction instantiation "s_memory:U0|altsyncram:altsyncram_component|altsyncram_m5b4:auto_generated|sld_mod_ram_rom:mgl_prim2" File: C:/Users/2005B/OneDrive/Desktop/Courses/CPEN 311/Labs/Lab4/template_de1soc/db/altsyncram_m5b4.tdf Line: 38
Info (12133): Instantiated megafunction "s_memory:U0|altsyncram:altsyncram_component|altsyncram_m5b4:auto_generated|sld_mod_ram_rom:mgl_prim2" with the following parameter: File: C:/Users/2005B/OneDrive/Desktop/Courses/CPEN 311/Labs/Lab4/template_de1soc/db/altsyncram_m5b4.tdf Line: 38
    Info (12134): Parameter "CVALUE" = "00000000"
    Info (12134): Parameter "IS_DATA_IN_RAM" = "1"
    Info (12134): Parameter "IS_READABLE" = "1"
    Info (12134): Parameter "NODE_NAME" = "1392508928"
    Info (12134): Parameter "NUMWORDS" = "256"
    Info (12134): Parameter "SHIFT_COUNT_BITS" = "4"
    Info (12134): Parameter "WIDTH_WORD" = "8"
    Info (12134): Parameter "WIDTHAD" = "8"
Info (12128): Elaborating entity "sld_jtag_endpoint_adapter" for hierarchy "s_memory:U0|altsyncram:altsyncram_component|altsyncram_m5b4:auto_generated|sld_mod_ram_rom:mgl_prim2|sld_jtag_endpoint_adapter:jtag_signal_adapter" File: c:/intelfpga_lite/16.1/quartus/libraries/megafunctions/sld_mod_ram_rom.vhd Line: 302
Info (12128): Elaborating entity "sld_jtag_endpoint_adapter_impl" for hierarchy "s_memory:U0|altsyncram:altsyncram_component|altsyncram_m5b4:auto_generated|sld_mod_ram_rom:mgl_prim2|sld_jtag_endpoint_adapter:jtag_signal_adapter|sld_jtag_endpoint_adapter_impl:sld_jtag_endpoint_adapter_impl_inst" File: c:/intelfpga_lite/16.1/quartus/libraries/megafunctions/sld_jtag_endpoint_adapter.vhd Line: 232
Info (12128): Elaborating entity "sld_rom_sr" for hierarchy "s_memory:U0|altsyncram:altsyncram_component|altsyncram_m5b4:auto_generated|sld_mod_ram_rom:mgl_prim2|sld_rom_sr:\ram_rom_logic_gen:name_gen:info_rom_sr" File: c:/intelfpga_lite/16.1/quartus/libraries/megafunctions/sld_mod_ram_rom.vhd Line: 828
Info (12128): Elaborating entity "init_s_mem" for hierarchy "init_s_mem:U1" File: C:/Users/2005B/OneDrive/Desktop/Courses/CPEN 311/Labs/Lab4/template_de1soc/ksa.sv Line: 49
Warning (10230): Verilog HDL assignment warning at init_s_mem.sv(50): truncated value with size 32 to match size of target (8) File: C:/Users/2005B/OneDrive/Desktop/Courses/CPEN 311/Labs/Lab4/template_de1soc/RTL/init_s_mem.sv Line: 50
Info (12128): Elaborating entity "shuffle_mem" for hierarchy "shuffle_mem:U2" File: C:/Users/2005B/OneDrive/Desktop/Courses/CPEN 311/Labs/Lab4/template_de1soc/ksa.sv Line: 61
Warning (10230): Verilog HDL assignment warning at shuffle_mem.sv(151): truncated value with size 32 to match size of target (8) File: C:/Users/2005B/OneDrive/Desktop/Courses/CPEN 311/Labs/Lab4/template_de1soc/RTL/shuffle_mem.sv Line: 151
Info (12128): Elaborating entity "data_selector" for hierarchy "data_selector:U3" File: C:/Users/2005B/OneDrive/Desktop/Courses/CPEN 311/Labs/Lab4/template_de1soc/ksa.sv Line: 78
Info (12128): Elaborating entity "ROM" for hierarchy "ROM:U4" File: C:/Users/2005B/OneDrive/Desktop/Courses/CPEN 311/Labs/Lab4/template_de1soc/ksa.sv Line: 84
Info (12128): Elaborating entity "altsyncram" for hierarchy "ROM:U4|altsyncram:altsyncram_component" File: C:/Users/2005B/OneDrive/Desktop/Courses/CPEN 311/Labs/Lab4/template_de1soc/ROM.vhd Line: 60
Info (12130): Elaborated megafunction instantiation "ROM:U4|altsyncram:altsyncram_component" File: C:/Users/2005B/OneDrive/Desktop/Courses/CPEN 311/Labs/Lab4/template_de1soc/ROM.vhd Line: 60
Info (12133): Instantiated megafunction "ROM:U4|altsyncram:altsyncram_component" with the following parameter: File: C:/Users/2005B/OneDrive/Desktop/Courses/CPEN 311/Labs/Lab4/template_de1soc/ROM.vhd Line: 60
    Info (12134): Parameter "address_aclr_a" = "NONE"
    Info (12134): Parameter "address_aclr_b" = "NONE"
    Info (12134): Parameter "address_reg_b" = "CLOCK1"
    Info (12134): Parameter "byte_size" = "8"
    Info (12134): Parameter "byteena_aclr_a" = "UNUSED"
    Info (12134): Parameter "byteena_aclr_b" = "NONE"
    Info (12134): Parameter "byteena_reg_b" = "CLOCK1"
    Info (12134): Parameter "clock_enable_core_a" = "USE_INPUT_CLKEN"
    Info (12134): Parameter "clock_enable_core_b" = "USE_INPUT_CLKEN"
    Info (12134): Parameter "clock_enable_input_a" = "BYPASS"
    Info (12134): Parameter "clock_enable_input_b" = "NORMAL"
    Info (12134): Parameter "clock_enable_output_a" = "BYPASS"
    Info (12134): Parameter "clock_enable_output_b" = "NORMAL"
    Info (12134): Parameter "intended_device_family" = "Cyclone V"
    Info (12134): Parameter "ecc_pipeline_stage_enabled" = "FALSE"
    Info (12134): Parameter "enable_ecc" = "FALSE"
    Info (12134): Parameter "implement_in_les" = "OFF"
    Info (12134): Parameter "indata_aclr_a" = "UNUSED"
    Info (12134): Parameter "indata_aclr_b" = "NONE"
    Info (12134): Parameter "indata_reg_b" = "CLOCK1"
    Info (12134): Parameter "init_file" = "../secret_messages/msg_8_for_task3/message.mif"
    Info (12134): Parameter "init_file_layout" = "PORT_A"
    Info (12134): Parameter "maximum_depth" = "0"
    Info (12134): Parameter "numwords_a" = "32"
    Info (12134): Parameter "numwords_b" = "0"
    Info (12134): Parameter "operation_mode" = "ROM"
    Info (12134): Parameter "outdata_aclr_a" = "NONE"
    Info (12134): Parameter "outdata_aclr_b" = "NONE"
    Info (12134): Parameter "outdata_reg_a" = "UNREGISTERED"
    Info (12134): Parameter "outdata_reg_b" = "UNREGISTERED"
    Info (12134): Parameter "power_up_uninitialized" = "FALSE"
    Info (12134): Parameter "ram_block_type" = "M10K"
    Info (12134): Parameter "rdcontrol_aclr_b" = "NONE"
    Info (12134): Parameter "rdcontrol_reg_b" = "CLOCK1"
    Info (12134): Parameter "read_during_write_mode_mixed_ports" = "DONT_CARE"
    Info (12134): Parameter "read_during_write_mode_port_a" = "NEW_DATA_NO_NBE_READ"
    Info (12134): Parameter "read_during_write_mode_port_b" = "NEW_DATA_NO_NBE_READ"
    Info (12134): Parameter "stratixiv_m144k_allow_dual_clocks" = "ON"
    Info (12134): Parameter "width_a" = "8"
    Info (12134): Parameter "width_b" = "1"
    Info (12134): Parameter "width_byteena_a" = "1"
    Info (12134): Parameter "width_byteena_b" = "1"
    Info (12134): Parameter "width_eccstatus" = "3"
    Info (12134): Parameter "widthad_a" = "5"
    Info (12134): Parameter "widthad_b" = "1"
    Info (12134): Parameter "wrcontrol_aclr_a" = "UNUSED"
    Info (12134): Parameter "wrcontrol_aclr_b" = "NONE"
    Info (12134): Parameter "wrcontrol_wraddress_reg_b" = "CLOCK1"
    Info (12134): Parameter "lpm_hint" = "ENABLE_RUNTIME_MOD=YES,INSTANCE_NAME=ROM"
    Info (12134): Parameter "lpm_type" = "altsyncram"
Info (12021): Found 1 design units, including 1 entities, in source file db/altsyncram_ijg4.tdf
    Info (12023): Found entity 1: altsyncram_ijg4 File: C:/Users/2005B/OneDrive/Desktop/Courses/CPEN 311/Labs/Lab4/template_de1soc/db/altsyncram_ijg4.tdf Line: 28
Info (12128): Elaborating entity "altsyncram_ijg4" for hierarchy "ROM:U4|altsyncram:altsyncram_component|altsyncram_ijg4:auto_generated" File: c:/intelfpga_lite/16.1/quartus/libraries/megafunctions/altsyncram.tdf Line: 792
Info (12021): Found 1 design units, including 1 entities, in source file db/altsyncram_e2h3.tdf
    Info (12023): Found entity 1: altsyncram_e2h3 File: C:/Users/2005B/OneDrive/Desktop/Courses/CPEN 311/Labs/Lab4/template_de1soc/db/altsyncram_e2h3.tdf Line: 28
Info (12128): Elaborating entity "altsyncram_e2h3" for hierarchy "ROM:U4|altsyncram:altsyncram_component|altsyncram_ijg4:auto_generated|altsyncram_e2h3:altsyncram1" File: C:/Users/2005B/OneDrive/Desktop/Courses/CPEN 311/Labs/Lab4/template_de1soc/db/altsyncram_ijg4.tdf Line: 35
Info (12128): Elaborating entity "sld_mod_ram_rom" for hierarchy "ROM:U4|altsyncram:altsyncram_component|altsyncram_ijg4:auto_generated|sld_mod_ram_rom:mgl_prim2" File: C:/Users/2005B/OneDrive/Desktop/Courses/CPEN 311/Labs/Lab4/template_de1soc/db/altsyncram_ijg4.tdf Line: 36
Info (12130): Elaborated megafunction instantiation "ROM:U4|altsyncram:altsyncram_component|altsyncram_ijg4:auto_generated|sld_mod_ram_rom:mgl_prim2" File: C:/Users/2005B/OneDrive/Desktop/Courses/CPEN 311/Labs/Lab4/template_de1soc/db/altsyncram_ijg4.tdf Line: 36
Info (12133): Instantiated megafunction "ROM:U4|altsyncram:altsyncram_component|altsyncram_ijg4:auto_generated|sld_mod_ram_rom:mgl_prim2" with the following parameter: File: C:/Users/2005B/OneDrive/Desktop/Courses/CPEN 311/Labs/Lab4/template_de1soc/db/altsyncram_ijg4.tdf Line: 36
    Info (12134): Parameter "CVALUE" = "00000000"
    Info (12134): Parameter "IS_DATA_IN_RAM" = "1"
    Info (12134): Parameter "IS_READABLE" = "1"
    Info (12134): Parameter "NODE_NAME" = "1380928768"
    Info (12134): Parameter "NUMWORDS" = "32"
    Info (12134): Parameter "SHIFT_COUNT_BITS" = "4"
    Info (12134): Parameter "WIDTH_WORD" = "8"
    Info (12134): Parameter "WIDTHAD" = "5"
Info (12128): Elaborating entity "RAM_Decrypt" for hierarchy "RAM_Decrypt:U5" File: C:/Users/2005B/OneDrive/Desktop/Courses/CPEN 311/Labs/Lab4/template_de1soc/ksa.sv Line: 92
Info (12128): Elaborating entity "altsyncram" for hierarchy "RAM_Decrypt:U5|altsyncram:altsyncram_component" File: C:/Users/2005B/OneDrive/Desktop/Courses/CPEN 311/Labs/Lab4/template_de1soc/RAM_Decrypt.vhd Line: 62
Info (12130): Elaborated megafunction instantiation "RAM_Decrypt:U5|altsyncram:altsyncram_component" File: C:/Users/2005B/OneDrive/Desktop/Courses/CPEN 311/Labs/Lab4/template_de1soc/RAM_Decrypt.vhd Line: 62
Info (12133): Instantiated megafunction "RAM_Decrypt:U5|altsyncram:altsyncram_component" with the following parameter: File: C:/Users/2005B/OneDrive/Desktop/Courses/CPEN 311/Labs/Lab4/template_de1soc/RAM_Decrypt.vhd Line: 62
    Info (12134): Parameter "address_aclr_a" = "UNUSED"
    Info (12134): Parameter "address_aclr_b" = "NONE"
    Info (12134): Parameter "address_reg_b" = "CLOCK1"
    Info (12134): Parameter "byte_size" = "8"
    Info (12134): Parameter "byteena_aclr_a" = "UNUSED"
    Info (12134): Parameter "byteena_aclr_b" = "NONE"
    Info (12134): Parameter "byteena_reg_b" = "CLOCK1"
    Info (12134): Parameter "clock_enable_core_a" = "USE_INPUT_CLKEN"
    Info (12134): Parameter "clock_enable_core_b" = "USE_INPUT_CLKEN"
    Info (12134): Parameter "clock_enable_input_a" = "BYPASS"
    Info (12134): Parameter "clock_enable_input_b" = "NORMAL"
    Info (12134): Parameter "clock_enable_output_a" = "BYPASS"
    Info (12134): Parameter "clock_enable_output_b" = "NORMAL"
    Info (12134): Parameter "intended_device_family" = "Cyclone V"
    Info (12134): Parameter "ecc_pipeline_stage_enabled" = "FALSE"
    Info (12134): Parameter "enable_ecc" = "FALSE"
    Info (12134): Parameter "implement_in_les" = "OFF"
    Info (12134): Parameter "indata_aclr_a" = "UNUSED"
    Info (12134): Parameter "indata_aclr_b" = "NONE"
    Info (12134): Parameter "indata_reg_b" = "CLOCK1"
    Info (12134): Parameter "init_file" = "UNUSED"
    Info (12134): Parameter "init_file_layout" = "PORT_A"
    Info (12134): Parameter "maximum_depth" = "0"
    Info (12134): Parameter "numwords_a" = "32"
    Info (12134): Parameter "numwords_b" = "0"
    Info (12134): Parameter "operation_mode" = "SINGLE_PORT"
    Info (12134): Parameter "outdata_aclr_a" = "NONE"
    Info (12134): Parameter "outdata_aclr_b" = "NONE"
    Info (12134): Parameter "outdata_reg_a" = "UNREGISTERED"
    Info (12134): Parameter "outdata_reg_b" = "UNREGISTERED"
    Info (12134): Parameter "power_up_uninitialized" = "FALSE"
    Info (12134): Parameter "ram_block_type" = "M10K"
    Info (12134): Parameter "rdcontrol_aclr_b" = "NONE"
    Info (12134): Parameter "rdcontrol_reg_b" = "CLOCK1"
    Info (12134): Parameter "read_during_write_mode_mixed_ports" = "DONT_CARE"
    Info (12134): Parameter "read_during_write_mode_port_a" = "NEW_DATA_NO_NBE_READ"
    Info (12134): Parameter "read_during_write_mode_port_b" = "NEW_DATA_NO_NBE_READ"
    Info (12134): Parameter "stratixiv_m144k_allow_dual_clocks" = "ON"
    Info (12134): Parameter "width_a" = "8"
    Info (12134): Parameter "width_b" = "1"
    Info (12134): Parameter "width_byteena_a" = "1"
    Info (12134): Parameter "width_byteena_b" = "1"
    Info (12134): Parameter "width_eccstatus" = "3"
    Info (12134): Parameter "widthad_a" = "5"
    Info (12134): Parameter "widthad_b" = "1"
    Info (12134): Parameter "wrcontrol_aclr_a" = "UNUSED"
    Info (12134): Parameter "wrcontrol_aclr_b" = "NONE"
    Info (12134): Parameter "wrcontrol_wraddress_reg_b" = "CLOCK1"
    Info (12134): Parameter "lpm_hint" = "ENABLE_RUNTIME_MOD=YES,INSTANCE_NAME=RAM0"
    Info (12134): Parameter "lpm_type" = "altsyncram"
Info (12021): Found 1 design units, including 1 entities, in source file db/altsyncram_obb4.tdf
    Info (12023): Found entity 1: altsyncram_obb4 File: C:/Users/2005B/OneDrive/Desktop/Courses/CPEN 311/Labs/Lab4/template_de1soc/db/altsyncram_obb4.tdf Line: 28
Info (12128): Elaborating entity "altsyncram_obb4" for hierarchy "RAM_Decrypt:U5|altsyncram:altsyncram_component|altsyncram_obb4:auto_generated" File: c:/intelfpga_lite/16.1/quartus/libraries/megafunctions/altsyncram.tdf Line: 792
Info (12021): Found 1 design units, including 1 entities, in source file db/altsyncram_um83.tdf
    Info (12023): Found entity 1: altsyncram_um83 File: C:/Users/2005B/OneDrive/Desktop/Courses/CPEN 311/Labs/Lab4/template_de1soc/db/altsyncram_um83.tdf Line: 28
Info (12128): Elaborating entity "altsyncram_um83" for hierarchy "RAM_Decrypt:U5|altsyncram:altsyncram_component|altsyncram_obb4:auto_generated|altsyncram_um83:altsyncram1" File: C:/Users/2005B/OneDrive/Desktop/Courses/CPEN 311/Labs/Lab4/template_de1soc/db/altsyncram_obb4.tdf Line: 37
Info (12128): Elaborating entity "sld_mod_ram_rom" for hierarchy "RAM_Decrypt:U5|altsyncram:altsyncram_component|altsyncram_obb4:auto_generated|sld_mod_ram_rom:mgl_prim2" File: C:/Users/2005B/OneDrive/Desktop/Courses/CPEN 311/Labs/Lab4/template_de1soc/db/altsyncram_obb4.tdf Line: 38
Info (12130): Elaborated megafunction instantiation "RAM_Decrypt:U5|altsyncram:altsyncram_component|altsyncram_obb4:auto_generated|sld_mod_ram_rom:mgl_prim2" File: C:/Users/2005B/OneDrive/Desktop/Courses/CPEN 311/Labs/Lab4/template_de1soc/db/altsyncram_obb4.tdf Line: 38
Info (12133): Instantiated megafunction "RAM_Decrypt:U5|altsyncram:altsyncram_component|altsyncram_obb4:auto_generated|sld_mod_ram_rom:mgl_prim2" with the following parameter: File: C:/Users/2005B/OneDrive/Desktop/Courses/CPEN 311/Labs/Lab4/template_de1soc/db/altsyncram_obb4.tdf Line: 38
    Info (12134): Parameter "CVALUE" = "00000000"
    Info (12134): Parameter "IS_DATA_IN_RAM" = "1"
    Info (12134): Parameter "IS_READABLE" = "1"
    Info (12134): Parameter "NODE_NAME" = "1380011312"
    Info (12134): Parameter "NUMWORDS" = "32"
    Info (12134): Parameter "SHIFT_COUNT_BITS" = "4"
    Info (12134): Parameter "WIDTH_WORD" = "8"
    Info (12134): Parameter "WIDTHAD" = "5"
Info (12128): Elaborating entity "decrypter" for hierarchy "decrypter:U6" File: C:/Users/2005B/OneDrive/Desktop/Courses/CPEN 311/Labs/Lab4/template_de1soc/ksa.sv Line: 110
Warning (10230): Verilog HDL assignment warning at decrypter.sv(171): truncated value with size 32 to match size of target (8) File: C:/Users/2005B/OneDrive/Desktop/Courses/CPEN 311/Labs/Lab4/template_de1soc/RTL/decrypter.sv Line: 171
Warning (10230): Verilog HDL assignment warning at decrypter.sv(244): truncated value with size 32 to match size of target (5) File: C:/Users/2005B/OneDrive/Desktop/Courses/CPEN 311/Labs/Lab4/template_de1soc/RTL/decrypter.sv Line: 244
Info (12128): Elaborating entity "increment_key" for hierarchy "increment_key:U7" File: C:/Users/2005B/OneDrive/Desktop/Courses/CPEN 311/Labs/Lab4/template_de1soc/ksa.sv Line: 120
Warning (10230): Verilog HDL assignment warning at increment_key.sv(16): truncated value with size 32 to match size of target (22) File: C:/Users/2005B/OneDrive/Desktop/Courses/CPEN 311/Labs/Lab4/template_de1soc/RTL/increment_key.sv Line: 16
Warning (12125): Using design file sevensegmentdisplaydecoder.sv, which is not specified as a design file for the current project, but contains definitions for 1 design units and 1 entities in project
    Info (12023): Found entity 1: SevenSegmentDisplayDecoder File: C:/Users/2005B/OneDrive/Desktop/Courses/CPEN 311/Labs/Lab4/template_de1soc/sevensegmentdisplaydecoder.sv Line: 1
Info (12128): Elaborating entity "SevenSegmentDisplayDecoder" for hierarchy "SevenSegmentDisplayDecoder:ssHEX0" File: C:/Users/2005B/OneDrive/Desktop/Courses/CPEN 311/Labs/Lab4/template_de1soc/ksa.sv Line: 446
Info (11170): Starting IP generation for the debug fabric: alt_sld_fab.
Info (11172): 2026.08.25.01:20:08 Progress: Loading sld73f98f60/alt_sld_fab_wrapper_hw.tcl
Info (11172): Alt_sld_fab.alt_sld_fab: SLD fabric agents which did not specify prefer_host were connected to JTAG
Info (11172): Alt_sld_fab: Generating alt_sld_fab "alt_sld_fab" for QUARTUS_SYNTH
Info (11172): Alt_sld_fab: "alt_sld_fab" instantiated alt_sld_fab "alt_sld_fab"
Info (11172): Presplit: "alt_sld_fab" instantiated altera_super_splitter "presplit"
Info (11172): Splitter: "alt_sld_fab" instantiated altera_sld_splitter "splitter"
Info (11172): Sldfabric: "alt_sld_fab" instantiated altera_sld_jtag_hub "sldfabric"
Info (11172): Ident: "alt_sld_fab" instantiated altera_connection_identification_hub "ident"
Info (11172): Alt_sld_fab: Done "alt_sld_fab" with 6 modules, 6 files
Info (11171): Finished IP generation for the debug fabric: alt_sld_fab.
Info (12021): Found 1 design units, including 1 entities, in source file db/ip/sld73f98f60/alt_sld_fab.v
    Info (12023): Found entity 1: alt_sld_fab File: C:/Users/2005B/OneDrive/Desktop/Courses/CPEN 311/Labs/Lab4/template_de1soc/db/ip/sld73f98f60/alt_sld_fab.v Line: 9
Info (12021): Found 1 design units, including 1 entities, in source file db/ip/sld73f98f60/submodules/alt_sld_fab_alt_sld_fab.v
    Info (12023): Found entity 1: alt_sld_fab_alt_sld_fab File: C:/Users/2005B/OneDrive/Desktop/Courses/CPEN 311/Labs/Lab4/template_de1soc/db/ip/sld73f98f60/submodules/alt_sld_fab_alt_sld_fab.v Line: 9
Info (12021): Found 1 design units, including 1 entities, in source file db/ip/sld73f98f60/submodules/alt_sld_fab_alt_sld_fab_ident.sv
    Info (12023): Found entity 1: alt_sld_fab_alt_sld_fab_ident File: C:/Users/2005B/OneDrive/Desktop/Courses/CPEN 311/Labs/Lab4/template_de1soc/db/ip/sld73f98f60/submodules/alt_sld_fab_alt_sld_fab_ident.sv Line: 33
Info (12021): Found 1 design units, including 1 entities, in source file db/ip/sld73f98f60/submodules/alt_sld_fab_alt_sld_fab_presplit.sv
    Info (12023): Found entity 1: alt_sld_fab_alt_sld_fab_presplit File: C:/Users/2005B/OneDrive/Desktop/Courses/CPEN 311/Labs/Lab4/template_de1soc/db/ip/sld73f98f60/submodules/alt_sld_fab_alt_sld_fab_presplit.sv Line: 3
Info (12021): Found 2 design units, including 1 entities, in source file db/ip/sld73f98f60/submodules/alt_sld_fab_alt_sld_fab_sldfabric.vhd
    Info (12022): Found design unit 1: alt_sld_fab_alt_sld_fab_sldfabric-rtl File: C:/Users/2005B/OneDrive/Desktop/Courses/CPEN 311/Labs/Lab4/template_de1soc/db/ip/sld73f98f60/submodules/alt_sld_fab_alt_sld_fab_sldfabric.vhd Line: 542
    Info (12023): Found entity 1: alt_sld_fab_alt_sld_fab_sldfabric File: C:/Users/2005B/OneDrive/Desktop/Courses/CPEN 311/Labs/Lab4/template_de1soc/db/ip/sld73f98f60/submodules/alt_sld_fab_alt_sld_fab_sldfabric.vhd Line: 11
Info (12021): Found 1 design units, including 1 entities, in source file db/ip/sld73f98f60/submodules/alt_sld_fab_alt_sld_fab_splitter.sv
    Info (12023): Found entity 1: alt_sld_fab_alt_sld_fab_splitter File: C:/Users/2005B/OneDrive/Desktop/Courses/CPEN 311/Labs/Lab4/template_de1soc/db/ip/sld73f98f60/submodules/alt_sld_fab_alt_sld_fab_splitter.sv Line: 3
Info (278001): Inferred 4 megafunctions from design logic
    Info (278004): Inferred divider/modulo megafunction ("lpm_divide") from the following logic: "shuffle_mem:U2|Mod0" File: C:/Users/2005B/OneDrive/Desktop/Courses/CPEN 311/Labs/Lab4/template_de1soc/RTL/shuffle_mem.sv Line: 102
    Info (278004): Inferred divider/modulo megafunction ("lpm_divide") from the following logic: "shuffle_mem:U22|Mod0" File: C:/Users/2005B/OneDrive/Desktop/Courses/CPEN 311/Labs/Lab4/template_de1soc/RTL/shuffle_mem.sv Line: 102
    Info (278004): Inferred divider/modulo megafunction ("lpm_divide") from the following logic: "shuffle_mem:U23|Mod0" File: C:/Users/2005B/OneDrive/Desktop/Courses/CPEN 311/Labs/Lab4/template_de1soc/RTL/shuffle_mem.sv Line: 102
    Info (278004): Inferred divider/modulo megafunction ("lpm_divide") from the following logic: "shuffle_mem:U24|Mod0" File: C:/Users/2005B/OneDrive/Desktop/Courses/CPEN 311/Labs/Lab4/template_de1soc/RTL/shuffle_mem.sv Line: 102
Info (12130): Elaborated megafunction instantiation "shuffle_mem:U2|lpm_divide:Mod0" File: C:/Users/2005B/OneDrive/Desktop/Courses/CPEN 311/Labs/Lab4/template_de1soc/RTL/shuffle_mem.sv Line: 102
Info (12133): Instantiated megafunction "shuffle_mem:U2|lpm_divide:Mod0" with the following parameter: File: C:/Users/2005B/OneDrive/Desktop/Courses/CPEN 311/Labs/Lab4/template_de1soc/RTL/shuffle_mem.sv Line: 102
    Info (12134): Parameter "LPM_WIDTHN" = "8"
    Info (12134): Parameter "LPM_WIDTHD" = "2"
    Info (12134): Parameter "LPM_NREPRESENTATION" = "UNSIGNED"
    Info (12134): Parameter "LPM_DREPRESENTATION" = "UNSIGNED"
Info (12021): Found 1 design units, including 1 entities, in source file db/lpm_divide_62m.tdf
    Info (12023): Found entity 1: lpm_divide_62m File: C:/Users/2005B/OneDrive/Desktop/Courses/CPEN 311/Labs/Lab4/template_de1soc/db/lpm_divide_62m.tdf Line: 25
Info (12021): Found 1 design units, including 1 entities, in source file db/sign_div_unsign_9kh.tdf
    Info (12023): Found entity 1: sign_div_unsign_9kh File: C:/Users/2005B/OneDrive/Desktop/Courses/CPEN 311/Labs/Lab4/template_de1soc/db/sign_div_unsign_9kh.tdf Line: 25
Info (12021): Found 1 design units, including 1 entities, in source file db/alt_u_div_ose.tdf
    Info (12023): Found entity 1: alt_u_div_ose File: C:/Users/2005B/OneDrive/Desktop/Courses/CPEN 311/Labs/Lab4/template_de1soc/db/alt_u_div_ose.tdf Line: 23
Warning (12241): 4 hierarchies have connectivity warnings - see the Connectivity Checks report folder
Warning (13024): Output pins are stuck at VCC or GND
    Warning (13410): Pin "HEX5[1]" is stuck at GND File: C:/Users/2005B/OneDrive/Desktop/Courses/CPEN 311/Labs/Lab4/template_de1soc/ksa.sv Line: 12
Info (286031): Timing-Driven Synthesis is running on partition "Top"
Info (16010): Generating hard_block partition "hard_block:auto_generated_inst"
    Info (16011): Adding 9 node(s), including 0 DDIO, 0 PLL, 0 transceiver and 0 LCELL
Warning (15752): Ignored 12 Virtual Pin logic option assignments
    Warning (15751): Ignored Virtual Pin assignment to "LCD_DATA[0]".
    Warning (15751): Ignored Virtual Pin assignment to "LCD_DATA[2]".
    Warning (15751): Ignored Virtual Pin assignment to "LCD_ON".
    Warning (15751): Ignored Virtual Pin assignment to "LCD_DATA[5]".
    Warning (15751): Ignored Virtual Pin assignment to "LCD_RW".
    Warning (15751): Ignored Virtual Pin assignment to "LCD_DATA[6]".
    Warning (15751): Ignored Virtual Pin assignment to "LCD_DATA[7]".
    Warning (15751): Ignored Virtual Pin assignment to "LCD_DATA[1]".
    Warning (15751): Ignored Virtual Pin assignment to "LCD_DATA[3]".
    Warning (15751): Ignored Virtual Pin assignment to "LCD_DATA[4]".
    Warning (15751): Ignored Virtual Pin assignment to "LCD_RS".
    Warning (15751): Ignored Virtual Pin assignment to "LCD_EN".
Warning (21074): Design contains 13 input pin(s) that do not drive logic
    Warning (15610): No output dependent on input pin "KEY[0]" File: C:/Users/2005B/OneDrive/Desktop/Courses/CPEN 311/Labs/Lab4/template_de1soc/ksa.sv Line: 3
    Warning (15610): No output dependent on input pin "KEY[1]" File: C:/Users/2005B/OneDrive/Desktop/Courses/CPEN 311/Labs/Lab4/template_de1soc/ksa.sv Line: 3
    Warning (15610): No output dependent on input pin "KEY[2]" File: C:/Users/2005B/OneDrive/Desktop/Courses/CPEN 311/Labs/Lab4/template_de1soc/ksa.sv Line: 3
    Warning (15610): No output dependent on input pin "SW[0]" File: C:/Users/2005B/OneDrive/Desktop/Courses/CPEN 311/Labs/Lab4/template_de1soc/ksa.sv Line: 4
    Warning (15610): No output dependent on input pin "SW[1]" File: C:/Users/2005B/OneDrive/Desktop/Courses/CPEN 311/Labs/Lab4/template_de1soc/ksa.sv Line: 4
    Warning (15610): No output dependent on input pin "SW[2]" File: C:/Users/2005B/OneDrive/Desktop/Courses/CPEN 311/Labs/Lab4/template_de1soc/ksa.sv Line: 4
    Warning (15610): No output dependent on input pin "SW[3]" File: C:/Users/2005B/OneDrive/Desktop/Courses/CPEN 311/Labs/Lab4/template_de1soc/ksa.sv Line: 4
    Warning (15610): No output dependent on input pin "SW[4]" File: C:/Users/2005B/OneDrive/Desktop/Courses/CPEN 311/Labs/Lab4/template_de1soc/ksa.sv Line: 4
    Warning (15610): No output dependent on input pin "SW[5]" File: C:/Users/2005B/OneDrive/Desktop/Courses/CPEN 311/Labs/Lab4/template_de1soc/ksa.sv Line: 4
    Warning (15610): No output dependent on input pin "SW[6]" File: C:/Users/2005B/OneDrive/Desktop/Courses/CPEN 311/Labs/Lab4/template_de1soc/ksa.sv Line: 4
    Warning (15610): No output dependent on input pin "SW[7]" File: C:/Users/2005B/OneDrive/Desktop/Courses/CPEN 311/Labs/Lab4/template_de1soc/ksa.sv Line: 4
    Warning (15610): No output dependent on input pin "SW[8]" File: C:/Users/2005B/OneDrive/Desktop/Courses/CPEN 311/Labs/Lab4/template_de1soc/ksa.sv Line: 4
    Warning (15610): No output dependent on input pin "SW[9]" File: C:/Users/2005B/OneDrive/Desktop/Courses/CPEN 311/Labs/Lab4/template_de1soc/ksa.sv Line: 4
Info (21057): Implemented 2849 device resources after synthesis - the final resource count might be different
    Info (21058): Implemented 18 input pins
    Info (21059): Implemented 53 output pins
    Info (21061): Implemented 2681 logic cells
    Info (21064): Implemented 96 RAM segments
Info: Quartus Prime Analysis & Synthesis was successful. 0 errors, 46 warnings
    Info: Peak virtual memory: 4978 megabytes
    Info: Processing ended: Tue Aug 25 01:20:22 2026
    Info: Elapsed time: 00:00:25
    Info: Total CPU time (on all processors): 00:00:39


