Analysis & Synthesis report for rc4
Mon Aug 24 21:24:33 2026
Quartus Prime Version 16.1.2 Build 203 01/18/2017 SJ Lite Edition


---------------------
; Table of Contents ;
---------------------
  1. Legal Notice
  2. Analysis & Synthesis Summary
  3. Analysis & Synthesis Settings
  4. Analysis & Synthesis Default Parameter Settings
  5. Parallel Compilation
  6. Analysis & Synthesis Source Files Read
  7. Analysis & Synthesis Resource Usage Summary
  8. Analysis & Synthesis Resource Utilization by Entity
  9. Analysis & Synthesis RAM Summary
 10. Analysis & Synthesis IP Cores Summary
 11. Registers Removed During Synthesis
 12. General Register Statistics
 13. Inverted Register Statistics
 14. Multiplexer Restructuring Statistics (Restructuring Performed)
 15. Source assignments for s_memory:U0|altsyncram:altsyncram_component|altsyncram_m5b4:auto_generated|altsyncram_kq83:altsyncram1
 16. Source assignments for ROM:U4|altsyncram:altsyncram_component|altsyncram_ejg4:auto_generated|altsyncram_a2h3:altsyncram1
 17. Source assignments for RAM_Decrypt:U5|altsyncram:altsyncram_component|altsyncram_cdb4:auto_generated|altsyncram_um83:altsyncram1
 18. Parameter Settings for User Entity Instance: s_memory:U0|altsyncram:altsyncram_component
 19. Parameter Settings for User Entity Instance: ROM:U4|altsyncram:altsyncram_component
 20. Parameter Settings for User Entity Instance: RAM_Decrypt:U5|altsyncram:altsyncram_component
 21. Parameter Settings for Inferred Entity Instance: shuffle_mem:U2|lpm_divide:Mod0
 22. altsyncram Parameter Settings by Entity Instance
 23. Port Connectivity Checks: "RAM_Decrypt:U5"
 24. Port Connectivity Checks: "shuffle_mem:U2"
 25. In-System Memory Content Editor Settings
 26. Post-Synthesis Netlist Statistics for Top Partition
 27. Elapsed Time Per Partition
 28. Analysis & Synthesis Messages



----------------
; Legal Notice ;
----------------
Copyright (C) 2017  Intel Corporation. All rights reserved.
Your use of Intel Corporation's design tools, logic functions 
and other software and tools, and its AMPP partner logic 
functions, and any output files from any of the foregoing 
(including device programming or simulation files), and any 
associated documentation or information are expressly subject 
to the terms and conditions of the Intel Program License 
Subscription Agreement, the Intel Quartus Prime License Agreement,
the Intel MegaCore Function License Agreement, or other 
applicable license agreement, including, without limitation, 
that your use is for the sole purpose of programming logic 
devices manufactured by Intel and sold by Intel or its 
authorized distributors.  Please refer to the applicable 
agreement for further details.



+-------------------------------------------------------------------------------+
; Analysis & Synthesis Summary                                                  ;
+---------------------------------+---------------------------------------------+
; Analysis & Synthesis Status     ; Successful - Mon Aug 24 21:24:33 2026       ;
; Quartus Prime Version           ; 16.1.2 Build 203 01/18/2017 SJ Lite Edition ;
; Revision Name                   ; rc4                                         ;
; Top-level Entity Name           ; ksa                                         ;
; Family                          ; Cyclone V                                   ;
; Logic utilization (in ALMs)     ; N/A                                         ;
; Total registers                 ; 481                                         ;
; Total pins                      ; 67                                          ;
; Total virtual pins              ; 0                                           ;
; Total block memory bits         ; 2,560                                       ;
; Total DSP Blocks                ; 0                                           ;
; Total HSSI RX PCSs              ; 0                                           ;
; Total HSSI PMA RX Deserializers ; 0                                           ;
; Total HSSI TX PCSs              ; 0                                           ;
; Total HSSI PMA TX Serializers   ; 0                                           ;
; Total PLLs                      ; 0                                           ;
; Total DLLs                      ; 0                                           ;
+---------------------------------+---------------------------------------------+


+---------------------------------------------------------------------------------------------------------------------------+
; Analysis & Synthesis Settings                                                                                             ;
+---------------------------------------------------------------------------------+--------------------+--------------------+
; Option                                                                          ; Setting            ; Default Value      ;
+---------------------------------------------------------------------------------+--------------------+--------------------+
; Device                                                                          ; 5CSEMA5F31C6       ;                    ;
; Top-level entity name                                                           ; ksa                ; rc4                ;
; Family name                                                                     ; Cyclone V          ; Cyclone V          ;
; Verilog Show LMF Mapping Messages                                               ; Off                ;                    ;
; Verilog Version                                                                 ; SystemVerilog_2005 ; Verilog_2001       ;
; Extract Verilog State Machines                                                  ; Off                ; On                 ;
; Extract VHDL State Machines                                                     ; Off                ; On                 ;
; Iteration limit for non-constant Verilog loops                                  ; 5000               ; 250                ;
; Auto ROM Replacement                                                            ; Off                ; On                 ;
; Auto RAM Replacement                                                            ; Off                ; On                 ;
; Synchronization Register Chain Length                                           ; 2                  ; 3                  ;
; PowerPlay Power Optimization During Synthesis                                   ; Off                ; Normal compilation ;
; Use smart compilation                                                           ; Off                ; Off                ;
; Enable parallel Assembler and TimeQuest Timing Analyzer during compilation      ; On                 ; On                 ;
; Enable compact report table                                                     ; Off                ; Off                ;
; Restructure Multiplexers                                                        ; Auto               ; Auto               ;
; MLAB Add Timing Constraints For Mixed-Port Feed-Through Mode Setting Don't Care ; Off                ; Off                ;
; Create Debugging Nodes for IP Cores                                             ; Off                ; Off                ;
; Preserve fewer node names                                                       ; On                 ; On                 ;
; OpenCore Plus hardware evaluation                                               ; Enable             ; Enable             ;
; VHDL Version                                                                    ; VHDL_1993          ; VHDL_1993          ;
; State Machine Processing                                                        ; Auto               ; Auto               ;
; Safe State Machine                                                              ; Off                ; Off                ;
; Ignore Verilog initial constructs                                               ; Off                ; Off                ;
; Iteration limit for constant Verilog loops                                      ; 5000               ; 5000               ;
; Add Pass-Through Logic to Inferred RAMs                                         ; On                 ; On                 ;
; Infer RAMs from Raw Logic                                                       ; On                 ; On                 ;
; Parallel Synthesis                                                              ; On                 ; On                 ;
; DSP Block Balancing                                                             ; Auto               ; Auto               ;
; NOT Gate Push-Back                                                              ; On                 ; On                 ;
; Power-Up Don't Care                                                             ; On                 ; On                 ;
; Remove Redundant Logic Cells                                                    ; Off                ; Off                ;
; Remove Duplicate Registers                                                      ; On                 ; On                 ;
; Ignore CARRY Buffers                                                            ; Off                ; Off                ;
; Ignore CASCADE Buffers                                                          ; Off                ; Off                ;
; Ignore GLOBAL Buffers                                                           ; Off                ; Off                ;
; Ignore ROW GLOBAL Buffers                                                       ; Off                ; Off                ;
; Ignore LCELL Buffers                                                            ; Off                ; Off                ;
; Ignore SOFT Buffers                                                             ; On                 ; On                 ;
; Limit AHDL Integers to 32 Bits                                                  ; Off                ; Off                ;
; Optimization Technique                                                          ; Balanced           ; Balanced           ;
; Carry Chain Length                                                              ; 70                 ; 70                 ;
; Auto Carry Chains                                                               ; On                 ; On                 ;
; Auto Open-Drain Pins                                                            ; On                 ; On                 ;
; Perform WYSIWYG Primitive Resynthesis                                           ; Off                ; Off                ;
; Auto DSP Block Replacement                                                      ; On                 ; On                 ;
; Auto Shift Register Replacement                                                 ; Auto               ; Auto               ;
; Allow Shift Register Merging across Hierarchies                                 ; Auto               ; Auto               ;
; Auto Clock Enable Replacement                                                   ; On                 ; On                 ;
; Strict RAM Replacement                                                          ; Off                ; Off                ;
; Allow Synchronous Control Signals                                               ; On                 ; On                 ;
; Force Use of Synchronous Clear Signals                                          ; Off                ; Off                ;
; Auto Resource Sharing                                                           ; Off                ; Off                ;
; Allow Any RAM Size For Recognition                                              ; Off                ; Off                ;
; Allow Any ROM Size For Recognition                                              ; Off                ; Off                ;
; Allow Any Shift Register Size For Recognition                                   ; Off                ; Off                ;
; Use LogicLock Constraints during Resource Balancing                             ; On                 ; On                 ;
; Ignore translate_off and synthesis_off directives                               ; Off                ; Off                ;
; Timing-Driven Synthesis                                                         ; On                 ; On                 ;
; Report Parameter Settings                                                       ; On                 ; On                 ;
; Report Source Assignments                                                       ; On                 ; On                 ;
; Report Connectivity Checks                                                      ; On                 ; On                 ;
; Ignore Maximum Fan-Out Assignments                                              ; Off                ; Off                ;
; HDL message level                                                               ; Level2             ; Level2             ;
; Suppress Register Optimization Related Messages                                 ; Off                ; Off                ;
; Number of Removed Registers Reported in Synthesis Report                        ; 5000               ; 5000               ;
; Number of Swept Nodes Reported in Synthesis Report                              ; 5000               ; 5000               ;
; Number of Inverted Registers Reported in Synthesis Report                       ; 100                ; 100                ;
; Clock MUX Protection                                                            ; On                 ; On                 ;
; Auto Gated Clock Conversion                                                     ; Off                ; Off                ;
; Block Design Naming                                                             ; Auto               ; Auto               ;
; SDC constraint protection                                                       ; Off                ; Off                ;
; Synthesis Effort                                                                ; Auto               ; Auto               ;
; Shift Register Replacement - Allow Asynchronous Clear Signal                    ; On                 ; On                 ;
; Pre-Mapping Resynthesis Optimization                                            ; Off                ; Off                ;
; Analysis & Synthesis Message Level                                              ; Medium             ; Medium             ;
; Disable Register Merging Across Hierarchies                                     ; Auto               ; Auto               ;
; Resource Aware Inference For Block RAM                                          ; On                 ; On                 ;
; Automatic Parallel Synthesis                                                    ; On                 ; On                 ;
; Partial Reconfiguration Bitstream ID                                            ; Off                ; Off                ;
+---------------------------------------------------------------------------------+--------------------+--------------------+


+-------------------------------------------------+
; Analysis & Synthesis Default Parameter Settings ;
+------+------------------------------------------+
; Name ; Setting                                  ;
+------+------------------------------------------+
;      ; RESTRUCTURE                              ;
+------+------------------------------------------+


+------------------------------------------+
; Parallel Compilation                     ;
+----------------------------+-------------+
; Processors                 ; Number      ;
+----------------------------+-------------+
; Number detected on machine ; 12          ;
; Maximum allowed            ; 12          ;
;                            ;             ;
; Average used               ; 1.00        ;
; Maximum used               ; 12          ;
;                            ;             ;
; Usage by Processor         ; % Time Used ;
;     Processor 1            ; 100.0%      ;
;     Processor 2            ;   0.0%      ;
;     Processors 3-12        ;   0.0%      ;
+----------------------------+-------------+


+---------------------------------------------------------------------------------------------------------------------------------------------------------------------------------------------------------------------------------------------------------------------------------------------------+
; Analysis & Synthesis Source Files Read                                                                                                                                                                                                                                                            ;
+--------------------------------------------------------------------+-----------------+----------------------------------------------+-----------------------------------------------------------------------------------------------------------------------------------------------+-------------+
; File Name with User-Entered Path                                   ; Used in Netlist ; File Type                                    ; File Name with Absolute Path                                                                                                                  ; Library     ;
+--------------------------------------------------------------------+-----------------+----------------------------------------------+-----------------------------------------------------------------------------------------------------------------------------------------------+-------------+
; RTL/increment_key.sv                                               ; yes             ; User SystemVerilog HDL File                  ; C:/Users/2005B/OneDrive/Desktop/Courses/CPEN 311/Labs/Lab4/template_de1soc/RTL/increment_key.sv                                               ;             ;
; RTL/decrypter.sv                                                   ; yes             ; User SystemVerilog HDL File                  ; C:/Users/2005B/OneDrive/Desktop/Courses/CPEN 311/Labs/Lab4/template_de1soc/RTL/decrypter.sv                                                   ;             ;
; RTL/shuffle_mem.sv                                                 ; yes             ; User SystemVerilog HDL File                  ; C:/Users/2005B/OneDrive/Desktop/Courses/CPEN 311/Labs/Lab4/template_de1soc/RTL/shuffle_mem.sv                                                 ;             ;
; RTL/init_s_mem.sv                                                  ; yes             ; User SystemVerilog HDL File                  ; C:/Users/2005B/OneDrive/Desktop/Courses/CPEN 311/Labs/Lab4/template_de1soc/RTL/init_s_mem.sv                                                  ;             ;
; RTL/data_selector.sv                                               ; yes             ; User SystemVerilog HDL File                  ; C:/Users/2005B/OneDrive/Desktop/Courses/CPEN 311/Labs/Lab4/template_de1soc/RTL/data_selector.sv                                               ;             ;
; ksa.sv                                                             ; yes             ; User SystemVerilog HDL File                  ; C:/Users/2005B/OneDrive/Desktop/Courses/CPEN 311/Labs/Lab4/template_de1soc/ksa.sv                                                             ;             ;
; s_memory.vhd                                                       ; yes             ; User Wizard-Generated File                   ; C:/Users/2005B/OneDrive/Desktop/Courses/CPEN 311/Labs/Lab4/template_de1soc/s_memory.vhd                                                       ;             ;
; ROM.vhd                                                            ; yes             ; User Wizard-Generated File                   ; C:/Users/2005B/OneDrive/Desktop/Courses/CPEN 311/Labs/Lab4/template_de1soc/ROM.vhd                                                            ;             ;
; RAM_Decrypt.vhd                                                    ; yes             ; User Wizard-Generated File                   ; C:/Users/2005B/OneDrive/Desktop/Courses/CPEN 311/Labs/Lab4/template_de1soc/RAM_Decrypt.vhd                                                    ;             ;
; altsyncram.tdf                                                     ; yes             ; Megafunction                                 ; c:/intelfpga_lite/16.1/quartus/libraries/megafunctions/altsyncram.tdf                                                                         ;             ;
; stratix_ram_block.inc                                              ; yes             ; Megafunction                                 ; c:/intelfpga_lite/16.1/quartus/libraries/megafunctions/stratix_ram_block.inc                                                                  ;             ;
; lpm_mux.inc                                                        ; yes             ; Megafunction                                 ; c:/intelfpga_lite/16.1/quartus/libraries/megafunctions/lpm_mux.inc                                                                            ;             ;
; lpm_decode.inc                                                     ; yes             ; Megafunction                                 ; c:/intelfpga_lite/16.1/quartus/libraries/megafunctions/lpm_decode.inc                                                                         ;             ;
; aglobal161.inc                                                     ; yes             ; Megafunction                                 ; c:/intelfpga_lite/16.1/quartus/libraries/megafunctions/aglobal161.inc                                                                         ;             ;
; a_rdenreg.inc                                                      ; yes             ; Megafunction                                 ; c:/intelfpga_lite/16.1/quartus/libraries/megafunctions/a_rdenreg.inc                                                                          ;             ;
; altrom.inc                                                         ; yes             ; Megafunction                                 ; c:/intelfpga_lite/16.1/quartus/libraries/megafunctions/altrom.inc                                                                             ;             ;
; altram.inc                                                         ; yes             ; Megafunction                                 ; c:/intelfpga_lite/16.1/quartus/libraries/megafunctions/altram.inc                                                                             ;             ;
; altdpram.inc                                                       ; yes             ; Megafunction                                 ; c:/intelfpga_lite/16.1/quartus/libraries/megafunctions/altdpram.inc                                                                           ;             ;
; db/altsyncram_m5b4.tdf                                             ; yes             ; Auto-Generated Megafunction                  ; C:/Users/2005B/OneDrive/Desktop/Courses/CPEN 311/Labs/Lab4/template_de1soc/db/altsyncram_m5b4.tdf                                             ;             ;
; db/altsyncram_kq83.tdf                                             ; yes             ; Auto-Generated Megafunction                  ; C:/Users/2005B/OneDrive/Desktop/Courses/CPEN 311/Labs/Lab4/template_de1soc/db/altsyncram_kq83.tdf                                             ;             ;
; sld_mod_ram_rom.vhd                                                ; yes             ; Encrypted Megafunction                       ; c:/intelfpga_lite/16.1/quartus/libraries/megafunctions/sld_mod_ram_rom.vhd                                                                    ;             ;
; sld_jtag_endpoint_adapter.vhd                                      ; yes             ; Encrypted Megafunction                       ; c:/intelfpga_lite/16.1/quartus/libraries/megafunctions/sld_jtag_endpoint_adapter.vhd                                                          ;             ;
; sld_jtag_endpoint_adapter_impl.sv                                  ; yes             ; Encrypted Megafunction                       ; c:/intelfpga_lite/16.1/quartus/libraries/megafunctions/sld_jtag_endpoint_adapter_impl.sv                                                      ;             ;
; sld_rom_sr.vhd                                                     ; yes             ; Encrypted Megafunction                       ; c:/intelfpga_lite/16.1/quartus/libraries/megafunctions/sld_rom_sr.vhd                                                                         ;             ;
; db/altsyncram_ejg4.tdf                                             ; yes             ; Auto-Generated Megafunction                  ; C:/Users/2005B/OneDrive/Desktop/Courses/CPEN 311/Labs/Lab4/template_de1soc/db/altsyncram_ejg4.tdf                                             ;             ;
; db/altsyncram_a2h3.tdf                                             ; yes             ; Auto-Generated Megafunction                  ; C:/Users/2005B/OneDrive/Desktop/Courses/CPEN 311/Labs/Lab4/template_de1soc/db/altsyncram_a2h3.tdf                                             ;             ;
; ../secret_messages/msg_4_for_task3/message.mif                     ; yes             ; Auto-Found Memory Initialization File        ; C:/Users/2005B/OneDrive/Desktop/Courses/CPEN 311/Labs/Lab4/template_de1soc/secret_messages/msg_4_for_task3/message.mif                        ;             ;
; db/altsyncram_cdb4.tdf                                             ; yes             ; Auto-Generated Megafunction                  ; C:/Users/2005B/OneDrive/Desktop/Courses/CPEN 311/Labs/Lab4/template_de1soc/db/altsyncram_cdb4.tdf                                             ;             ;
; db/altsyncram_um83.tdf                                             ; yes             ; Auto-Generated Megafunction                  ; C:/Users/2005B/OneDrive/Desktop/Courses/CPEN 311/Labs/Lab4/template_de1soc/db/altsyncram_um83.tdf                                             ;             ;
; sevensegmentdisplaydecoder.sv                                      ; yes             ; Auto-Found SystemVerilog HDL File            ; C:/Users/2005B/OneDrive/Desktop/Courses/CPEN 311/Labs/Lab4/template_de1soc/sevensegmentdisplaydecoder.sv                                      ;             ;
; sld_hub.vhd                                                        ; yes             ; Encrypted Megafunction                       ; c:/intelfpga_lite/16.1/quartus/libraries/megafunctions/sld_hub.vhd                                                                            ; altera_sld  ;
; db/ip/sld73f98f60/alt_sld_fab.v                                    ; yes             ; Encrypted Auto-Found Verilog HDL File        ; C:/Users/2005B/OneDrive/Desktop/Courses/CPEN 311/Labs/Lab4/template_de1soc/db/ip/sld73f98f60/alt_sld_fab.v                                    ; alt_sld_fab ;
; db/ip/sld73f98f60/submodules/alt_sld_fab_alt_sld_fab.v             ; yes             ; Encrypted Auto-Found Verilog HDL File        ; C:/Users/2005B/OneDrive/Desktop/Courses/CPEN 311/Labs/Lab4/template_de1soc/db/ip/sld73f98f60/submodules/alt_sld_fab_alt_sld_fab.v             ; alt_sld_fab ;
; db/ip/sld73f98f60/submodules/alt_sld_fab_alt_sld_fab_ident.sv      ; yes             ; Auto-Found SystemVerilog HDL File            ; C:/Users/2005B/OneDrive/Desktop/Courses/CPEN 311/Labs/Lab4/template_de1soc/db/ip/sld73f98f60/submodules/alt_sld_fab_alt_sld_fab_ident.sv      ; alt_sld_fab ;
; db/ip/sld73f98f60/submodules/alt_sld_fab_alt_sld_fab_presplit.sv   ; yes             ; Encrypted Auto-Found SystemVerilog HDL File  ; C:/Users/2005B/OneDrive/Desktop/Courses/CPEN 311/Labs/Lab4/template_de1soc/db/ip/sld73f98f60/submodules/alt_sld_fab_alt_sld_fab_presplit.sv   ; alt_sld_fab ;
; db/ip/sld73f98f60/submodules/alt_sld_fab_alt_sld_fab_sldfabric.vhd ; yes             ; Encrypted Auto-Found VHDL File               ; C:/Users/2005B/OneDrive/Desktop/Courses/CPEN 311/Labs/Lab4/template_de1soc/db/ip/sld73f98f60/submodules/alt_sld_fab_alt_sld_fab_sldfabric.vhd ; alt_sld_fab ;
; db/ip/sld73f98f60/submodules/alt_sld_fab_alt_sld_fab_splitter.sv   ; yes             ; Encrypted Auto-Found SystemVerilog HDL File  ; C:/Users/2005B/OneDrive/Desktop/Courses/CPEN 311/Labs/Lab4/template_de1soc/db/ip/sld73f98f60/submodules/alt_sld_fab_alt_sld_fab_splitter.sv   ; alt_sld_fab ;
; sld_jtag_hub.vhd                                                   ; yes             ; Encrypted Megafunction                       ; c:/intelfpga_lite/16.1/quartus/libraries/megafunctions/sld_jtag_hub.vhd                                                                       ;             ;
; lpm_divide.tdf                                                     ; yes             ; Megafunction                                 ; c:/intelfpga_lite/16.1/quartus/libraries/megafunctions/lpm_divide.tdf                                                                         ;             ;
; abs_divider.inc                                                    ; yes             ; Megafunction                                 ; c:/intelfpga_lite/16.1/quartus/libraries/megafunctions/abs_divider.inc                                                                        ;             ;
; sign_div_unsign.inc                                                ; yes             ; Megafunction                                 ; c:/intelfpga_lite/16.1/quartus/libraries/megafunctions/sign_div_unsign.inc                                                                    ;             ;
; db/lpm_divide_62m.tdf                                              ; yes             ; Auto-Generated Megafunction                  ; C:/Users/2005B/OneDrive/Desktop/Courses/CPEN 311/Labs/Lab4/template_de1soc/db/lpm_divide_62m.tdf                                              ;             ;
; db/sign_div_unsign_9kh.tdf                                         ; yes             ; Auto-Generated Megafunction                  ; C:/Users/2005B/OneDrive/Desktop/Courses/CPEN 311/Labs/Lab4/template_de1soc/db/sign_div_unsign_9kh.tdf                                         ;             ;
; db/alt_u_div_ose.tdf                                               ; yes             ; Auto-Generated Megafunction                  ; C:/Users/2005B/OneDrive/Desktop/Courses/CPEN 311/Labs/Lab4/template_de1soc/db/alt_u_div_ose.tdf                                               ;             ;
+--------------------------------------------------------------------+-----------------+----------------------------------------------+-----------------------------------------------------------------------------------------------------------------------------------------------+-------------+


+------------------------------------------------------------------------+
; Analysis & Synthesis Resource Usage Summary                            ;
+---------------------------------------------+--------------------------+
; Resource                                    ; Usage                    ;
+---------------------------------------------+--------------------------+
; Estimate of Logic utilization (ALMs needed) ; 372                      ;
;                                             ;                          ;
; Combinational ALUT usage for logic          ; 534                      ;
;     -- 7 input functions                    ; 7                        ;
;     -- 6 input functions                    ; 91                       ;
;     -- 5 input functions                    ; 114                      ;
;     -- 4 input functions                    ; 105                      ;
;     -- <=3 input functions                  ; 217                      ;
;                                             ;                          ;
; Dedicated logic registers                   ; 481                      ;
;                                             ;                          ;
; I/O pins                                    ; 67                       ;
; Total MLAB memory bits                      ; 0                        ;
; Total block memory bits                     ; 2560                     ;
;                                             ;                          ;
; Total DSP Blocks                            ; 0                        ;
;                                             ;                          ;
; Maximum fan-out node                        ; altera_internal_jtag~TDO ;
; Maximum fan-out                             ; 295                      ;
; Total fan-out                               ; 4511                     ;
; Average fan-out                             ; 3.82                     ;
+---------------------------------------------+--------------------------+


+-------------------------------------------------------------------------------------------------------------------------------------------------------------------------------------------------------------------------------------------------------------------------------------------------------------------------------------------------------------------------------------------------------------------------------------------------------------------------------------------------------------------------------------------------------------------------------------------------------------------------------------------------------+
; Analysis & Synthesis Resource Utilization by Entity                                                                                                                                                                                                                                                                                                                                                                                                                                                                                                                                                                                                   ;
+-----------------------------------------------------------------------------------------------------------------------------------------+---------------------+---------------------------+-------------------+------------+------+--------------+-------------------------------------------------------------------------------------------------------------------------------------------------------------------------------------------------------------------------------------------------------------------------------------------------------------------------------------------------+-----------------------------------+--------------+
; Compilation Hierarchy Node                                                                                                              ; Combinational ALUTs ; Dedicated Logic Registers ; Block Memory Bits ; DSP Blocks ; Pins ; Virtual Pins ; Full Hierarchy Name                                                                                                                                                                                                                                                                                                                             ; Entity Name                       ; Library Name ;
+-----------------------------------------------------------------------------------------------------------------------------------------+---------------------+---------------------------+-------------------+------------+------+--------------+-------------------------------------------------------------------------------------------------------------------------------------------------------------------------------------------------------------------------------------------------------------------------------------------------------------------------------------------------+-----------------------------------+--------------+
; |ksa                                                                                                                                    ; 534 (2)             ; 481 (0)                   ; 2560              ; 0          ; 67   ; 0            ; |ksa                                                                                                                                                                                                                                                                                                                                            ; ksa                               ; work         ;
;    |RAM_Decrypt:U5|                                                                                                                     ; 37 (0)              ; 32 (0)                    ; 256               ; 0          ; 0    ; 0            ; |ksa|RAM_Decrypt:U5                                                                                                                                                                                                                                                                                                                             ; RAM_Decrypt                       ; work         ;
;       |altsyncram:altsyncram_component|                                                                                                 ; 37 (0)              ; 32 (0)                    ; 256               ; 0          ; 0    ; 0            ; |ksa|RAM_Decrypt:U5|altsyncram:altsyncram_component                                                                                                                                                                                                                                                                                             ; altsyncram                        ; work         ;
;          |altsyncram_cdb4:auto_generated|                                                                                               ; 37 (0)              ; 32 (0)                    ; 256               ; 0          ; 0    ; 0            ; |ksa|RAM_Decrypt:U5|altsyncram:altsyncram_component|altsyncram_cdb4:auto_generated                                                                                                                                                                                                                                                              ; altsyncram_cdb4                   ; work         ;
;             |altsyncram_um83:altsyncram1|                                                                                               ; 0 (0)               ; 0 (0)                     ; 256               ; 0          ; 0    ; 0            ; |ksa|RAM_Decrypt:U5|altsyncram:altsyncram_component|altsyncram_cdb4:auto_generated|altsyncram_um83:altsyncram1                                                                                                                                                                                                                                  ; altsyncram_um83                   ; work         ;
;             |sld_mod_ram_rom:mgl_prim2|                                                                                                 ; 37 (20)             ; 32 (23)                   ; 0                 ; 0          ; 0    ; 0            ; |ksa|RAM_Decrypt:U5|altsyncram:altsyncram_component|altsyncram_cdb4:auto_generated|sld_mod_ram_rom:mgl_prim2                                                                                                                                                                                                                                    ; sld_mod_ram_rom                   ; work         ;
;                |sld_rom_sr:\ram_rom_logic_gen:name_gen:info_rom_sr|                                                                     ; 17 (17)             ; 9 (9)                     ; 0                 ; 0          ; 0    ; 0            ; |ksa|RAM_Decrypt:U5|altsyncram:altsyncram_component|altsyncram_cdb4:auto_generated|sld_mod_ram_rom:mgl_prim2|sld_rom_sr:\ram_rom_logic_gen:name_gen:info_rom_sr                                                                                                                                                                                 ; sld_rom_sr                        ; work         ;
;    |ROM:U4|                                                                                                                             ; 37 (0)              ; 32 (0)                    ; 256               ; 0          ; 0    ; 0            ; |ksa|ROM:U4                                                                                                                                                                                                                                                                                                                                     ; ROM                               ; work         ;
;       |altsyncram:altsyncram_component|                                                                                                 ; 37 (0)              ; 32 (0)                    ; 256               ; 0          ; 0    ; 0            ; |ksa|ROM:U4|altsyncram:altsyncram_component                                                                                                                                                                                                                                                                                                     ; altsyncram                        ; work         ;
;          |altsyncram_ejg4:auto_generated|                                                                                               ; 37 (0)              ; 32 (0)                    ; 256               ; 0          ; 0    ; 0            ; |ksa|ROM:U4|altsyncram:altsyncram_component|altsyncram_ejg4:auto_generated                                                                                                                                                                                                                                                                      ; altsyncram_ejg4                   ; work         ;
;             |altsyncram_a2h3:altsyncram1|                                                                                               ; 0 (0)               ; 0 (0)                     ; 256               ; 0          ; 0    ; 0            ; |ksa|ROM:U4|altsyncram:altsyncram_component|altsyncram_ejg4:auto_generated|altsyncram_a2h3:altsyncram1                                                                                                                                                                                                                                          ; altsyncram_a2h3                   ; work         ;
;             |sld_mod_ram_rom:mgl_prim2|                                                                                                 ; 37 (20)             ; 32 (23)                   ; 0                 ; 0          ; 0    ; 0            ; |ksa|ROM:U4|altsyncram:altsyncram_component|altsyncram_ejg4:auto_generated|sld_mod_ram_rom:mgl_prim2                                                                                                                                                                                                                                            ; sld_mod_ram_rom                   ; work         ;
;                |sld_rom_sr:\ram_rom_logic_gen:name_gen:info_rom_sr|                                                                     ; 17 (17)             ; 9 (9)                     ; 0                 ; 0          ; 0    ; 0            ; |ksa|ROM:U4|altsyncram:altsyncram_component|altsyncram_ejg4:auto_generated|sld_mod_ram_rom:mgl_prim2|sld_rom_sr:\ram_rom_logic_gen:name_gen:info_rom_sr                                                                                                                                                                                         ; sld_rom_sr                        ; work         ;
;    |SevenSegmentDisplayDecoder:ssHEX0|                                                                                                  ; 7 (7)               ; 0 (0)                     ; 0                 ; 0          ; 0    ; 0            ; |ksa|SevenSegmentDisplayDecoder:ssHEX0                                                                                                                                                                                                                                                                                                          ; SevenSegmentDisplayDecoder        ; work         ;
;    |SevenSegmentDisplayDecoder:ssHEX1|                                                                                                  ; 7 (7)               ; 0 (0)                     ; 0                 ; 0          ; 0    ; 0            ; |ksa|SevenSegmentDisplayDecoder:ssHEX1                                                                                                                                                                                                                                                                                                          ; SevenSegmentDisplayDecoder        ; work         ;
;    |SevenSegmentDisplayDecoder:ssHEX2|                                                                                                  ; 7 (7)               ; 0 (0)                     ; 0                 ; 0          ; 0    ; 0            ; |ksa|SevenSegmentDisplayDecoder:ssHEX2                                                                                                                                                                                                                                                                                                          ; SevenSegmentDisplayDecoder        ; work         ;
;    |SevenSegmentDisplayDecoder:ssHEX3|                                                                                                  ; 7 (7)               ; 0 (0)                     ; 0                 ; 0          ; 0    ; 0            ; |ksa|SevenSegmentDisplayDecoder:ssHEX3                                                                                                                                                                                                                                                                                                          ; SevenSegmentDisplayDecoder        ; work         ;
;    |SevenSegmentDisplayDecoder:ssHEX4|                                                                                                  ; 7 (7)               ; 0 (0)                     ; 0                 ; 0          ; 0    ; 0            ; |ksa|SevenSegmentDisplayDecoder:ssHEX4                                                                                                                                                                                                                                                                                                          ; SevenSegmentDisplayDecoder        ; work         ;
;    |SevenSegmentDisplayDecoder:ssHEX5|                                                                                                  ; 3 (3)               ; 0 (0)                     ; 0                 ; 0          ; 0    ; 0            ; |ksa|SevenSegmentDisplayDecoder:ssHEX5                                                                                                                                                                                                                                                                                                          ; SevenSegmentDisplayDecoder        ; work         ;
;    |data_selector:U3|                                                                                                                   ; 17 (17)             ; 0 (0)                     ; 0                 ; 0          ; 0    ; 0            ; |ksa|data_selector:U3                                                                                                                                                                                                                                                                                                                           ; data_selector                     ; work         ;
;    |decrypter:U6|                                                                                                                       ; 105 (105)           ; 128 (128)                 ; 0                 ; 0          ; 0    ; 0            ; |ksa|decrypter:U6                                                                                                                                                                                                                                                                                                                               ; decrypter                         ; work         ;
;    |increment_key:U7|                                                                                                                   ; 22 (22)             ; 22 (22)                   ; 0                 ; 0          ; 0    ; 0            ; |ksa|increment_key:U7                                                                                                                                                                                                                                                                                                                           ; increment_key                     ; work         ;
;    |init_s_mem:U1|                                                                                                                      ; 18 (18)             ; 20 (20)                   ; 0                 ; 0          ; 0    ; 0            ; |ksa|init_s_mem:U1                                                                                                                                                                                                                                                                                                                              ; init_s_mem                        ; work         ;
;    |s_memory:U0|                                                                                                                        ; 41 (0)              ; 37 (0)                    ; 2048              ; 0          ; 0    ; 0            ; |ksa|s_memory:U0                                                                                                                                                                                                                                                                                                                                ; s_memory                          ; work         ;
;       |altsyncram:altsyncram_component|                                                                                                 ; 41 (0)              ; 37 (0)                    ; 2048              ; 0          ; 0    ; 0            ; |ksa|s_memory:U0|altsyncram:altsyncram_component                                                                                                                                                                                                                                                                                                ; altsyncram                        ; work         ;
;          |altsyncram_m5b4:auto_generated|                                                                                               ; 41 (0)              ; 37 (0)                    ; 2048              ; 0          ; 0    ; 0            ; |ksa|s_memory:U0|altsyncram:altsyncram_component|altsyncram_m5b4:auto_generated                                                                                                                                                                                                                                                                 ; altsyncram_m5b4                   ; work         ;
;             |altsyncram_kq83:altsyncram1|                                                                                               ; 0 (0)               ; 0 (0)                     ; 2048              ; 0          ; 0    ; 0            ; |ksa|s_memory:U0|altsyncram:altsyncram_component|altsyncram_m5b4:auto_generated|altsyncram_kq83:altsyncram1                                                                                                                                                                                                                                     ; altsyncram_kq83                   ; work         ;
;             |sld_mod_ram_rom:mgl_prim2|                                                                                                 ; 41 (23)             ; 37 (28)                   ; 0                 ; 0          ; 0    ; 0            ; |ksa|s_memory:U0|altsyncram:altsyncram_component|altsyncram_m5b4:auto_generated|sld_mod_ram_rom:mgl_prim2                                                                                                                                                                                                                                       ; sld_mod_ram_rom                   ; work         ;
;                |sld_rom_sr:\ram_rom_logic_gen:name_gen:info_rom_sr|                                                                     ; 18 (18)             ; 9 (9)                     ; 0                 ; 0          ; 0    ; 0            ; |ksa|s_memory:U0|altsyncram:altsyncram_component|altsyncram_m5b4:auto_generated|sld_mod_ram_rom:mgl_prim2|sld_rom_sr:\ram_rom_logic_gen:name_gen:info_rom_sr                                                                                                                                                                                    ; sld_rom_sr                        ; work         ;
;    |shuffle_mem:U2|                                                                                                                     ; 94 (54)             ; 78 (78)                   ; 0                 ; 0          ; 0    ; 0            ; |ksa|shuffle_mem:U2                                                                                                                                                                                                                                                                                                                             ; shuffle_mem                       ; work         ;
;       |lpm_divide:Mod0|                                                                                                                 ; 40 (0)              ; 0 (0)                     ; 0                 ; 0          ; 0    ; 0            ; |ksa|shuffle_mem:U2|lpm_divide:Mod0                                                                                                                                                                                                                                                                                                             ; lpm_divide                        ; work         ;
;          |lpm_divide_62m:auto_generated|                                                                                                ; 40 (0)              ; 0 (0)                     ; 0                 ; 0          ; 0    ; 0            ; |ksa|shuffle_mem:U2|lpm_divide:Mod0|lpm_divide_62m:auto_generated                                                                                                                                                                                                                                                                               ; lpm_divide_62m                    ; work         ;
;             |sign_div_unsign_9kh:divider|                                                                                               ; 40 (0)              ; 0 (0)                     ; 0                 ; 0          ; 0    ; 0            ; |ksa|shuffle_mem:U2|lpm_divide:Mod0|lpm_divide_62m:auto_generated|sign_div_unsign_9kh:divider                                                                                                                                                                                                                                                   ; sign_div_unsign_9kh               ; work         ;
;                |alt_u_div_ose:divider|                                                                                                  ; 40 (40)             ; 0 (0)                     ; 0                 ; 0          ; 0    ; 0            ; |ksa|shuffle_mem:U2|lpm_divide:Mod0|lpm_divide_62m:auto_generated|sign_div_unsign_9kh:divider|alt_u_div_ose:divider                                                                                                                                                                                                                             ; alt_u_div_ose                     ; work         ;
;    |sld_hub:auto_hub|                                                                                                                   ; 123 (1)             ; 132 (0)                   ; 0                 ; 0          ; 0    ; 0            ; |ksa|sld_hub:auto_hub                                                                                                                                                                                                                                                                                                                           ; sld_hub                           ; altera_sld   ;
;       |alt_sld_fab_with_jtag_input:\instrumentation_fabric_with_node_gen:fabric_gen_new_way:with_jtag_input_gen:instrumentation_fabric| ; 122 (0)             ; 132 (0)                   ; 0                 ; 0          ; 0    ; 0            ; |ksa|sld_hub:auto_hub|alt_sld_fab_with_jtag_input:\instrumentation_fabric_with_node_gen:fabric_gen_new_way:with_jtag_input_gen:instrumentation_fabric                                                                                                                                                                                           ; alt_sld_fab_with_jtag_input       ; altera_sld   ;
;          |alt_sld_fab:instrumentation_fabric|                                                                                           ; 122 (0)             ; 132 (0)                   ; 0                 ; 0          ; 0    ; 0            ; |ksa|sld_hub:auto_hub|alt_sld_fab_with_jtag_input:\instrumentation_fabric_with_node_gen:fabric_gen_new_way:with_jtag_input_gen:instrumentation_fabric|alt_sld_fab:instrumentation_fabric                                                                                                                                                        ; alt_sld_fab                       ; alt_sld_fab  ;
;             |alt_sld_fab_alt_sld_fab:alt_sld_fab|                                                                                       ; 122 (1)             ; 132 (7)                   ; 0                 ; 0          ; 0    ; 0            ; |ksa|sld_hub:auto_hub|alt_sld_fab_with_jtag_input:\instrumentation_fabric_with_node_gen:fabric_gen_new_way:with_jtag_input_gen:instrumentation_fabric|alt_sld_fab:instrumentation_fabric|alt_sld_fab_alt_sld_fab:alt_sld_fab                                                                                                                    ; alt_sld_fab_alt_sld_fab           ; alt_sld_fab  ;
;                |alt_sld_fab_alt_sld_fab_sldfabric:sldfabric|                                                                            ; 121 (0)             ; 125 (0)                   ; 0                 ; 0          ; 0    ; 0            ; |ksa|sld_hub:auto_hub|alt_sld_fab_with_jtag_input:\instrumentation_fabric_with_node_gen:fabric_gen_new_way:with_jtag_input_gen:instrumentation_fabric|alt_sld_fab:instrumentation_fabric|alt_sld_fab_alt_sld_fab:alt_sld_fab|alt_sld_fab_alt_sld_fab_sldfabric:sldfabric                                                                        ; alt_sld_fab_alt_sld_fab_sldfabric ; alt_sld_fab  ;
;                   |sld_jtag_hub:\jtag_hub_gen:real_sld_jtag_hub|                                                                        ; 121 (84)            ; 125 (96)                  ; 0                 ; 0          ; 0    ; 0            ; |ksa|sld_hub:auto_hub|alt_sld_fab_with_jtag_input:\instrumentation_fabric_with_node_gen:fabric_gen_new_way:with_jtag_input_gen:instrumentation_fabric|alt_sld_fab:instrumentation_fabric|alt_sld_fab_alt_sld_fab:alt_sld_fab|alt_sld_fab_alt_sld_fab_sldfabric:sldfabric|sld_jtag_hub:\jtag_hub_gen:real_sld_jtag_hub                           ; sld_jtag_hub                      ; work         ;
;                      |sld_rom_sr:hub_info_reg|                                                                                          ; 18 (18)             ; 10 (10)                   ; 0                 ; 0          ; 0    ; 0            ; |ksa|sld_hub:auto_hub|alt_sld_fab_with_jtag_input:\instrumentation_fabric_with_node_gen:fabric_gen_new_way:with_jtag_input_gen:instrumentation_fabric|alt_sld_fab:instrumentation_fabric|alt_sld_fab_alt_sld_fab:alt_sld_fab|alt_sld_fab_alt_sld_fab_sldfabric:sldfabric|sld_jtag_hub:\jtag_hub_gen:real_sld_jtag_hub|sld_rom_sr:hub_info_reg   ; sld_rom_sr                        ; work         ;
;                      |sld_shadow_jsm:shadow_jsm|                                                                                        ; 19 (19)             ; 19 (19)                   ; 0                 ; 0          ; 0    ; 0            ; |ksa|sld_hub:auto_hub|alt_sld_fab_with_jtag_input:\instrumentation_fabric_with_node_gen:fabric_gen_new_way:with_jtag_input_gen:instrumentation_fabric|alt_sld_fab:instrumentation_fabric|alt_sld_fab_alt_sld_fab:alt_sld_fab|alt_sld_fab_alt_sld_fab_sldfabric:sldfabric|sld_jtag_hub:\jtag_hub_gen:real_sld_jtag_hub|sld_shadow_jsm:shadow_jsm ; sld_shadow_jsm                    ; altera_sld   ;
+-----------------------------------------------------------------------------------------------------------------------------------------+---------------------+---------------------------+-------------------+------------+------+--------------+-------------------------------------------------------------------------------------------------------------------------------------------------------------------------------------------------------------------------------------------------------------------------------------------------------------------------------------------------+-----------------------------------+--------------+
Note: For table entries with two numbers listed, the numbers in parentheses indicate the number of resources of the given type used by the specific entity alone. The numbers listed outside of parentheses indicate the total resources of the given type used by the specific entity and all of its sub-entities in the hierarchy.


+------------------------------------------------------------------------------------------------------------------------------------------------------------------------------------------------------------------------------------------------------------------------+
; Analysis & Synthesis RAM Summary                                                                                                                                                                                                                                       ;
+----------------------------------------------------------------------------------------------------------------------+------------+----------------+--------------+--------------+--------------+--------------+------+------------------------------------------------+
; Name                                                                                                                 ; Type       ; Mode           ; Port A Depth ; Port A Width ; Port B Depth ; Port B Width ; Size ; MIF                                            ;
+----------------------------------------------------------------------------------------------------------------------+------------+----------------+--------------+--------------+--------------+--------------+------+------------------------------------------------+
; RAM_Decrypt:U5|altsyncram:altsyncram_component|altsyncram_cdb4:auto_generated|altsyncram_um83:altsyncram1|ALTSYNCRAM ; M10K block ; True Dual Port ; 32           ; 8            ; 32           ; 8            ; 256  ; None                                           ;
; ROM:U4|altsyncram:altsyncram_component|altsyncram_ejg4:auto_generated|altsyncram_a2h3:altsyncram1|ALTSYNCRAM         ; M10K block ; True Dual Port ; 32           ; 8            ; 32           ; 8            ; 256  ; ../secret_messages/msg_4_for_task3/message.mif ;
; s_memory:U0|altsyncram:altsyncram_component|altsyncram_m5b4:auto_generated|altsyncram_kq83:altsyncram1|ALTSYNCRAM    ; M10K block ; True Dual Port ; 256          ; 8            ; 256          ; 8            ; 2048 ; None                                           ;
+----------------------------------------------------------------------------------------------------------------------+------------+----------------+--------------+--------------+--------------+--------------+------+------------------------------------------------+


+------------------------------------------------------------------------------------------------------------------------------------------------------------------------------------------------------------------------------------------------------------------------------------------------------------------------------------------------------------+
; Analysis & Synthesis IP Cores Summary                                                                                                                                                                                                                                                                                                                      ;
+--------+--------------+---------+--------------+--------------+--------------------------------------------------------------------------------------------------------------------------------------------------------------------------------------------------------------------------------------------------------------------------+-----------------+
; Vendor ; IP Core Name ; Version ; Release Date ; License Type ; Entity Instance                                                                                                                                                                                                                                                          ; IP Include File ;
+--------+--------------+---------+--------------+--------------+--------------------------------------------------------------------------------------------------------------------------------------------------------------------------------------------------------------------------------------------------------------------------+-----------------+
; Altera ; RAM: 1-PORT  ; 16.1    ; N/A          ; N/A          ; |ksa|s_memory:U0                                                                                                                                                                                                                                                         ; s_memory.vhd    ;
; Altera ; ROM: 1-PORT  ; 16.1    ; N/A          ; N/A          ; |ksa|ROM:U4                                                                                                                                                                                                                                                              ; ROM.vhd         ;
; Altera ; RAM: 1-PORT  ; 16.1    ; N/A          ; N/A          ; |ksa|RAM_Decrypt:U5                                                                                                                                                                                                                                                      ; RAM_Decrypt.vhd ;
; Altera ; Signal Tap   ; N/A     ; N/A          ; Licensed     ; |ksa|sld_hub:auto_hub|alt_sld_fab_with_jtag_input:\instrumentation_fabric_with_node_gen:fabric_gen_new_way:with_jtag_input_gen:instrumentation_fabric|alt_sld_fab:instrumentation_fabric                                                                                 ;                 ;
; Altera ; Signal Tap   ; N/A     ; N/A          ; Licensed     ; |ksa|sld_hub:auto_hub|alt_sld_fab_with_jtag_input:\instrumentation_fabric_with_node_gen:fabric_gen_new_way:with_jtag_input_gen:instrumentation_fabric|alt_sld_fab:instrumentation_fabric|alt_sld_fab_alt_sld_fab:alt_sld_fab                                             ;                 ;
; Altera ; Signal Tap   ; N/A     ; N/A          ; Licensed     ; |ksa|sld_hub:auto_hub|alt_sld_fab_with_jtag_input:\instrumentation_fabric_with_node_gen:fabric_gen_new_way:with_jtag_input_gen:instrumentation_fabric|alt_sld_fab:instrumentation_fabric|alt_sld_fab_alt_sld_fab:alt_sld_fab|alt_sld_fab_alt_sld_fab_presplit:presplit   ;                 ;
; Altera ; Signal Tap   ; N/A     ; N/A          ; Licensed     ; |ksa|sld_hub:auto_hub|alt_sld_fab_with_jtag_input:\instrumentation_fabric_with_node_gen:fabric_gen_new_way:with_jtag_input_gen:instrumentation_fabric|alt_sld_fab:instrumentation_fabric|alt_sld_fab_alt_sld_fab:alt_sld_fab|alt_sld_fab_alt_sld_fab_sldfabric:sldfabric ;                 ;
; Altera ; Signal Tap   ; N/A     ; N/A          ; Licensed     ; |ksa|sld_hub:auto_hub|alt_sld_fab_with_jtag_input:\instrumentation_fabric_with_node_gen:fabric_gen_new_way:with_jtag_input_gen:instrumentation_fabric|alt_sld_fab:instrumentation_fabric|alt_sld_fab_alt_sld_fab:alt_sld_fab|alt_sld_fab_alt_sld_fab_splitter:splitter   ;                 ;
+--------+--------------+---------+--------------+--------------+--------------------------------------------------------------------------------------------------------------------------------------------------------------------------------------------------------------------------------------------------------------------------+-----------------+


+---------------------------------------------------------------------------------------------------------------------------------------------------------------------------------+
; Registers Removed During Synthesis                                                                                                                                              ;
+----------------------------------------------------------------------------------------------------------------------------------------+----------------------------------------+
; Register name                                                                                                                          ; Reason for Removal                     ;
+----------------------------------------------------------------------------------------------------------------------------------------+----------------------------------------+
; init_s_mem:U1|data[0]                                                                                                                  ; Merged with init_s_mem:U1|addr[0]      ;
; init_s_mem:U1|data[1]                                                                                                                  ; Merged with init_s_mem:U1|addr[1]      ;
; init_s_mem:U1|data[2]                                                                                                                  ; Merged with init_s_mem:U1|addr[2]      ;
; init_s_mem:U1|data[3]                                                                                                                  ; Merged with init_s_mem:U1|addr[3]      ;
; init_s_mem:U1|data[4]                                                                                                                  ; Merged with init_s_mem:U1|addr[4]      ;
; init_s_mem:U1|data[5]                                                                                                                  ; Merged with init_s_mem:U1|addr[5]      ;
; init_s_mem:U1|data[6]                                                                                                                  ; Merged with init_s_mem:U1|addr[6]      ;
; init_s_mem:U1|data[7]                                                                                                                  ; Merged with init_s_mem:U1|addr[7]      ;
; s_memory:U0|altsyncram:altsyncram_component|altsyncram_m5b4:auto_generated|sld_mod_ram_rom:mgl_prim2|ram_rom_data_shift_cntr_reg[3]    ; Stuck at GND due to stuck port data_in ;
; ROM:U4|altsyncram:altsyncram_component|altsyncram_ejg4:auto_generated|sld_mod_ram_rom:mgl_prim2|ram_rom_data_shift_cntr_reg[3]         ; Stuck at GND due to stuck port data_in ;
; RAM_Decrypt:U5|altsyncram:altsyncram_component|altsyncram_cdb4:auto_generated|sld_mod_ram_rom:mgl_prim2|ram_rom_data_shift_cntr_reg[3] ; Stuck at GND due to stuck port data_in ;
; Total Number of Removed Registers = 11                                                                                                 ;                                        ;
+----------------------------------------------------------------------------------------------------------------------------------------+----------------------------------------+


+------------------------------------------------------+
; General Register Statistics                          ;
+----------------------------------------------+-------+
; Statistic                                    ; Value ;
+----------------------------------------------+-------+
; Total registers                              ; 481   ;
; Number of registers using Synchronous Clear  ; 210   ;
; Number of registers using Synchronous Load   ; 104   ;
; Number of registers using Asynchronous Clear ; 128   ;
; Number of registers using Asynchronous Load  ; 0     ;
; Number of registers using Clock Enable       ; 398   ;
; Number of registers using Preset             ; 0     ;
+----------------------------------------------+-------+


+-------------------------------------------------------------------------------------------------------------------------------------------------------------------------------------------------------------------------------------------------------------------------------------------------------------------------------------------+
; Inverted Register Statistics                                                                                                                                                                                                                                                                                                              ;
+---------------------------------------------------------------------------------------------------------------------------------------------------------------------------------------------------------------------------------------------------------------------------------------------------------------------------------+---------+
; Inverted Register                                                                                                                                                                                                                                                                                                               ; Fan out ;
+---------------------------------------------------------------------------------------------------------------------------------------------------------------------------------------------------------------------------------------------------------------------------------------------------------------------------------+---------+
; init_s_mem:U1|state[0]                                                                                                                                                                                                                                                                                                          ; 6       ;
; init_s_mem:U1|state[1]                                                                                                                                                                                                                                                                                                          ; 6       ;
; sld_hub:auto_hub|alt_sld_fab_with_jtag_input:\instrumentation_fabric_with_node_gen:fabric_gen_new_way:with_jtag_input_gen:instrumentation_fabric|alt_sld_fab:instrumentation_fabric|alt_sld_fab_alt_sld_fab:alt_sld_fab|alt_sld_fab_alt_sld_fab_sldfabric:sldfabric|sld_jtag_hub:\jtag_hub_gen:real_sld_jtag_hub|jtag_ir_reg[1] ; 3       ;
; sld_hub:auto_hub|alt_sld_fab_with_jtag_input:\instrumentation_fabric_with_node_gen:fabric_gen_new_way:with_jtag_input_gen:instrumentation_fabric|alt_sld_fab:instrumentation_fabric|alt_sld_fab_alt_sld_fab:alt_sld_fab|alt_sld_fab_alt_sld_fab_sldfabric:sldfabric|sld_jtag_hub:\jtag_hub_gen:real_sld_jtag_hub|jtag_ir_reg[2] ; 3       ;
; Total number of inverted registers = 4                                                                                                                                                                                                                                                                                          ;         ;
+---------------------------------------------------------------------------------------------------------------------------------------------------------------------------------------------------------------------------------------------------------------------------------------------------------------------------------+---------+


+-----------------------------------------------------------------------------------------------------------------------------------------------------------------------------------------------------------------------------------------------------------------------------------------------+
; Multiplexer Restructuring Statistics (Restructuring Performed)                                                                                                                                                                                                                                ;
+--------------------+-----------+---------------+----------------------+------------------------+------------+---------------------------------------------------------------------------------------------------------------------------------------------------------------------------------+
; Multiplexer Inputs ; Bus Width ; Baseline Area ; Area if Restructured ; Saving if Restructured ; Registered ; Example Multiplexer Output                                                                                                                                                      ;
+--------------------+-----------+---------------+----------------------+------------------------+------------+---------------------------------------------------------------------------------------------------------------------------------------------------------------------------------+
; 3:1                ; 8 bits    ; 16 LEs        ; 0 LEs                ; 16 LEs                 ; Yes        ; |ksa|s_memory:U0|altsyncram:altsyncram_component|altsyncram_m5b4:auto_generated|sld_mod_ram_rom:mgl_prim2|ram_rom_data_reg[7]                                                   ;
; 3:1                ; 4 bits    ; 8 LEs         ; 4 LEs                ; 4 LEs                  ; Yes        ; |ksa|s_memory:U0|altsyncram:altsyncram_component|altsyncram_m5b4:auto_generated|sld_mod_ram_rom:mgl_prim2|ram_rom_data_shift_cntr_reg[1]                                        ;
; 3:1                ; 8 bits    ; 16 LEs        ; 0 LEs                ; 16 LEs                 ; Yes        ; |ksa|ROM:U4|altsyncram:altsyncram_component|altsyncram_ejg4:auto_generated|sld_mod_ram_rom:mgl_prim2|ram_rom_data_reg[6]                                                        ;
; 3:1                ; 4 bits    ; 8 LEs         ; 4 LEs                ; 4 LEs                  ; Yes        ; |ksa|ROM:U4|altsyncram:altsyncram_component|altsyncram_ejg4:auto_generated|sld_mod_ram_rom:mgl_prim2|ram_rom_data_shift_cntr_reg[0]                                             ;
; 3:1                ; 8 bits    ; 16 LEs        ; 0 LEs                ; 16 LEs                 ; Yes        ; |ksa|RAM_Decrypt:U5|altsyncram:altsyncram_component|altsyncram_cdb4:auto_generated|sld_mod_ram_rom:mgl_prim2|ram_rom_data_reg[6]                                                ;
; 3:1                ; 4 bits    ; 8 LEs         ; 4 LEs                ; 4 LEs                  ; Yes        ; |ksa|RAM_Decrypt:U5|altsyncram:altsyncram_component|altsyncram_cdb4:auto_generated|sld_mod_ram_rom:mgl_prim2|ram_rom_data_shift_cntr_reg[2]                                     ;
; 3:1                ; 8 bits    ; 16 LEs        ; 0 LEs                ; 16 LEs                 ; Yes        ; |ksa|s_memory:U0|altsyncram:altsyncram_component|altsyncram_m5b4:auto_generated|sld_mod_ram_rom:mgl_prim2|ram_rom_addr_reg[0]                                                   ;
; 3:1                ; 5 bits    ; 10 LEs        ; 5 LEs                ; 5 LEs                  ; Yes        ; |ksa|ROM:U4|altsyncram:altsyncram_component|altsyncram_ejg4:auto_generated|sld_mod_ram_rom:mgl_prim2|ram_rom_addr_reg[0]                                                        ;
; 3:1                ; 5 bits    ; 10 LEs        ; 5 LEs                ; 5 LEs                  ; Yes        ; |ksa|RAM_Decrypt:U5|altsyncram:altsyncram_component|altsyncram_cdb4:auto_generated|sld_mod_ram_rom:mgl_prim2|ram_rom_addr_reg[4]                                                ;
; 4:1                ; 8 bits    ; 16 LEs        ; 0 LEs                ; 16 LEs                 ; Yes        ; |ksa|init_s_mem:U1|count[3]                                                                                                                                                     ;
; 4:1                ; 5 bits    ; 10 LEs        ; 10 LEs               ; 0 LEs                  ; Yes        ; |ksa|s_memory:U0|altsyncram:altsyncram_component|altsyncram_m5b4:auto_generated|sld_mod_ram_rom:mgl_prim2|sld_rom_sr:\ram_rom_logic_gen:name_gen:info_rom_sr|word_counter[0]    ;
; 4:1                ; 5 bits    ; 10 LEs        ; 10 LEs               ; 0 LEs                  ; Yes        ; |ksa|ROM:U4|altsyncram:altsyncram_component|altsyncram_ejg4:auto_generated|sld_mod_ram_rom:mgl_prim2|sld_rom_sr:\ram_rom_logic_gen:name_gen:info_rom_sr|word_counter[3]         ;
; 4:1                ; 5 bits    ; 10 LEs        ; 10 LEs               ; 0 LEs                  ; Yes        ; |ksa|RAM_Decrypt:U5|altsyncram:altsyncram_component|altsyncram_cdb4:auto_generated|sld_mod_ram_rom:mgl_prim2|sld_rom_sr:\ram_rom_logic_gen:name_gen:info_rom_sr|word_counter[0] ;
; 17:1               ; 2 bits    ; 22 LEs        ; 12 LEs               ; 10 LEs                 ; Yes        ; |ksa|shuffle_mem:U2|state[3]                                                                                                                                                    ;
; 10:1               ; 8 bits    ; 48 LEs        ; 0 LEs                ; 48 LEs                 ; Yes        ; |ksa|shuffle_mem:U2|sj[7]                                                                                                                                                       ;
; 10:1               ; 5 bits    ; 30 LEs        ; 5 LEs                ; 25 LEs                 ; Yes        ; |ksa|decrypter:U6|rom_addr[0]                                                                                                                                                   ;
; 11:1               ; 16 bits   ; 112 LEs       ; 0 LEs                ; 112 LEs                ; Yes        ; |ksa|shuffle_mem:U2|s_tempi[0]                                                                                                                                                  ;
; 11:1               ; 8 bits    ; 56 LEs        ; 0 LEs                ; 56 LEs                 ; Yes        ; |ksa|shuffle_mem:U2|i[0]                                                                                                                                                        ;
; 11:1               ; 8 bits    ; 56 LEs        ; 0 LEs                ; 56 LEs                 ; Yes        ; |ksa|shuffle_mem:U2|si[1]                                                                                                                                                       ;
; 33:1               ; 2 bits    ; 44 LEs        ; 28 LEs               ; 16 LEs                 ; Yes        ; |ksa|decrypter:U6|state[2]                                                                                                                                                      ;
; 33:1               ; 8 bits    ; 176 LEs       ; 0 LEs                ; 176 LEs                ; Yes        ; |ksa|decrypter:U6|temp_sq[1]                                                                                                                                                    ;
; 18:1               ; 8 bits    ; 96 LEs        ; 0 LEs                ; 96 LEs                 ; Yes        ; |ksa|decrypter:U6|sj[0]                                                                                                                                                         ;
; 12:1               ; 8 bits    ; 64 LEs        ; 0 LEs                ; 64 LEs                 ; Yes        ; |ksa|shuffle_mem:U2|s_data[5]                                                                                                                                                   ;
; 9:1                ; 8 bits    ; 48 LEs        ; 0 LEs                ; 48 LEs                 ; Yes        ; |ksa|shuffle_mem:U2|j[1]                                                                                                                                                        ;
; 19:1               ; 8 bits    ; 96 LEs        ; 0 LEs                ; 96 LEs                 ; Yes        ; |ksa|decrypter:U6|j[4]                                                                                                                                                          ;
; 19:1               ; 8 bits    ; 96 LEs        ; 0 LEs                ; 96 LEs                 ; Yes        ; |ksa|decrypter:U6|sum_si_sj[6]                                                                                                                                                  ;
; 19:1               ; 16 bits   ; 192 LEs       ; 0 LEs                ; 192 LEs                ; Yes        ; |ksa|decrypter:U6|temp_si[6]                                                                                                                                                    ;
; 19:1               ; 8 bits    ; 96 LEs        ; 0 LEs                ; 96 LEs                 ; Yes        ; |ksa|decrypter:U6|f[3]                                                                                                                                                          ;
; 19:1               ; 8 bits    ; 96 LEs        ; 0 LEs                ; 96 LEs                 ; Yes        ; |ksa|decrypter:U6|si[6]                                                                                                                                                         ;
; 12:1               ; 5 bits    ; 40 LEs        ; 10 LEs               ; 30 LEs                 ; Yes        ; |ksa|decrypter:U6|k[0]                                                                                                                                                          ;
; 19:1               ; 8 bits    ; 96 LEs        ; 0 LEs                ; 96 LEs                 ; Yes        ; |ksa|decrypter:U6|temp_decrypt[0]                                                                                                                                               ;
; 19:1               ; 13 bits   ; 156 LEs       ; 0 LEs                ; 156 LEs                ; Yes        ; |ksa|decrypter:U6|dram_data[2]                                                                                                                                                  ;
; 20:1               ; 2 bits    ; 26 LEs        ; 8 LEs                ; 18 LEs                 ; Yes        ; |ksa|shuffle_mem:U2|secret_key_sel[6]                                                                                                                                           ;
; 20:1               ; 6 bits    ; 78 LEs        ; 24 LEs               ; 54 LEs                 ; Yes        ; |ksa|shuffle_mem:U2|secret_key_sel[5]                                                                                                                                           ;
; 9:1                ; 8 bits    ; 48 LEs        ; 0 LEs                ; 48 LEs                 ; Yes        ; |ksa|shuffle_mem:U2|s_addr[6]                                                                                                                                                   ;
; 13:1               ; 8 bits    ; 64 LEs        ; 0 LEs                ; 64 LEs                 ; Yes        ; |ksa|decrypter:U6|i[2]                                                                                                                                                          ;
; 20:1               ; 8 bits    ; 104 LEs       ; 0 LEs                ; 104 LEs                ; Yes        ; |ksa|decrypter:U6|s_decrypt_data[5]                                                                                                                                             ;
; 26:1               ; 4 bits    ; 68 LEs        ; 40 LEs               ; 28 LEs                 ; Yes        ; |ksa|s_memory:U0|altsyncram:altsyncram_component|altsyncram_m5b4:auto_generated|sld_mod_ram_rom:mgl_prim2|sld_rom_sr:\ram_rom_logic_gen:name_gen:info_rom_sr|WORD_SR[0]         ;
; 26:1               ; 4 bits    ; 68 LEs        ; 52 LEs               ; 16 LEs                 ; Yes        ; |ksa|ROM:U4|altsyncram:altsyncram_component|altsyncram_ejg4:auto_generated|sld_mod_ram_rom:mgl_prim2|sld_rom_sr:\ram_rom_logic_gen:name_gen:info_rom_sr|WORD_SR[3]              ;
; 26:1               ; 4 bits    ; 68 LEs        ; 52 LEs               ; 16 LEs                 ; Yes        ; |ksa|RAM_Decrypt:U5|altsyncram:altsyncram_component|altsyncram_cdb4:auto_generated|sld_mod_ram_rom:mgl_prim2|sld_rom_sr:\ram_rom_logic_gen:name_gen:info_rom_sr|WORD_SR[1]      ;
; 17:1               ; 8 bits    ; 88 LEs        ; 16 LEs               ; 72 LEs                 ; Yes        ; |ksa|decrypter:U6|s_decrypt_addr[6]                                                                                                                                             ;
; 6:1                ; 2 bits    ; 8 LEs         ; 6 LEs                ; 2 LEs                  ; Yes        ; |ksa|init_s_mem:U1|state[1]                                                                                                                                                     ;
; 4:1                ; 16 bits   ; 32 LEs        ; 32 LEs               ; 0 LEs                  ; No         ; |ksa|data_selector:U3|Mux7                                                                                                                                                      ;
+--------------------+-----------+---------------+----------------------+------------------------+------------+---------------------------------------------------------------------------------------------------------------------------------------------------------------------------------+


+-------------------------------------------------------------------------------------------------------------------------------+
; Source assignments for s_memory:U0|altsyncram:altsyncram_component|altsyncram_m5b4:auto_generated|altsyncram_kq83:altsyncram1 ;
+---------------------------------+-------+------+------------------------------------------------------------------------------+
; Assignment                      ; Value ; From ; To                                                                           ;
+---------------------------------+-------+------+------------------------------------------------------------------------------+
; OPTIMIZE_POWER_DURING_SYNTHESIS ; OFF   ; -    ; -                                                                            ;
+---------------------------------+-------+------+------------------------------------------------------------------------------+


+--------------------------------------------------------------------------------------------------------------------------+
; Source assignments for ROM:U4|altsyncram:altsyncram_component|altsyncram_ejg4:auto_generated|altsyncram_a2h3:altsyncram1 ;
+---------------------------------+-------+------+-------------------------------------------------------------------------+
; Assignment                      ; Value ; From ; To                                                                      ;
+---------------------------------+-------+------+-------------------------------------------------------------------------+
; OPTIMIZE_POWER_DURING_SYNTHESIS ; OFF   ; -    ; -                                                                       ;
+---------------------------------+-------+------+-------------------------------------------------------------------------+


+----------------------------------------------------------------------------------------------------------------------------------+
; Source assignments for RAM_Decrypt:U5|altsyncram:altsyncram_component|altsyncram_cdb4:auto_generated|altsyncram_um83:altsyncram1 ;
+---------------------------------+-------+------+---------------------------------------------------------------------------------+
; Assignment                      ; Value ; From ; To                                                                              ;
+---------------------------------+-------+------+---------------------------------------------------------------------------------+
; OPTIMIZE_POWER_DURING_SYNTHESIS ; OFF   ; -    ; -                                                                               ;
+---------------------------------+-------+------+---------------------------------------------------------------------------------+


+------------------------------------------------------------------------------------------+
; Parameter Settings for User Entity Instance: s_memory:U0|altsyncram:altsyncram_component ;
+------------------------------------+----------------------+------------------------------+
; Parameter Name                     ; Value                ; Type                         ;
+------------------------------------+----------------------+------------------------------+
; BYTE_SIZE_BLOCK                    ; 8                    ; Untyped                      ;
; AUTO_CARRY_CHAINS                  ; ON                   ; AUTO_CARRY                   ;
; IGNORE_CARRY_BUFFERS               ; OFF                  ; IGNORE_CARRY                 ;
; AUTO_CASCADE_CHAINS                ; ON                   ; AUTO_CASCADE                 ;
; IGNORE_CASCADE_BUFFERS             ; OFF                  ; IGNORE_CASCADE               ;
; WIDTH_BYTEENA                      ; 1                    ; Untyped                      ;
; OPERATION_MODE                     ; SINGLE_PORT          ; Untyped                      ;
; WIDTH_A                            ; 8                    ; Signed Integer               ;
; WIDTHAD_A                          ; 8                    ; Signed Integer               ;
; NUMWORDS_A                         ; 256                  ; Signed Integer               ;
; OUTDATA_REG_A                      ; UNREGISTERED         ; Untyped                      ;
; ADDRESS_ACLR_A                     ; NONE                 ; Untyped                      ;
; OUTDATA_ACLR_A                     ; NONE                 ; Untyped                      ;
; WRCONTROL_ACLR_A                   ; NONE                 ; Untyped                      ;
; INDATA_ACLR_A                      ; NONE                 ; Untyped                      ;
; BYTEENA_ACLR_A                     ; NONE                 ; Untyped                      ;
; WIDTH_B                            ; 1                    ; Signed Integer               ;
; WIDTHAD_B                          ; 1                    ; Signed Integer               ;
; NUMWORDS_B                         ; 0                    ; Signed Integer               ;
; INDATA_REG_B                       ; CLOCK1               ; Untyped                      ;
; WRCONTROL_WRADDRESS_REG_B          ; CLOCK1               ; Untyped                      ;
; RDCONTROL_REG_B                    ; CLOCK1               ; Untyped                      ;
; ADDRESS_REG_B                      ; CLOCK1               ; Untyped                      ;
; OUTDATA_REG_B                      ; UNREGISTERED         ; Untyped                      ;
; BYTEENA_REG_B                      ; CLOCK1               ; Untyped                      ;
; INDATA_ACLR_B                      ; NONE                 ; Untyped                      ;
; WRCONTROL_ACLR_B                   ; NONE                 ; Untyped                      ;
; ADDRESS_ACLR_B                     ; NONE                 ; Untyped                      ;
; OUTDATA_ACLR_B                     ; NONE                 ; Untyped                      ;
; RDCONTROL_ACLR_B                   ; NONE                 ; Untyped                      ;
; BYTEENA_ACLR_B                     ; NONE                 ; Untyped                      ;
; WIDTH_BYTEENA_A                    ; 1                    ; Signed Integer               ;
; WIDTH_BYTEENA_B                    ; 1                    ; Signed Integer               ;
; RAM_BLOCK_TYPE                     ; M10K                 ; Untyped                      ;
; BYTE_SIZE                          ; 8                    ; Signed Integer               ;
; READ_DURING_WRITE_MODE_MIXED_PORTS ; DONT_CARE            ; Untyped                      ;
; READ_DURING_WRITE_MODE_PORT_A      ; NEW_DATA_NO_NBE_READ ; Untyped                      ;
; READ_DURING_WRITE_MODE_PORT_B      ; NEW_DATA_NO_NBE_READ ; Untyped                      ;
; INIT_FILE                          ; UNUSED               ; Untyped                      ;
; INIT_FILE_LAYOUT                   ; PORT_A               ; Untyped                      ;
; MAXIMUM_DEPTH                      ; 0                    ; Signed Integer               ;
; CLOCK_ENABLE_INPUT_A               ; BYPASS               ; Untyped                      ;
; CLOCK_ENABLE_INPUT_B               ; NORMAL               ; Untyped                      ;
; CLOCK_ENABLE_OUTPUT_A              ; BYPASS               ; Untyped                      ;
; CLOCK_ENABLE_OUTPUT_B              ; NORMAL               ; Untyped                      ;
; CLOCK_ENABLE_CORE_A                ; USE_INPUT_CLKEN      ; Untyped                      ;
; CLOCK_ENABLE_CORE_B                ; USE_INPUT_CLKEN      ; Untyped                      ;
; ENABLE_ECC                         ; FALSE                ; Untyped                      ;
; ECC_PIPELINE_STAGE_ENABLED         ; FALSE                ; Untyped                      ;
; WIDTH_ECCSTATUS                    ; 3                    ; Signed Integer               ;
; DEVICE_FAMILY                      ; Cyclone V            ; Untyped                      ;
; CBXI_PARAMETER                     ; altsyncram_m5b4      ; Untyped                      ;
+------------------------------------+----------------------+------------------------------+
Note: In order to hide this table in the UI and the text report file, please set the "Show Parameter Settings in Synthesis Report" option in "Analysis and Synthesis Settings -> More Settings" to "Off".


+------------------------------------------------------------------------------------------------------+
; Parameter Settings for User Entity Instance: ROM:U4|altsyncram:altsyncram_component                  ;
+------------------------------------+------------------------------------------------+----------------+
; Parameter Name                     ; Value                                          ; Type           ;
+------------------------------------+------------------------------------------------+----------------+
; BYTE_SIZE_BLOCK                    ; 8                                              ; Untyped        ;
; AUTO_CARRY_CHAINS                  ; ON                                             ; AUTO_CARRY     ;
; IGNORE_CARRY_BUFFERS               ; OFF                                            ; IGNORE_CARRY   ;
; AUTO_CASCADE_CHAINS                ; ON                                             ; AUTO_CASCADE   ;
; IGNORE_CASCADE_BUFFERS             ; OFF                                            ; IGNORE_CASCADE ;
; WIDTH_BYTEENA                      ; 1                                              ; Untyped        ;
; OPERATION_MODE                     ; ROM                                            ; Untyped        ;
; WIDTH_A                            ; 8                                              ; Signed Integer ;
; WIDTHAD_A                          ; 5                                              ; Signed Integer ;
; NUMWORDS_A                         ; 32                                             ; Signed Integer ;
; OUTDATA_REG_A                      ; UNREGISTERED                                   ; Untyped        ;
; ADDRESS_ACLR_A                     ; NONE                                           ; Untyped        ;
; OUTDATA_ACLR_A                     ; NONE                                           ; Untyped        ;
; WRCONTROL_ACLR_A                   ; NONE                                           ; Untyped        ;
; INDATA_ACLR_A                      ; NONE                                           ; Untyped        ;
; BYTEENA_ACLR_A                     ; NONE                                           ; Untyped        ;
; WIDTH_B                            ; 1                                              ; Signed Integer ;
; WIDTHAD_B                          ; 1                                              ; Signed Integer ;
; NUMWORDS_B                         ; 0                                              ; Signed Integer ;
; INDATA_REG_B                       ; CLOCK1                                         ; Untyped        ;
; WRCONTROL_WRADDRESS_REG_B          ; CLOCK1                                         ; Untyped        ;
; RDCONTROL_REG_B                    ; CLOCK1                                         ; Untyped        ;
; ADDRESS_REG_B                      ; CLOCK1                                         ; Untyped        ;
; OUTDATA_REG_B                      ; UNREGISTERED                                   ; Untyped        ;
; BYTEENA_REG_B                      ; CLOCK1                                         ; Untyped        ;
; INDATA_ACLR_B                      ; NONE                                           ; Untyped        ;
; WRCONTROL_ACLR_B                   ; NONE                                           ; Untyped        ;
; ADDRESS_ACLR_B                     ; NONE                                           ; Untyped        ;
; OUTDATA_ACLR_B                     ; NONE                                           ; Untyped        ;
; RDCONTROL_ACLR_B                   ; NONE                                           ; Untyped        ;
; BYTEENA_ACLR_B                     ; NONE                                           ; Untyped        ;
; WIDTH_BYTEENA_A                    ; 1                                              ; Signed Integer ;
; WIDTH_BYTEENA_B                    ; 1                                              ; Signed Integer ;
; RAM_BLOCK_TYPE                     ; M10K                                           ; Untyped        ;
; BYTE_SIZE                          ; 8                                              ; Signed Integer ;
; READ_DURING_WRITE_MODE_MIXED_PORTS ; DONT_CARE                                      ; Untyped        ;
; READ_DURING_WRITE_MODE_PORT_A      ; NEW_DATA_NO_NBE_READ                           ; Untyped        ;
; READ_DURING_WRITE_MODE_PORT_B      ; NEW_DATA_NO_NBE_READ                           ; Untyped        ;
; INIT_FILE                          ; ../secret_messages/msg_4_for_task3/message.mif ; Untyped        ;
; INIT_FILE_LAYOUT                   ; PORT_A                                         ; Untyped        ;
; MAXIMUM_DEPTH                      ; 0                                              ; Signed Integer ;
; CLOCK_ENABLE_INPUT_A               ; BYPASS                                         ; Untyped        ;
; CLOCK_ENABLE_INPUT_B               ; NORMAL                                         ; Untyped        ;
; CLOCK_ENABLE_OUTPUT_A              ; BYPASS                                         ; Untyped        ;
; CLOCK_ENABLE_OUTPUT_B              ; NORMAL                                         ; Untyped        ;
; CLOCK_ENABLE_CORE_A                ; USE_INPUT_CLKEN                                ; Untyped        ;
; CLOCK_ENABLE_CORE_B                ; USE_INPUT_CLKEN                                ; Untyped        ;
; ENABLE_ECC                         ; FALSE                                          ; Untyped        ;
; ECC_PIPELINE_STAGE_ENABLED         ; FALSE                                          ; Untyped        ;
; WIDTH_ECCSTATUS                    ; 3                                              ; Signed Integer ;
; DEVICE_FAMILY                      ; Cyclone V                                      ; Untyped        ;
; CBXI_PARAMETER                     ; altsyncram_ejg4                                ; Untyped        ;
+------------------------------------+------------------------------------------------+----------------+
Note: In order to hide this table in the UI and the text report file, please set the "Show Parameter Settings in Synthesis Report" option in "Analysis and Synthesis Settings -> More Settings" to "Off".


+---------------------------------------------------------------------------------------------+
; Parameter Settings for User Entity Instance: RAM_Decrypt:U5|altsyncram:altsyncram_component ;
+------------------------------------+----------------------+---------------------------------+
; Parameter Name                     ; Value                ; Type                            ;
+------------------------------------+----------------------+---------------------------------+
; BYTE_SIZE_BLOCK                    ; 8                    ; Untyped                         ;
; AUTO_CARRY_CHAINS                  ; ON                   ; AUTO_CARRY                      ;
; IGNORE_CARRY_BUFFERS               ; OFF                  ; IGNORE_CARRY                    ;
; AUTO_CASCADE_CHAINS                ; ON                   ; AUTO_CASCADE                    ;
; IGNORE_CASCADE_BUFFERS             ; OFF                  ; IGNORE_CASCADE                  ;
; WIDTH_BYTEENA                      ; 1                    ; Untyped                         ;
; OPERATION_MODE                     ; SINGLE_PORT          ; Untyped                         ;
; WIDTH_A                            ; 8                    ; Signed Integer                  ;
; WIDTHAD_A                          ; 5                    ; Signed Integer                  ;
; NUMWORDS_A                         ; 32                   ; Signed Integer                  ;
; OUTDATA_REG_A                      ; UNREGISTERED         ; Untyped                         ;
; ADDRESS_ACLR_A                     ; NONE                 ; Untyped                         ;
; OUTDATA_ACLR_A                     ; NONE                 ; Untyped                         ;
; WRCONTROL_ACLR_A                   ; NONE                 ; Untyped                         ;
; INDATA_ACLR_A                      ; NONE                 ; Untyped                         ;
; BYTEENA_ACLR_A                     ; NONE                 ; Untyped                         ;
; WIDTH_B                            ; 1                    ; Signed Integer                  ;
; WIDTHAD_B                          ; 1                    ; Signed Integer                  ;
; NUMWORDS_B                         ; 0                    ; Signed Integer                  ;
; INDATA_REG_B                       ; CLOCK1               ; Untyped                         ;
; WRCONTROL_WRADDRESS_REG_B          ; CLOCK1               ; Untyped                         ;
; RDCONTROL_REG_B                    ; CLOCK1               ; Untyped                         ;
; ADDRESS_REG_B                      ; CLOCK1               ; Untyped                         ;
; OUTDATA_REG_B                      ; UNREGISTERED         ; Untyped                         ;
; BYTEENA_REG_B                      ; CLOCK1               ; Untyped                         ;
; INDATA_ACLR_B                      ; NONE                 ; Untyped                         ;
; WRCONTROL_ACLR_B                   ; NONE                 ; Untyped                         ;
; ADDRESS_ACLR_B                     ; NONE                 ; Untyped                         ;
; OUTDATA_ACLR_B                     ; NONE                 ; Untyped                         ;
; RDCONTROL_ACLR_B                   ; NONE                 ; Untyped                         ;
; BYTEENA_ACLR_B                     ; NONE                 ; Untyped                         ;
; WIDTH_BYTEENA_A                    ; 1                    ; Signed Integer                  ;
; WIDTH_BYTEENA_B                    ; 1                    ; Signed Integer                  ;
; RAM_BLOCK_TYPE                     ; M10K                 ; Untyped                         ;
; BYTE_SIZE                          ; 8                    ; Signed Integer                  ;
; READ_DURING_WRITE_MODE_MIXED_PORTS ; DONT_CARE            ; Untyped                         ;
; READ_DURING_WRITE_MODE_PORT_A      ; NEW_DATA_NO_NBE_READ ; Untyped                         ;
; READ_DURING_WRITE_MODE_PORT_B      ; NEW_DATA_NO_NBE_READ ; Untyped                         ;
; INIT_FILE                          ; UNUSED               ; Untyped                         ;
; INIT_FILE_LAYOUT                   ; PORT_A               ; Untyped                         ;
; MAXIMUM_DEPTH                      ; 0                    ; Signed Integer                  ;
; CLOCK_ENABLE_INPUT_A               ; BYPASS               ; Untyped                         ;
; CLOCK_ENABLE_INPUT_B               ; NORMAL               ; Untyped                         ;
; CLOCK_ENABLE_OUTPUT_A              ; BYPASS               ; Untyped                         ;
; CLOCK_ENABLE_OUTPUT_B              ; NORMAL               ; Untyped                         ;
; CLOCK_ENABLE_CORE_A                ; USE_INPUT_CLKEN      ; Untyped                         ;
; CLOCK_ENABLE_CORE_B                ; USE_INPUT_CLKEN      ; Untyped                         ;
; ENABLE_ECC                         ; FALSE                ; Untyped                         ;
; ECC_PIPELINE_STAGE_ENABLED         ; FALSE                ; Untyped                         ;
; WIDTH_ECCSTATUS                    ; 3                    ; Signed Integer                  ;
; DEVICE_FAMILY                      ; Cyclone V            ; Untyped                         ;
; CBXI_PARAMETER                     ; altsyncram_cdb4      ; Untyped                         ;
+------------------------------------+----------------------+---------------------------------+
Note: In order to hide this table in the UI and the text report file, please set the "Show Parameter Settings in Synthesis Report" option in "Analysis and Synthesis Settings -> More Settings" to "Off".


+---------------------------------------------------------------------------------+
; Parameter Settings for Inferred Entity Instance: shuffle_mem:U2|lpm_divide:Mod0 ;
+------------------------+----------------+---------------------------------------+
; Parameter Name         ; Value          ; Type                                  ;
+------------------------+----------------+---------------------------------------+
; LPM_WIDTHN             ; 8              ; Untyped                               ;
; LPM_WIDTHD             ; 2              ; Untyped                               ;
; LPM_NREPRESENTATION    ; UNSIGNED       ; Untyped                               ;
; LPM_DREPRESENTATION    ; UNSIGNED       ; Untyped                               ;
; LPM_PIPELINE           ; 0              ; Untyped                               ;
; LPM_REMAINDERPOSITIVE  ; TRUE           ; Untyped                               ;
; MAXIMIZE_SPEED         ; 5              ; Untyped                               ;
; CBXI_PARAMETER         ; lpm_divide_62m ; Untyped                               ;
; CARRY_CHAIN            ; MANUAL         ; Untyped                               ;
; OPTIMIZE_FOR_SPEED     ; 5              ; Untyped                               ;
; AUTO_CARRY_CHAINS      ; ON             ; AUTO_CARRY                            ;
; IGNORE_CARRY_BUFFERS   ; OFF            ; IGNORE_CARRY                          ;
; AUTO_CASCADE_CHAINS    ; ON             ; AUTO_CASCADE                          ;
; IGNORE_CASCADE_BUFFERS ; OFF            ; IGNORE_CASCADE                        ;
+------------------------+----------------+---------------------------------------+
Note: In order to hide this table in the UI and the text report file, please set the "Show Parameter Settings in Synthesis Report" option in "Analysis and Synthesis Settings -> More Settings" to "Off".


+--------------------------------------------------------------------------------------------+
; altsyncram Parameter Settings by Entity Instance                                           ;
+-------------------------------------------+------------------------------------------------+
; Name                                      ; Value                                          ;
+-------------------------------------------+------------------------------------------------+
; Number of entity instances                ; 3                                              ;
; Entity Instance                           ; s_memory:U0|altsyncram:altsyncram_component    ;
;     -- OPERATION_MODE                     ; SINGLE_PORT                                    ;
;     -- WIDTH_A                            ; 8                                              ;
;     -- NUMWORDS_A                         ; 256                                            ;
;     -- OUTDATA_REG_A                      ; UNREGISTERED                                   ;
;     -- WIDTH_B                            ; 1                                              ;
;     -- NUMWORDS_B                         ; 0                                              ;
;     -- ADDRESS_REG_B                      ; CLOCK1                                         ;
;     -- OUTDATA_REG_B                      ; UNREGISTERED                                   ;
;     -- RAM_BLOCK_TYPE                     ; M10K                                           ;
;     -- READ_DURING_WRITE_MODE_MIXED_PORTS ; DONT_CARE                                      ;
; Entity Instance                           ; ROM:U4|altsyncram:altsyncram_component         ;
;     -- OPERATION_MODE                     ; ROM                                            ;
;     -- WIDTH_A                            ; 8                                              ;
;     -- NUMWORDS_A                         ; 32                                             ;
;     -- OUTDATA_REG_A                      ; UNREGISTERED                                   ;
;     -- WIDTH_B                            ; 1                                              ;
;     -- NUMWORDS_B                         ; 0                                              ;
;     -- ADDRESS_REG_B                      ; CLOCK1                                         ;
;     -- OUTDATA_REG_B                      ; UNREGISTERED                                   ;
;     -- RAM_BLOCK_TYPE                     ; M10K                                           ;
;     -- READ_DURING_WRITE_MODE_MIXED_PORTS ; DONT_CARE                                      ;
; Entity Instance                           ; RAM_Decrypt:U5|altsyncram:altsyncram_component ;
;     -- OPERATION_MODE                     ; SINGLE_PORT                                    ;
;     -- WIDTH_A                            ; 8                                              ;
;     -- NUMWORDS_A                         ; 32                                             ;
;     -- OUTDATA_REG_A                      ; UNREGISTERED                                   ;
;     -- WIDTH_B                            ; 1                                              ;
;     -- NUMWORDS_B                         ; 0                                              ;
;     -- ADDRESS_REG_B                      ; CLOCK1                                         ;
;     -- OUTDATA_REG_B                      ; UNREGISTERED                                   ;
;     -- RAM_BLOCK_TYPE                     ; M10K                                           ;
;     -- READ_DURING_WRITE_MODE_MIXED_PORTS ; DONT_CARE                                      ;
+-------------------------------------------+------------------------------------------------+


+----------------------------------------------------------------------------------------------------------------+
; Port Connectivity Checks: "RAM_Decrypt:U5"                                                                     ;
+------+--------+----------+-------------------------------------------------------------------------------------+
; Port ; Type   ; Severity ; Details                                                                             ;
+------+--------+----------+-------------------------------------------------------------------------------------+
; q    ; Output ; Info     ; Connected to dangling logic. Logic that only feeds a dangling port will be removed. ;
+------+--------+----------+-------------------------------------------------------------------------------------+


+------------------------------------------------------+
; Port Connectivity Checks: "shuffle_mem:U2"           ;
+--------------------+-------+----------+--------------+
; Port               ; Type  ; Severity ; Details      ;
+--------------------+-------+----------+--------------+
; secret_key[23..22] ; Input ; Info     ; Stuck at GND ;
+--------------------+-------+----------+--------------+


+-------------------------------------------------------------------------------------------------------------------------------------------+
; In-System Memory Content Editor Settings                                                                                                  ;
+----------------+-------------+-------+-------+------------+-------------------------------------------------------------------------------+
; Instance Index ; Instance ID ; Width ; Depth ; Mode       ; Hierarchy Location                                                            ;
+----------------+-------------+-------+-------+------------+-------------------------------------------------------------------------------+
; 0              ; S           ; 8     ; 256   ; Read/Write ; s_memory:U0|altsyncram:altsyncram_component|altsyncram_m5b4:auto_generated    ;
; 1              ; ROM         ; 8     ; 32    ; Read/Write ; ROM:U4|altsyncram:altsyncram_component|altsyncram_ejg4:auto_generated         ;
; 2              ; DRAM        ; 8     ; 32    ; Read/Write ; RAM_Decrypt:U5|altsyncram:altsyncram_component|altsyncram_cdb4:auto_generated ;
+----------------+-------------+-------+-------+------------+-------------------------------------------------------------------------------+


+-----------------------------------------------------+
; Post-Synthesis Netlist Statistics for Top Partition ;
+-----------------------+-----------------------------+
; Type                  ; Count                       ;
+-----------------------+-----------------------------+
; arriav_ff             ; 349                         ;
;     CLR               ; 15                          ;
;     ENA               ; 53                          ;
;     ENA CLR           ; 27                          ;
;     ENA CLR SLD       ; 8                           ;
;     ENA SCLR          ; 157                         ;
;     ENA SCLR SLD      ; 24                          ;
;     ENA SLD           ; 24                          ;
;     SCLR              ; 22                          ;
;     plain             ; 19                          ;
; arriav_lcell_comb     ; 416                         ;
;     arith             ; 97                          ;
;         0 data inputs ; 7                           ;
;         1 data inputs ; 61                          ;
;         2 data inputs ; 17                          ;
;         3 data inputs ; 7                           ;
;         4 data inputs ; 5                           ;
;     extend            ; 4                           ;
;         7 data inputs ; 4                           ;
;     normal            ; 307                         ;
;         0 data inputs ; 1                           ;
;         1 data inputs ; 6                           ;
;         2 data inputs ; 36                          ;
;         3 data inputs ; 36                          ;
;         4 data inputs ; 80                          ;
;         5 data inputs ; 87                          ;
;         6 data inputs ; 61                          ;
;     shared            ; 8                           ;
;         3 data inputs ; 8                           ;
; boundary_port         ; 148                         ;
; stratixv_ram_block    ; 24                          ;
;                       ;                             ;
; Max LUT depth         ; 10.40                       ;
; Average LUT depth     ; 1.98                        ;
+-----------------------+-----------------------------+


+-------------------------------+
; Elapsed Time Per Partition    ;
+----------------+--------------+
; Partition Name ; Elapsed Time ;
+----------------+--------------+
; Top            ; 00:00:00     ;
+----------------+--------------+


+-------------------------------+
; Analysis & Synthesis Messages ;
+-------------------------------+
Info: *******************************************************************
Info: Running Quartus Prime Analysis & Synthesis
    Info: Version 16.1.2 Build 203 01/18/2017 SJ Lite Edition
    Info: Processing started: Mon Aug 24 21:24:17 2026
Info: Command: quartus_map --read_settings_files=on --write_settings_files=off rc4 -c rc4
Warning (18236): Number of processors has not been specified which may cause overloading on shared machines.  Set the global assignment NUM_PARALLEL_PROCESSORS in your QSF to an appropriate value for best performance.
Info (20030): Parallel compilation is enabled and will use 12 of the 12 processors detected
Info (12021): Found 1 design units, including 1 entities, in source file rtl/increment_key.sv
    Info (12023): Found entity 1: increment_key File: C:/Users/2005B/OneDrive/Desktop/Courses/CPEN 311/Labs/Lab4/template_de1soc/RTL/increment_key.sv Line: 1
Info (12021): Found 1 design units, including 1 entities, in source file rtl/decrypter.sv
    Info (12023): Found entity 1: decrypter File: C:/Users/2005B/OneDrive/Desktop/Courses/CPEN 311/Labs/Lab4/template_de1soc/RTL/decrypter.sv Line: 29
Warning (10274): Verilog HDL macro warning at shuffle_mem.sv(2): overriding existing definition for macro "IDLE", which was defined in "RTL/decrypter.sv", line 2 File: C:/Users/2005B/OneDrive/Desktop/Courses/CPEN 311/Labs/Lab4/template_de1soc/RTL/shuffle_mem.sv Line: 2
Warning (10274): Verilog HDL macro warning at shuffle_mem.sv(10): overriding existing definition for macro "CHECK", which was defined in "RTL/decrypter.sv", line 23 File: C:/Users/2005B/OneDrive/Desktop/Courses/CPEN 311/Labs/Lab4/template_de1soc/RTL/shuffle_mem.sv Line: 10
Warning (10274): Verilog HDL macro warning at shuffle_mem.sv(11): overriding existing definition for macro "WAIT_SI", which was defined in "RTL/decrypter.sv", line 5 File: C:/Users/2005B/OneDrive/Desktop/Courses/CPEN 311/Labs/Lab4/template_de1soc/RTL/shuffle_mem.sv Line: 11
Warning (10274): Verilog HDL macro warning at shuffle_mem.sv(12): overriding existing definition for macro "WR_J", which was defined in "RTL/decrypter.sv", line 13 File: C:/Users/2005B/OneDrive/Desktop/Courses/CPEN 311/Labs/Lab4/template_de1soc/RTL/shuffle_mem.sv Line: 12
Warning (10274): Verilog HDL macro warning at shuffle_mem.sv(13): overriding existing definition for macro "WR_I", which was defined in "RTL/decrypter.sv", line 12 File: C:/Users/2005B/OneDrive/Desktop/Courses/CPEN 311/Labs/Lab4/template_de1soc/RTL/shuffle_mem.sv Line: 13
Warning (10274): Verilog HDL macro warning at shuffle_mem.sv(14): overriding existing definition for macro "COMPLETED", which was defined in "RTL/decrypter.sv", line 25 File: C:/Users/2005B/OneDrive/Desktop/Courses/CPEN 311/Labs/Lab4/template_de1soc/RTL/shuffle_mem.sv Line: 14
Warning (10274): Verilog HDL macro warning at shuffle_mem.sv(15): overriding existing definition for macro "WAIT_SJ", which was defined in "RTL/decrypter.sv", line 9 File: C:/Users/2005B/OneDrive/Desktop/Courses/CPEN 311/Labs/Lab4/template_de1soc/RTL/shuffle_mem.sv Line: 15
Info (12021): Found 1 design units, including 1 entities, in source file rtl/shuffle_mem.sv
    Info (12023): Found entity 1: shuffle_mem File: C:/Users/2005B/OneDrive/Desktop/Courses/CPEN 311/Labs/Lab4/template_de1soc/RTL/shuffle_mem.sv Line: 17
Warning (10274): Verilog HDL macro warning at init_s_mem.sv(2): overriding existing definition for macro "IDLE", which was defined in "RTL/decrypter.sv", line 2 File: C:/Users/2005B/OneDrive/Desktop/Courses/CPEN 311/Labs/Lab4/template_de1soc/RTL/init_s_mem.sv Line: 2
Warning (10274): Verilog HDL macro warning at init_s_mem.sv(4): overriding existing definition for macro "COMPLETED", which was defined in "RTL/decrypter.sv", line 25 File: C:/Users/2005B/OneDrive/Desktop/Courses/CPEN 311/Labs/Lab4/template_de1soc/RTL/init_s_mem.sv Line: 4
Info (12021): Found 1 design units, including 1 entities, in source file rtl/init_s_mem.sv
    Info (12023): Found entity 1: init_s_mem File: C:/Users/2005B/OneDrive/Desktop/Courses/CPEN 311/Labs/Lab4/template_de1soc/RTL/init_s_mem.sv Line: 6
Info (12021): Found 1 design units, including 1 entities, in source file rtl/data_selector.sv
    Info (12023): Found entity 1: data_selector File: C:/Users/2005B/OneDrive/Desktop/Courses/CPEN 311/Labs/Lab4/template_de1soc/RTL/data_selector.sv Line: 1
Info (12021): Found 1 design units, including 1 entities, in source file ksa.sv
    Info (12023): Found entity 1: ksa File: C:/Users/2005B/OneDrive/Desktop/Courses/CPEN 311/Labs/Lab4/template_de1soc/ksa.sv Line: 1
Info (12021): Found 2 design units, including 1 entities, in source file s_memory.vhd
    Info (12022): Found design unit 1: s_memory-SYN File: C:/Users/2005B/OneDrive/Desktop/Courses/CPEN 311/Labs/Lab4/template_de1soc/s_memory.vhd Line: 55
    Info (12023): Found entity 1: s_memory File: C:/Users/2005B/OneDrive/Desktop/Courses/CPEN 311/Labs/Lab4/template_de1soc/s_memory.vhd Line: 43
Info (12021): Found 2 design units, including 1 entities, in source file rom.vhd
    Info (12022): Found design unit 1: rom-SYN File: C:/Users/2005B/OneDrive/Desktop/Courses/CPEN 311/Labs/Lab4/template_de1soc/ROM.vhd Line: 53
    Info (12023): Found entity 1: ROM File: C:/Users/2005B/OneDrive/Desktop/Courses/CPEN 311/Labs/Lab4/template_de1soc/ROM.vhd Line: 43
Info (12021): Found 2 design units, including 1 entities, in source file ram_decrypt.vhd
    Info (12022): Found design unit 1: ram_decrypt-SYN File: C:/Users/2005B/OneDrive/Desktop/Courses/CPEN 311/Labs/Lab4/template_de1soc/RAM_Decrypt.vhd Line: 55
    Info (12023): Found entity 1: RAM_Decrypt File: C:/Users/2005B/OneDrive/Desktop/Courses/CPEN 311/Labs/Lab4/template_de1soc/RAM_Decrypt.vhd Line: 43
Info (12127): Elaborating entity "ksa" for the top level hierarchy
Info (12128): Elaborating entity "s_memory" for hierarchy "s_memory:U0" File: C:/Users/2005B/OneDrive/Desktop/Courses/CPEN 311/Labs/Lab4/template_de1soc/ksa.sv Line: 35
Info (12128): Elaborating entity "altsyncram" for hierarchy "s_memory:U0|altsyncram:altsyncram_component" File: C:/Users/2005B/OneDrive/Desktop/Courses/CPEN 311/Labs/Lab4/template_de1soc/s_memory.vhd Line: 62
Info (12130): Elaborated megafunction instantiation "s_memory:U0|altsyncram:altsyncram_component" File: C:/Users/2005B/OneDrive/Desktop/Courses/CPEN 311/Labs/Lab4/template_de1soc/s_memory.vhd Line: 62
Info (12133): Instantiated megafunction "s_memory:U0|altsyncram:altsyncram_component" with the following parameter: File: C:/Users/2005B/OneDrive/Desktop/Courses/CPEN 311/Labs/Lab4/template_de1soc/s_memory.vhd Line: 62
    Info (12134): Parameter "address_aclr_a" = "UNUSED"
    Info (12134): Parameter "address_aclr_b" = "NONE"
    Info (12134): Parameter "address_reg_b" = "CLOCK1"
    Info (12134): Parameter "byte_size" = "8"
    Info (12134): Parameter "byteena_aclr_a" = "UNUSED"
    Info (12134): Parameter "byteena_aclr_b" = "NONE"
    Info (12134): Parameter "byteena_reg_b" = "CLOCK1"
    Info (12134): Parameter "clock_enable_core_a" = "USE_INPUT_CLKEN"
    Info (12134): Parameter "clock_enable_core_b" = "USE_INPUT_CLKEN"
    Info (12134): Parameter "clock_enable_input_a" = "BYPASS"
    Info (12134): Parameter "clock_enable_input_b" = "NORMAL"
    Info (12134): Parameter "clock_enable_output_a" = "BYPASS"
    Info (12134): Parameter "clock_enable_output_b" = "NORMAL"
    Info (12134): Parameter "intended_device_family" = "Cyclone V"
    Info (12134): Parameter "ecc_pipeline_stage_enabled" = "FALSE"
    Info (12134): Parameter "enable_ecc" = "FALSE"
    Info (12134): Parameter "implement_in_les" = "OFF"
    Info (12134): Parameter "indata_aclr_a" = "UNUSED"
    Info (12134): Parameter "indata_aclr_b" = "NONE"
    Info (12134): Parameter "indata_reg_b" = "CLOCK1"
    Info (12134): Parameter "init_file" = "UNUSED"
    Info (12134): Parameter "init_file_layout" = "PORT_A"
    Info (12134): Parameter "maximum_depth" = "0"
    Info (12134): Parameter "numwords_a" = "256"
    Info (12134): Parameter "numwords_b" = "0"
    Info (12134): Parameter "operation_mode" = "SINGLE_PORT"
    Info (12134): Parameter "outdata_aclr_a" = "NONE"
    Info (12134): Parameter "outdata_aclr_b" = "NONE"
    Info (12134): Parameter "outdata_reg_a" = "UNREGISTERED"
    Info (12134): Parameter "outdata_reg_b" = "UNREGISTERED"
    Info (12134): Parameter "power_up_uninitialized" = "FALSE"
    Info (12134): Parameter "ram_block_type" = "M10K"
    Info (12134): Parameter "rdcontrol_aclr_b" = "NONE"
    Info (12134): Parameter "rdcontrol_reg_b" = "CLOCK1"
    Info (12134): Parameter "read_during_write_mode_mixed_ports" = "DONT_CARE"
    Info (12134): Parameter "read_during_write_mode_port_a" = "NEW_DATA_NO_NBE_READ"
    Info (12134): Parameter "read_during_write_mode_port_b" = "NEW_DATA_NO_NBE_READ"
    Info (12134): Parameter "stratixiv_m144k_allow_dual_clocks" = "ON"
    Info (12134): Parameter "width_a" = "8"
    Info (12134): Parameter "width_b" = "1"
    Info (12134): Parameter "width_byteena_a" = "1"
    Info (12134): Parameter "width_byteena_b" = "1"
    Info (12134): Parameter "width_eccstatus" = "3"
    Info (12134): Parameter "widthad_a" = "8"
    Info (12134): Parameter "widthad_b" = "1"
    Info (12134): Parameter "wrcontrol_aclr_a" = "UNUSED"
    Info (12134): Parameter "wrcontrol_aclr_b" = "NONE"
    Info (12134): Parameter "wrcontrol_wraddress_reg_b" = "CLOCK1"
    Info (12134): Parameter "lpm_hint" = "ENABLE_RUNTIME_MOD=YES,INSTANCE_NAME=S"
    Info (12134): Parameter "lpm_type" = "altsyncram"
Info (12021): Found 1 design units, including 1 entities, in source file db/altsyncram_m5b4.tdf
    Info (12023): Found entity 1: altsyncram_m5b4 File: C:/Users/2005B/OneDrive/Desktop/Courses/CPEN 311/Labs/Lab4/template_de1soc/db/altsyncram_m5b4.tdf Line: 28
Info (12128): Elaborating entity "altsyncram_m5b4" for hierarchy "s_memory:U0|altsyncram:altsyncram_component|altsyncram_m5b4:auto_generated" File: c:/intelfpga_lite/16.1/quartus/libraries/megafunctions/altsyncram.tdf Line: 792
Info (12021): Found 1 design units, including 1 entities, in source file db/altsyncram_kq83.tdf
    Info (12023): Found entity 1: altsyncram_kq83 File: C:/Users/2005B/OneDrive/Desktop/Courses/CPEN 311/Labs/Lab4/template_de1soc/db/altsyncram_kq83.tdf Line: 28
Info (12128): Elaborating entity "altsyncram_kq83" for hierarchy "s_memory:U0|altsyncram:altsyncram_component|altsyncram_m5b4:auto_generated|altsyncram_kq83:altsyncram1" File: C:/Users/2005B/OneDrive/Desktop/Courses/CPEN 311/Labs/Lab4/template_de1soc/db/altsyncram_m5b4.tdf Line: 37
Info (12128): Elaborating entity "sld_mod_ram_rom" for hierarchy "s_memory:U0|altsyncram:altsyncram_component|altsyncram_m5b4:auto_generated|sld_mod_ram_rom:mgl_prim2" File: C:/Users/2005B/OneDrive/Desktop/Courses/CPEN 311/Labs/Lab4/template_de1soc/db/altsyncram_m5b4.tdf Line: 38
Info (12130): Elaborated megafunction instantiation "s_memory:U0|altsyncram:altsyncram_component|altsyncram_m5b4:auto_generated|sld_mod_ram_rom:mgl_prim2" File: C:/Users/2005B/OneDrive/Desktop/Courses/CPEN 311/Labs/Lab4/template_de1soc/db/altsyncram_m5b4.tdf Line: 38
Info (12133): Instantiated megafunction "s_memory:U0|altsyncram:altsyncram_component|altsyncram_m5b4:auto_generated|sld_mod_ram_rom:mgl_prim2" with the following parameter: File: C:/Users/2005B/OneDrive/Desktop/Courses/CPEN 311/Labs/Lab4/template_de1soc/db/altsyncram_m5b4.tdf Line: 38
    Info (12134): Parameter "CVALUE" = "00000000"
    Info (12134): Parameter "IS_DATA_IN_RAM" = "1"
    Info (12134): Parameter "IS_READABLE" = "1"
    Info (12134): Parameter "NODE_NAME" = "1392508928"
    Info (12134): Parameter "NUMWORDS" = "256"
    Info (12134): Parameter "SHIFT_COUNT_BITS" = "4"
    Info (12134): Parameter "WIDTH_WORD" = "8"
    Info (12134): Parameter "WIDTHAD" = "8"
Info (12128): Elaborating entity "sld_jtag_endpoint_adapter" for hierarchy "s_memory:U0|altsyncram:altsyncram_component|altsyncram_m5b4:auto_generated|sld_mod_ram_rom:mgl_prim2|sld_jtag_endpoint_adapter:jtag_signal_adapter" File: c:/intelfpga_lite/16.1/quartus/libraries/megafunctions/sld_mod_ram_rom.vhd Line: 302
Info (12128): Elaborating entity "sld_jtag_endpoint_adapter_impl" for hierarchy "s_memory:U0|altsyncram:altsyncram_component|altsyncram_m5b4:auto_generated|sld_mod_ram_rom:mgl_prim2|sld_jtag_endpoint_adapter:jtag_signal_adapter|sld_jtag_endpoint_adapter_impl:sld_jtag_endpoint_adapter_impl_inst" File: c:/intelfpga_lite/16.1/quartus/libraries/megafunctions/sld_jtag_endpoint_adapter.vhd Line: 232
Info (12128): Elaborating entity "sld_rom_sr" for hierarchy "s_memory:U0|altsyncram:altsyncram_component|altsyncram_m5b4:auto_generated|sld_mod_ram_rom:mgl_prim2|sld_rom_sr:\ram_rom_logic_gen:name_gen:info_rom_sr" File: c:/intelfpga_lite/16.1/quartus/libraries/megafunctions/sld_mod_ram_rom.vhd Line: 828
Info (12128): Elaborating entity "init_s_mem" for hierarchy "init_s_mem:U1" File: C:/Users/2005B/OneDrive/Desktop/Courses/CPEN 311/Labs/Lab4/template_de1soc/ksa.sv Line: 45
Warning (10230): Verilog HDL assignment warning at init_s_mem.sv(50): truncated value with size 32 to match size of target (8) File: C:/Users/2005B/OneDrive/Desktop/Courses/CPEN 311/Labs/Lab4/template_de1soc/RTL/init_s_mem.sv Line: 50
Info (12128): Elaborating entity "shuffle_mem" for hierarchy "shuffle_mem:U2" File: C:/Users/2005B/OneDrive/Desktop/Courses/CPEN 311/Labs/Lab4/template_de1soc/ksa.sv Line: 57
Warning (10230): Verilog HDL assignment warning at shuffle_mem.sv(151): truncated value with size 32 to match size of target (8) File: C:/Users/2005B/OneDrive/Desktop/Courses/CPEN 311/Labs/Lab4/template_de1soc/RTL/shuffle_mem.sv Line: 151
Info (12128): Elaborating entity "data_selector" for hierarchy "data_selector:U3" File: C:/Users/2005B/OneDrive/Desktop/Courses/CPEN 311/Labs/Lab4/template_de1soc/ksa.sv Line: 74
Info (12128): Elaborating entity "ROM" for hierarchy "ROM:U4" File: C:/Users/2005B/OneDrive/Desktop/Courses/CPEN 311/Labs/Lab4/template_de1soc/ksa.sv Line: 80
Info (12128): Elaborating entity "altsyncram" for hierarchy "ROM:U4|altsyncram:altsyncram_component" File: C:/Users/2005B/OneDrive/Desktop/Courses/CPEN 311/Labs/Lab4/template_de1soc/ROM.vhd Line: 60
Info (12130): Elaborated megafunction instantiation "ROM:U4|altsyncram:altsyncram_component" File: C:/Users/2005B/OneDrive/Desktop/Courses/CPEN 311/Labs/Lab4/template_de1soc/ROM.vhd Line: 60
Info (12133): Instantiated megafunction "ROM:U4|altsyncram:altsyncram_component" with the following parameter: File: C:/Users/2005B/OneDrive/Desktop/Courses/CPEN 311/Labs/Lab4/template_de1soc/ROM.vhd Line: 60
    Info (12134): Parameter "address_aclr_a" = "NONE"
    Info (12134): Parameter "address_aclr_b" = "NONE"
    Info (12134): Parameter "address_reg_b" = "CLOCK1"
    Info (12134): Parameter "byte_size" = "8"
    Info (12134): Parameter "byteena_aclr_a" = "UNUSED"
    Info (12134): Parameter "byteena_aclr_b" = "NONE"
    Info (12134): Parameter "byteena_reg_b" = "CLOCK1"
    Info (12134): Parameter "clock_enable_core_a" = "USE_INPUT_CLKEN"
    Info (12134): Parameter "clock_enable_core_b" = "USE_INPUT_CLKEN"
    Info (12134): Parameter "clock_enable_input_a" = "BYPASS"
    Info (12134): Parameter "clock_enable_input_b" = "NORMAL"
    Info (12134): Parameter "clock_enable_output_a" = "BYPASS"
    Info (12134): Parameter "clock_enable_output_b" = "NORMAL"
    Info (12134): Parameter "intended_device_family" = "Cyclone V"
    Info (12134): Parameter "ecc_pipeline_stage_enabled" = "FALSE"
    Info (12134): Parameter "enable_ecc" = "FALSE"
    Info (12134): Parameter "implement_in_les" = "OFF"
    Info (12134): Parameter "indata_aclr_a" = "UNUSED"
    Info (12134): Parameter "indata_aclr_b" = "NONE"
    Info (12134): Parameter "indata_reg_b" = "CLOCK1"
    Info (12134): Parameter "init_file" = "../secret_messages/msg_4_for_task3/message.mif"
    Info (12134): Parameter "init_file_layout" = "PORT_A"
    Info (12134): Parameter "maximum_depth" = "0"
    Info (12134): Parameter "numwords_a" = "32"
    Info (12134): Parameter "numwords_b" = "0"
    Info (12134): Parameter "operation_mode" = "ROM"
    Info (12134): Parameter "outdata_aclr_a" = "NONE"
    Info (12134): Parameter "outdata_aclr_b" = "NONE"
    Info (12134): Parameter "outdata_reg_a" = "UNREGISTERED"
    Info (12134): Parameter "outdata_reg_b" = "UNREGISTERED"
    Info (12134): Parameter "power_up_uninitialized" = "FALSE"
    Info (12134): Parameter "ram_block_type" = "M10K"
    Info (12134): Parameter "rdcontrol_aclr_b" = "NONE"
    Info (12134): Parameter "rdcontrol_reg_b" = "CLOCK1"
    Info (12134): Parameter "read_during_write_mode_mixed_ports" = "DONT_CARE"
    Info (12134): Parameter "read_during_write_mode_port_a" = "NEW_DATA_NO_NBE_READ"
    Info (12134): Parameter "read_during_write_mode_port_b" = "NEW_DATA_NO_NBE_READ"
    Info (12134): Parameter "stratixiv_m144k_allow_dual_clocks" = "ON"
    Info (12134): Parameter "width_a" = "8"
    Info (12134): Parameter "width_b" = "1"
    Info (12134): Parameter "width_byteena_a" = "1"
    Info (12134): Parameter "width_byteena_b" = "1"
    Info (12134): Parameter "width_eccstatus" = "3"
    Info (12134): Parameter "widthad_a" = "5"
    Info (12134): Parameter "widthad_b" = "1"
    Info (12134): Parameter "wrcontrol_aclr_a" = "UNUSED"
    Info (12134): Parameter "wrcontrol_aclr_b" = "NONE"
    Info (12134): Parameter "wrcontrol_wraddress_reg_b" = "CLOCK1"
    Info (12134): Parameter "lpm_hint" = "ENABLE_RUNTIME_MOD=YES,INSTANCE_NAME=ROM"
    Info (12134): Parameter "lpm_type" = "altsyncram"
Info (12021): Found 1 design units, including 1 entities, in source file db/altsyncram_ejg4.tdf
    Info (12023): Found entity 1: altsyncram_ejg4 File: C:/Users/2005B/OneDrive/Desktop/Courses/CPEN 311/Labs/Lab4/template_de1soc/db/altsyncram_ejg4.tdf Line: 28
Info (12128): Elaborating entity "altsyncram_ejg4" for hierarchy "ROM:U4|altsyncram:altsyncram_component|altsyncram_ejg4:auto_generated" File: c:/intelfpga_lite/16.1/quartus/libraries/megafunctions/altsyncram.tdf Line: 792
Info (12021): Found 1 design units, including 1 entities, in source file db/altsyncram_a2h3.tdf
    Info (12023): Found entity 1: altsyncram_a2h3 File: C:/Users/2005B/OneDrive/Desktop/Courses/CPEN 311/Labs/Lab4/template_de1soc/db/altsyncram_a2h3.tdf Line: 28
Info (12128): Elaborating entity "altsyncram_a2h3" for hierarchy "ROM:U4|altsyncram:altsyncram_component|altsyncram_ejg4:auto_generated|altsyncram_a2h3:altsyncram1" File: C:/Users/2005B/OneDrive/Desktop/Courses/CPEN 311/Labs/Lab4/template_de1soc/db/altsyncram_ejg4.tdf Line: 35
Info (12128): Elaborating entity "sld_mod_ram_rom" for hierarchy "ROM:U4|altsyncram:altsyncram_component|altsyncram_ejg4:auto_generated|sld_mod_ram_rom:mgl_prim2" File: C:/Users/2005B/OneDrive/Desktop/Courses/CPEN 311/Labs/Lab4/template_de1soc/db/altsyncram_ejg4.tdf Line: 36
Info (12130): Elaborated megafunction instantiation "ROM:U4|altsyncram:altsyncram_component|altsyncram_ejg4:auto_generated|sld_mod_ram_rom:mgl_prim2" File: C:/Users/2005B/OneDrive/Desktop/Courses/CPEN 311/Labs/Lab4/template_de1soc/db/altsyncram_ejg4.tdf Line: 36
Info (12133): Instantiated megafunction "ROM:U4|altsyncram:altsyncram_component|altsyncram_ejg4:auto_generated|sld_mod_ram_rom:mgl_prim2" with the following parameter: File: C:/Users/2005B/OneDrive/Desktop/Courses/CPEN 311/Labs/Lab4/template_de1soc/db/altsyncram_ejg4.tdf Line: 36
    Info (12134): Parameter "CVALUE" = "00000000"
    Info (12134): Parameter "IS_DATA_IN_RAM" = "1"
    Info (12134): Parameter "IS_READABLE" = "1"
    Info (12134): Parameter "NODE_NAME" = "1380928768"
    Info (12134): Parameter "NUMWORDS" = "32"
    Info (12134): Parameter "SHIFT_COUNT_BITS" = "4"
    Info (12134): Parameter "WIDTH_WORD" = "8"
    Info (12134): Parameter "WIDTHAD" = "5"
Info (12128): Elaborating entity "RAM_Decrypt" for hierarchy "RAM_Decrypt:U5" File: C:/Users/2005B/OneDrive/Desktop/Courses/CPEN 311/Labs/Lab4/template_de1soc/ksa.sv Line: 88
Info (12128): Elaborating entity "altsyncram" for hierarchy "RAM_Decrypt:U5|altsyncram:altsyncram_component" File: C:/Users/2005B/OneDrive/Desktop/Courses/CPEN 311/Labs/Lab4/template_de1soc/RAM_Decrypt.vhd Line: 62
Info (12130): Elaborated megafunction instantiation "RAM_Decrypt:U5|altsyncram:altsyncram_component" File: C:/Users/2005B/OneDrive/Desktop/Courses/CPEN 311/Labs/Lab4/template_de1soc/RAM_Decrypt.vhd Line: 62
Info (12133): Instantiated megafunction "RAM_Decrypt:U5|altsyncram:altsyncram_component" with the following parameter: File: C:/Users/2005B/OneDrive/Desktop/Courses/CPEN 311/Labs/Lab4/template_de1soc/RAM_Decrypt.vhd Line: 62
    Info (12134): Parameter "address_aclr_a" = "UNUSED"
    Info (12134): Parameter "address_aclr_b" = "NONE"
    Info (12134): Parameter "address_reg_b" = "CLOCK1"
    Info (12134): Parameter "byte_size" = "8"
    Info (12134): Parameter "byteena_aclr_a" = "UNUSED"
    Info (12134): Parameter "byteena_aclr_b" = "NONE"
    Info (12134): Parameter "byteena_reg_b" = "CLOCK1"
    Info (12134): Parameter "clock_enable_core_a" = "USE_INPUT_CLKEN"
    Info (12134): Parameter "clock_enable_core_b" = "USE_INPUT_CLKEN"
    Info (12134): Parameter "clock_enable_input_a" = "BYPASS"
    Info (12134): Parameter "clock_enable_input_b" = "NORMAL"
    Info (12134): Parameter "clock_enable_output_a" = "BYPASS"
    Info (12134): Parameter "clock_enable_output_b" = "NORMAL"
    Info (12134): Parameter "intended_device_family" = "Cyclone V"
    Info (12134): Parameter "ecc_pipeline_stage_enabled" = "FALSE"
    Info (12134): Parameter "enable_ecc" = "FALSE"
    Info (12134): Parameter "implement_in_les" = "OFF"
    Info (12134): Parameter "indata_aclr_a" = "UNUSED"
    Info (12134): Parameter "indata_aclr_b" = "NONE"
    Info (12134): Parameter "indata_reg_b" = "CLOCK1"
    Info (12134): Parameter "init_file" = "UNUSED"
    Info (12134): Parameter "init_file_layout" = "PORT_A"
    Info (12134): Parameter "maximum_depth" = "0"
    Info (12134): Parameter "numwords_a" = "32"
    Info (12134): Parameter "numwords_b" = "0"
    Info (12134): Parameter "operation_mode" = "SINGLE_PORT"
    Info (12134): Parameter "outdata_aclr_a" = "NONE"
    Info (12134): Parameter "outdata_aclr_b" = "NONE"
    Info (12134): Parameter "outdata_reg_a" = "UNREGISTERED"
    Info (12134): Parameter "outdata_reg_b" = "UNREGISTERED"
    Info (12134): Parameter "power_up_uninitialized" = "FALSE"
    Info (12134): Parameter "ram_block_type" = "M10K"
    Info (12134): Parameter "rdcontrol_aclr_b" = "NONE"
    Info (12134): Parameter "rdcontrol_reg_b" = "CLOCK1"
    Info (12134): Parameter "read_during_write_mode_mixed_ports" = "DONT_CARE"
    Info (12134): Parameter "read_during_write_mode_port_a" = "NEW_DATA_NO_NBE_READ"
    Info (12134): Parameter "read_during_write_mode_port_b" = "NEW_DATA_NO_NBE_READ"
    Info (12134): Parameter "stratixiv_m144k_allow_dual_clocks" = "ON"
    Info (12134): Parameter "width_a" = "8"
    Info (12134): Parameter "width_b" = "1"
    Info (12134): Parameter "width_byteena_a" = "1"
    Info (12134): Parameter "width_byteena_b" = "1"
    Info (12134): Parameter "width_eccstatus" = "3"
    Info (12134): Parameter "widthad_a" = "5"
    Info (12134): Parameter "widthad_b" = "1"
    Info (12134): Parameter "wrcontrol_aclr_a" = "UNUSED"
    Info (12134): Parameter "wrcontrol_aclr_b" = "NONE"
    Info (12134): Parameter "wrcontrol_wraddress_reg_b" = "CLOCK1"
    Info (12134): Parameter "lpm_hint" = "ENABLE_RUNTIME_MOD=YES,INSTANCE_NAME=DRAM"
    Info (12134): Parameter "lpm_type" = "altsyncram"
Info (12021): Found 1 design units, including 1 entities, in source file db/altsyncram_cdb4.tdf
    Info (12023): Found entity 1: altsyncram_cdb4 File: C:/Users/2005B/OneDrive/Desktop/Courses/CPEN 311/Labs/Lab4/template_de1soc/db/altsyncram_cdb4.tdf Line: 28
Info (12128): Elaborating entity "altsyncram_cdb4" for hierarchy "RAM_Decrypt:U5|altsyncram:altsyncram_component|altsyncram_cdb4:auto_generated" File: c:/intelfpga_lite/16.1/quartus/libraries/megafunctions/altsyncram.tdf Line: 792
Info (12021): Found 1 design units, including 1 entities, in source file db/altsyncram_um83.tdf
    Info (12023): Found entity 1: altsyncram_um83 File: C:/Users/2005B/OneDrive/Desktop/Courses/CPEN 311/Labs/Lab4/template_de1soc/db/altsyncram_um83.tdf Line: 28
Info (12128): Elaborating entity "altsyncram_um83" for hierarchy "RAM_Decrypt:U5|altsyncram:altsyncram_component|altsyncram_cdb4:auto_generated|altsyncram_um83:altsyncram1" File: C:/Users/2005B/OneDrive/Desktop/Courses/CPEN 311/Labs/Lab4/template_de1soc/db/altsyncram_cdb4.tdf Line: 37
Info (12128): Elaborating entity "sld_mod_ram_rom" for hierarchy "RAM_Decrypt:U5|altsyncram:altsyncram_component|altsyncram_cdb4:auto_generated|sld_mod_ram_rom:mgl_prim2" File: C:/Users/2005B/OneDrive/Desktop/Courses/CPEN 311/Labs/Lab4/template_de1soc/db/altsyncram_cdb4.tdf Line: 38
Info (12130): Elaborated megafunction instantiation "RAM_Decrypt:U5|altsyncram:altsyncram_component|altsyncram_cdb4:auto_generated|sld_mod_ram_rom:mgl_prim2" File: C:/Users/2005B/OneDrive/Desktop/Courses/CPEN 311/Labs/Lab4/template_de1soc/db/altsyncram_cdb4.tdf Line: 38
Info (12133): Instantiated megafunction "RAM_Decrypt:U5|altsyncram:altsyncram_component|altsyncram_cdb4:auto_generated|sld_mod_ram_rom:mgl_prim2" with the following parameter: File: C:/Users/2005B/OneDrive/Desktop/Courses/CPEN 311/Labs/Lab4/template_de1soc/db/altsyncram_cdb4.tdf Line: 38
    Info (12134): Parameter "CVALUE" = "00000000"
    Info (12134): Parameter "IS_DATA_IN_RAM" = "1"
    Info (12134): Parameter "IS_READABLE" = "1"
    Info (12134): Parameter "NODE_NAME" = "1146241357"
    Info (12134): Parameter "NUMWORDS" = "32"
    Info (12134): Parameter "SHIFT_COUNT_BITS" = "4"
    Info (12134): Parameter "WIDTH_WORD" = "8"
    Info (12134): Parameter "WIDTHAD" = "5"
Info (12128): Elaborating entity "decrypter" for hierarchy "decrypter:U6" File: C:/Users/2005B/OneDrive/Desktop/Courses/CPEN 311/Labs/Lab4/template_de1soc/ksa.sv Line: 105
Warning (10230): Verilog HDL assignment warning at decrypter.sv(165): truncated value with size 32 to match size of target (8) File: C:/Users/2005B/OneDrive/Desktop/Courses/CPEN 311/Labs/Lab4/template_de1soc/RTL/decrypter.sv Line: 165
Warning (10230): Verilog HDL assignment warning at decrypter.sv(238): truncated value with size 32 to match size of target (5) File: C:/Users/2005B/OneDrive/Desktop/Courses/CPEN 311/Labs/Lab4/template_de1soc/RTL/decrypter.sv Line: 238
Info (12128): Elaborating entity "increment_key" for hierarchy "increment_key:U7" File: C:/Users/2005B/OneDrive/Desktop/Courses/CPEN 311/Labs/Lab4/template_de1soc/ksa.sv Line: 112
Warning (10230): Verilog HDL assignment warning at increment_key.sv(10): truncated value with size 32 to match size of target (22) File: C:/Users/2005B/OneDrive/Desktop/Courses/CPEN 311/Labs/Lab4/template_de1soc/RTL/increment_key.sv Line: 10
Warning (12125): Using design file sevensegmentdisplaydecoder.sv, which is not specified as a design file for the current project, but contains definitions for 1 design units and 1 entities in project
    Info (12023): Found entity 1: SevenSegmentDisplayDecoder File: C:/Users/2005B/OneDrive/Desktop/Courses/CPEN 311/Labs/Lab4/template_de1soc/sevensegmentdisplaydecoder.sv Line: 1
Info (12128): Elaborating entity "SevenSegmentDisplayDecoder" for hierarchy "SevenSegmentDisplayDecoder:ssHEX0" File: C:/Users/2005B/OneDrive/Desktop/Courses/CPEN 311/Labs/Lab4/template_de1soc/ksa.sv Line: 117
Info (11170): Starting IP generation for the debug fabric: alt_sld_fab.
Info (11172): 2026.08.24.21:24:26 Progress: Loading sld73f98f60/alt_sld_fab_wrapper_hw.tcl
Info (11172): Alt_sld_fab.alt_sld_fab: SLD fabric agents which did not specify prefer_host were connected to JTAG
Info (11172): Alt_sld_fab: Generating alt_sld_fab "alt_sld_fab" for QUARTUS_SYNTH
Info (11172): Alt_sld_fab: "alt_sld_fab" instantiated alt_sld_fab "alt_sld_fab"
Info (11172): Presplit: "alt_sld_fab" instantiated altera_super_splitter "presplit"
Info (11172): Splitter: "alt_sld_fab" instantiated altera_sld_splitter "splitter"
Info (11172): Sldfabric: "alt_sld_fab" instantiated altera_sld_jtag_hub "sldfabric"
Info (11172): Ident: "alt_sld_fab" instantiated altera_connection_identification_hub "ident"
Info (11172): Alt_sld_fab: Done "alt_sld_fab" with 6 modules, 6 files
Info (11171): Finished IP generation for the debug fabric: alt_sld_fab.
Info (12021): Found 1 design units, including 1 entities, in source file db/ip/sld73f98f60/alt_sld_fab.v
    Info (12023): Found entity 1: alt_sld_fab File: C:/Users/2005B/OneDrive/Desktop/Courses/CPEN 311/Labs/Lab4/template_de1soc/db/ip/sld73f98f60/alt_sld_fab.v Line: 9
Info (12021): Found 1 design units, including 1 entities, in source file db/ip/sld73f98f60/submodules/alt_sld_fab_alt_sld_fab.v
    Info (12023): Found entity 1: alt_sld_fab_alt_sld_fab File: C:/Users/2005B/OneDrive/Desktop/Courses/CPEN 311/Labs/Lab4/template_de1soc/db/ip/sld73f98f60/submodules/alt_sld_fab_alt_sld_fab.v Line: 9
Info (12021): Found 1 design units, including 1 entities, in source file db/ip/sld73f98f60/submodules/alt_sld_fab_alt_sld_fab_ident.sv
    Info (12023): Found entity 1: alt_sld_fab_alt_sld_fab_ident File: C:/Users/2005B/OneDrive/Desktop/Courses/CPEN 311/Labs/Lab4/template_de1soc/db/ip/sld73f98f60/submodules/alt_sld_fab_alt_sld_fab_ident.sv Line: 33
Info (12021): Found 1 design units, including 1 entities, in source file db/ip/sld73f98f60/submodules/alt_sld_fab_alt_sld_fab_presplit.sv
    Info (12023): Found entity 1: alt_sld_fab_alt_sld_fab_presplit File: C:/Users/2005B/OneDrive/Desktop/Courses/CPEN 311/Labs/Lab4/template_de1soc/db/ip/sld73f98f60/submodules/alt_sld_fab_alt_sld_fab_presplit.sv Line: 3
Info (12021): Found 2 design units, including 1 entities, in source file db/ip/sld73f98f60/submodules/alt_sld_fab_alt_sld_fab_sldfabric.vhd
    Info (12022): Found design unit 1: alt_sld_fab_alt_sld_fab_sldfabric-rtl File: C:/Users/2005B/OneDrive/Desktop/Courses/CPEN 311/Labs/Lab4/template_de1soc/db/ip/sld73f98f60/submodules/alt_sld_fab_alt_sld_fab_sldfabric.vhd Line: 182
    Info (12023): Found entity 1: alt_sld_fab_alt_sld_fab_sldfabric File: C:/Users/2005B/OneDrive/Desktop/Courses/CPEN 311/Labs/Lab4/template_de1soc/db/ip/sld73f98f60/submodules/alt_sld_fab_alt_sld_fab_sldfabric.vhd Line: 11
Info (12021): Found 1 design units, including 1 entities, in source file db/ip/sld73f98f60/submodules/alt_sld_fab_alt_sld_fab_splitter.sv
    Info (12023): Found entity 1: alt_sld_fab_alt_sld_fab_splitter File: C:/Users/2005B/OneDrive/Desktop/Courses/CPEN 311/Labs/Lab4/template_de1soc/db/ip/sld73f98f60/submodules/alt_sld_fab_alt_sld_fab_splitter.sv Line: 3
Info (278001): Inferred 1 megafunctions from design logic
    Info (278004): Inferred divider/modulo megafunction ("lpm_divide") from the following logic: "shuffle_mem:U2|Mod0" File: C:/Users/2005B/OneDrive/Desktop/Courses/CPEN 311/Labs/Lab4/template_de1soc/RTL/shuffle_mem.sv Line: 102
Info (12130): Elaborated megafunction instantiation "shuffle_mem:U2|lpm_divide:Mod0" File: C:/Users/2005B/OneDrive/Desktop/Courses/CPEN 311/Labs/Lab4/template_de1soc/RTL/shuffle_mem.sv Line: 102
Info (12133): Instantiated megafunction "shuffle_mem:U2|lpm_divide:Mod0" with the following parameter: File: C:/Users/2005B/OneDrive/Desktop/Courses/CPEN 311/Labs/Lab4/template_de1soc/RTL/shuffle_mem.sv Line: 102
    Info (12134): Parameter "LPM_WIDTHN" = "8"
    Info (12134): Parameter "LPM_WIDTHD" = "2"
    Info (12134): Parameter "LPM_NREPRESENTATION" = "UNSIGNED"
    Info (12134): Parameter "LPM_DREPRESENTATION" = "UNSIGNED"
Info (12021): Found 1 design units, including 1 entities, in source file db/lpm_divide_62m.tdf
    Info (12023): Found entity 1: lpm_divide_62m File: C:/Users/2005B/OneDrive/Desktop/Courses/CPEN 311/Labs/Lab4/template_de1soc/db/lpm_divide_62m.tdf Line: 25
Info (12021): Found 1 design units, including 1 entities, in source file db/sign_div_unsign_9kh.tdf
    Info (12023): Found entity 1: sign_div_unsign_9kh File: C:/Users/2005B/OneDrive/Desktop/Courses/CPEN 311/Labs/Lab4/template_de1soc/db/sign_div_unsign_9kh.tdf Line: 25
Info (12021): Found 1 design units, including 1 entities, in source file db/alt_u_div_ose.tdf
    Info (12023): Found entity 1: alt_u_div_ose File: C:/Users/2005B/OneDrive/Desktop/Courses/CPEN 311/Labs/Lab4/template_de1soc/db/alt_u_div_ose.tdf Line: 23
Warning (13024): Output pins are stuck at VCC or GND
    Warning (13410): Pin "LEDR[3]" is stuck at GND File: C:/Users/2005B/OneDrive/Desktop/Courses/CPEN 311/Labs/Lab4/template_de1soc/ksa.sv Line: 5
    Warning (13410): Pin "LEDR[4]" is stuck at GND File: C:/Users/2005B/OneDrive/Desktop/Courses/CPEN 311/Labs/Lab4/template_de1soc/ksa.sv Line: 5
    Warning (13410): Pin "LEDR[5]" is stuck at GND File: C:/Users/2005B/OneDrive/Desktop/Courses/CPEN 311/Labs/Lab4/template_de1soc/ksa.sv Line: 5
    Warning (13410): Pin "LEDR[6]" is stuck at GND File: C:/Users/2005B/OneDrive/Desktop/Courses/CPEN 311/Labs/Lab4/template_de1soc/ksa.sv Line: 5
    Warning (13410): Pin "LEDR[7]" is stuck at GND File: C:/Users/2005B/OneDrive/Desktop/Courses/CPEN 311/Labs/Lab4/template_de1soc/ksa.sv Line: 5
    Warning (13410): Pin "LEDR[8]" is stuck at GND File: C:/Users/2005B/OneDrive/Desktop/Courses/CPEN 311/Labs/Lab4/template_de1soc/ksa.sv Line: 5
    Warning (13410): Pin "LEDR[9]" is stuck at GND File: C:/Users/2005B/OneDrive/Desktop/Courses/CPEN 311/Labs/Lab4/template_de1soc/ksa.sv Line: 5
    Warning (13410): Pin "HEX5[1]" is stuck at GND File: C:/Users/2005B/OneDrive/Desktop/Courses/CPEN 311/Labs/Lab4/template_de1soc/ksa.sv Line: 12
Info (286031): Timing-Driven Synthesis is running on partition "Top"
Info (16010): Generating hard_block partition "hard_block:auto_generated_inst"
    Info (16011): Adding 9 node(s), including 0 DDIO, 0 PLL, 0 transceiver and 0 LCELL
Warning (15752): Ignored 12 Virtual Pin logic option assignments
    Warning (15751): Ignored Virtual Pin assignment to "LCD_DATA[2]".
    Warning (15751): Ignored Virtual Pin assignment to "LCD_DATA[0]".
    Warning (15751): Ignored Virtual Pin assignment to "LCD_DATA[3]".
    Warning (15751): Ignored Virtual Pin assignment to "LCD_DATA[7]".
    Warning (15751): Ignored Virtual Pin assignment to "LCD_EN".
    Warning (15751): Ignored Virtual Pin assignment to "LCD_DATA[1]".
    Warning (15751): Ignored Virtual Pin assignment to "LCD_DATA[4]".
    Warning (15751): Ignored Virtual Pin assignment to "LCD_RS".
    Warning (15751): Ignored Virtual Pin assignment to "LCD_DATA[6]".
    Warning (15751): Ignored Virtual Pin assignment to "LCD_RW".
    Warning (15751): Ignored Virtual Pin assignment to "LCD_DATA[5]".
    Warning (15751): Ignored Virtual Pin assignment to "LCD_ON".
Warning (21074): Design contains 12 input pin(s) that do not drive logic
    Warning (15610): No output dependent on input pin "KEY[1]" File: C:/Users/2005B/OneDrive/Desktop/Courses/CPEN 311/Labs/Lab4/template_de1soc/ksa.sv Line: 3
    Warning (15610): No output dependent on input pin "KEY[2]" File: C:/Users/2005B/OneDrive/Desktop/Courses/CPEN 311/Labs/Lab4/template_de1soc/ksa.sv Line: 3
    Warning (15610): No output dependent on input pin "SW[0]" File: C:/Users/2005B/OneDrive/Desktop/Courses/CPEN 311/Labs/Lab4/template_de1soc/ksa.sv Line: 4
    Warning (15610): No output dependent on input pin "SW[1]" File: C:/Users/2005B/OneDrive/Desktop/Courses/CPEN 311/Labs/Lab4/template_de1soc/ksa.sv Line: 4
    Warning (15610): No output dependent on input pin "SW[2]" File: C:/Users/2005B/OneDrive/Desktop/Courses/CPEN 311/Labs/Lab4/template_de1soc/ksa.sv Line: 4
    Warning (15610): No output dependent on input pin "SW[3]" File: C:/Users/2005B/OneDrive/Desktop/Courses/CPEN 311/Labs/Lab4/template_de1soc/ksa.sv Line: 4
    Warning (15610): No output dependent on input pin "SW[4]" File: C:/Users/2005B/OneDrive/Desktop/Courses/CPEN 311/Labs/Lab4/template_de1soc/ksa.sv Line: 4
    Warning (15610): No output dependent on input pin "SW[5]" File: C:/Users/2005B/OneDrive/Desktop/Courses/CPEN 311/Labs/Lab4/template_de1soc/ksa.sv Line: 4
    Warning (15610): No output dependent on input pin "SW[6]" File: C:/Users/2005B/OneDrive/Desktop/Courses/CPEN 311/Labs/Lab4/template_de1soc/ksa.sv Line: 4
    Warning (15610): No output dependent on input pin "SW[7]" File: C:/Users/2005B/OneDrive/Desktop/Courses/CPEN 311/Labs/Lab4/template_de1soc/ksa.sv Line: 4
    Warning (15610): No output dependent on input pin "SW[8]" File: C:/Users/2005B/OneDrive/Desktop/Courses/CPEN 311/Labs/Lab4/template_de1soc/ksa.sv Line: 4
    Warning (15610): No output dependent on input pin "SW[9]" File: C:/Users/2005B/OneDrive/Desktop/Courses/CPEN 311/Labs/Lab4/template_de1soc/ksa.sv Line: 4
Info (21057): Implemented 864 device resources after synthesis - the final resource count might be different
    Info (21058): Implemented 18 input pins
    Info (21059): Implemented 53 output pins
    Info (21061): Implemented 768 logic cells
    Info (21064): Implemented 24 RAM segments
Info: Quartus Prime Analysis & Synthesis was successful. 0 errors, 51 warnings
    Info: Peak virtual memory: 4935 megabytes
    Info: Processing ended: Mon Aug 24 21:24:33 2026
    Info: Elapsed time: 00:00:16
    Info: Total CPU time (on all processors): 00:00:28


